customer_id,first_name,last_name,gender,birth_date,country
1001,Michael,Harris,Female,1996-11-21,UK
1002,Daniel,Lewis,Male,2003-07-13,Singapore
1003,Amelia,Lewis,Male,1980-09-19,Canada
1004,Joseph,Martin,Male,1996-10-04,Germany
1005,Sophia,Walker,Male,1972-09-06,France
1006,Joseph,King,Female,1973-05-16,Singapore
1007,Sophia,King,Male,1962-09-02,Brazil
1008,Matthew,Brown,Male,1966-08-08,France
1009,Daniel,Allen,Female,1977-05-04,Singapore
1010,David,Lewis,Male,2001-08-16,France
1011,Ava,King,Male,1989-04-24,Germany
1012,Joseph,Jackson,Male,1978-10-22,India
1013,Matthew,Brown,Male,1997-10-26,Canada
1014,Michael,Smith,Male,1961-04-23,UK
1015,Sophia,Hall,Female,1970-06-12,Singapore
1016,Matthew,Thomas,Female,1969-03-23,Germany
1017,Thomas,Wright,Female,1989-06-05,Australia
1018,Olivia,Young,Male,2002-10-29,UK
1019,Ella,Jackson,Female,1969-04-24,Canada
1020,David,Martin,Female,1996-02-16,Singapore
1021,Ella,Allen,Female,1990-06-11,Japan
1022,Harper,White,Female,1962-07-26,Germany
1023,Michael,Clark,Male,1970-03-21,Australia
1024,Mia,Scott,Male,1972-04-23,Germany
1025,David,Brown,Male,1982-07-25,Singapore
1026,Mia,Clark,Male,1998-05-03,Canada
1027,Emma,Lewis,Female,1990-01-05,India
1028,Ella,Thomas,Male,1967-06-14,UK
1029,Daniel,Clark,Female,1974-10-19,Brazil
1030,Joseph,Clark,Male,1984-08-03,Japan
1031,Joseph,Wright,Male,1972-07-25,USA
1032,Michael,Clark,Female,1994-02-12,India
1033,Michael,Harris,Male,1985-04-06,India
1034,Sophia,Taylor,Female,1964-02-21,Singapore
1035,John,Wilson,Male,1964-01-07,USA
1036,Thomas,Wright,Male,1964-06-28,Brazil
1037,Joseph,Lee,Male,1985-05-14,Japan
1038,Joseph,Scott,Female,1979-01-02,USA
1039,Thomas,Taylor,Male,1964-05-10,Brazil
1040,Mia,White,Female,1986-02-25,UK
1041,Mia,Allen,Female,1976-09-19,USA
1042,Sophia,Jackson,Male,1983-02-26,UK
1043,John,Martin,Female,1985-09-20,UK
1044,Matthew,Lewis,Female,1983-01-11,India
1045,Joseph,Jackson,Female,1984-01-15,Brazil
1046,Matthew,White,Male,1983-05-07,USA
1047,Harper,Lewis,Male,2002-06-04,France
1048,Matthew,Young,Male,1983-10-21,USA
1049,David,Hall,Female,1973-01-15,Singapore
1050,Emma,Young,Male,1987-07-06,Australia
1051,Mia,Clark,Female,1974-01-29,Brazil
1052,Joseph,Thomas,Male,1988-08-26,France
1053,Ella,Brown,Female,2000-05-27,Brazil
1054,Thomas,Wilson,Female,1976-07-30,Singapore
1055,Olivia,Hall,Female,1973-01-08,Singapore
1056,Mia,Hall,Female,1999-01-19,Brazil
1057,Emily,Wright,Female,1974-11-07,Canada
1058,Robert,Jackson,Female,1970-07-17,Canada
1059,Isabella,Harris,Female,1999-01-09,USA
1060,David,Anderson,Male,1999-04-01,Japan
1061,Michael,Clark,Female,1962-10-26,India
1062,Joseph,Scott,Male,1987-07-09,Australia
1063,David,Anderson,Female,1977-10-02,Australia
1064,Amelia,Hall,Male,1969-12-20,USA
1065,Thomas,Anderson,Male,1988-07-20,Singapore
1066,Emily,Harris,Female,1978-07-25,Brazil
1067,Isabella,Clark,Female,1982-07-16,Brazil
1068,Mia,White,Male,1991-11-02,France
1069,Michael,Lewis,Female,1987-05-23,Singapore
1070,Robert,Smith,Female,1964-11-13,Brazil
1071,Robert,Taylor,Male,1974-05-04,India
1072,Matthew,Scott,Female,1963-08-20,Japan
1073,John,Allen,Female,1978-09-25,Singapore
1074,Sophia,Scott,Male,2000-01-26,Germany
1075,Olivia,Allen,Female,1971-08-20,Brazil
1076,James,Taylor,Male,1977-05-17,Singapore
1077,Daniel,Clark,Male,1967-11-26,France
1078,Daniel,Wilson,Male,1971-09-14,France
1079,Sophia,White,Female,1976-05-31,Australia
1080,Ava,Harris,Female,1970-06-15,Japan
1081,Emily,Young,Male,1990-04-24,UK
1082,John,Smith,Male,1973-01-28,Canada
1083,Amelia,Thomas,Male,1976-01-13,Japan
1084,Joseph,White,Male,1983-09-11,Singapore
1085,Mia,Young,Male,1971-01-29,UK
1086,Daniel,Taylor,Female,1972-06-02,Australia
1087,Thomas,Jackson,Female,1980-06-16,Japan
1088,Matthew,Wright,Male,1964-05-01,UK
1089,Isabella,Wright,Female,1993-12-25,Singapore
1090,Joseph,Walker,Male,1962-01-08,Canada
1091,Thomas,King,Female,1961-01-13,Singapore
1092,Emily,Lee,Male,1996-03-03,USA
1093,Matthew,Lee,Female,1991-10-24,Canada
1094,Daniel,Lewis,Male,1977-11-17,India
1095,Amelia,Taylor,Male,1960-12-23,France
1096,William,Allen,Male,1987-10-24,France
1097,Isabella,Young,Female,1973-07-02,Japan
1098,Emma,Taylor,Male,1973-06-16,Brazil
1099,Thomas,Wilson,Female,1982-07-19,India
1100,Emily,Clark,Female,1992-05-06,India
1101,Sophia,Lee,Male,1972-08-22,Germany
1102,Sophia,Lee,Male,1984-08-24,Australia
1103,Amelia,Scott,Female,1995-03-17,Singapore
1104,John,Martin,Male,1986-08-16,Singapore
1105,Matthew,Allen,Female,1967-08-17,India
1106,Matthew,Brown,Female,1981-12-25,India
1107,Amelia,Brown,Female,1969-08-16,USA
1108,David,Scott,Female,2003-06-13,India
1109,William,Young,Female,1961-06-18,Canada
1110,Amelia,Wright,Female,1967-05-09,UK
1111,William,Young,Male,1992-03-03,France
1112,Thomas,Wilson,Male,2003-06-15,USA
1113,Daniel,Martin,Female,1973-05-12,Japan
1114,David,Lee,Male,1965-01-19,Australia
1115,Matthew,Jackson,Male,1991-09-24,USA
1116,Ella,Smith,Female,1981-01-05,USA
1117,Olivia,King,Female,1985-11-16,Australia
1118,Isabella,Martin,Male,1966-08-29,India
1119,Michael,Young,Male,1986-01-21,Canada
1120,Sophia,Wilson,Female,1997-02-11,Germany
1121,Harper,Lewis,Male,1986-05-11,Singapore
1122,James,Martin,Male,1983-06-27,India
1123,James,White,Male,2003-01-25,India
1124,Isabella,Smith,Female,1970-12-01,Japan
1125,Matthew,Taylor,Male,1997-03-07,Canada
1126,Isabella,Clark,Female,1983-07-30,Japan
1127,Ella,Thomas,Female,1981-12-10,Germany
1128,William,Wilson,Female,1965-06-09,India
1129,Michael,Walker,Male,1962-02-25,Australia
1130,Daniel,Brown,Male,1984-07-08,France
1131,Ella,White,Male,2000-06-14,Canada
1132,David,White,Male,2000-03-27,Germany
1133,John,Thomas,Male,1971-02-03,Japan
1134,Michael,Wilson,Female,1967-01-06,Brazil
1135,James,Wright,Male,2002-03-22,Canada
1136,Emily,Scott,Female,1997-07-25,Canada
1137,Amelia,Allen,Male,1972-04-19,Canada
1138,John,White,Female,1983-03-31,UK
1139,Emma,Hall,Female,1975-05-16,Japan
1140,Emily,Brown,Female,1997-09-29,India
1141,Isabella,Lee,Female,1975-01-03,Singapore
1142,David,Scott,Female,1976-11-26,Canada
1143,Thomas,Hall,Male,1995-05-18,France
1144,John,Walker,Male,1995-01-31,France
1145,James,Jackson,Female,1966-05-25,Brazil
1146,Emma,Allen,Female,1964-10-06,Canada
1147,Matthew,Martin,Female,1996-05-15,Germany
1148,Ava,Brown,Female,1970-12-13,Canada
1149,David,White,Female,1982-06-02,UK
1150,Daniel,Thomas,Female,1978-12-02,India
1151,Olivia,Wilson,Male,1990-04-03,USA
1152,Michael,Taylor,Male,1979-10-13,USA
1153,Mia,Walker,Male,2001-10-20,Singapore
1154,Sophia,Smith,Female,1962-03-02,France
1155,William,Wilson,Male,1987-01-20,France
1156,Isabella,King,Male,1988-10-25,India
1157,James,Wilson,Female,1976-02-10,Germany
1158,Emma,Wilson,Male,1993-07-27,Japan
1159,Olivia,Anderson,Female,1997-09-21,USA
1160,Emily,Brown,Male,2000-08-06,Australia
1161,Thomas,White,Male,1960-07-12,Germany
1162,Olivia,Thomas,Male,2000-07-17,UK
1163,Ava,Martin,Female,1998-07-03,Canada
1164,William,Hall,Female,1998-04-04,France
1165,John,Anderson,Female,1991-09-28,France
1166,Sophia,Wilson,Male,1965-01-25,Canada
1167,Harper,Lee,Female,1983-03-26,Singapore
1168,Ella,Anderson,Male,2001-06-01,UK
1169,Isabella,Hall,Female,1981-02-03,Japan
1170,Robert,Smith,Male,1981-02-14,Brazil
1171,Amelia,Lee,Female,1979-06-25,Canada
1172,Emily,Lee,Female,1981-01-21,UK
1173,Robert,Hall,Female,1969-09-07,UK
1174,William,Scott,Female,1963-01-25,Brazil
1175,David,Wright,Female,1970-07-25,Japan
1176,Daniel,Thomas,Male,1982-01-10,UK
1177,Michael,Wilson,Male,1974-11-11,Canada
1178,Emily,Hall,Male,1973-10-31,France
1179,Olivia,Jackson,Male,1977-03-05,France
1180,William,Clark,Male,1960-07-19,UK
1181,James,Wright,Male,1982-07-14,France
1182,Isabella,Smith,Female,1991-11-15,Canada
1183,Amelia,Wright,Female,1986-08-19,Australia
1184,Sophia,Scott,Male,1964-05-18,Brazil
1185,Sophia,Scott,Male,1993-04-17,France
1186,William,Wilson,Female,1999-02-24,Brazil
1187,Sophia,White,Male,1972-03-22,Brazil
1188,Michael,White,Male,1993-05-26,Germany
1189,Ella,Taylor,Female,1960-06-02,Brazil
1190,John,Anderson,Male,1964-12-17,Germany
1191,Ava,Wilson,Female,1967-06-11,Brazil
1192,Thomas,Anderson,Female,1964-05-28,Australia
1193,William,Hall,Female,1996-01-24,France
1194,Ella,Clark,Female,1970-07-15,Singapore
1195,Olivia,White,Female,1965-03-05,France
1196,Amelia,Clark,Female,1973-06-22,USA
1197,David,Martin,Female,1991-12-08,Australia
1198,Amelia,Hall,Male,1967-09-07,India
1199,Isabella,Wilson,Female,1967-02-08,UK
1200,Isabella,White,Female,1997-06-25,India
1201,Thomas,King,Female,1974-07-29,Singapore
1202,James,Jackson,Male,2002-05-19,India
1203,Sophia,King,Male,1989-07-27,France
1204,Sophia,Allen,Male,1995-04-22,Brazil
1205,Amelia,White,Male,1981-06-17,Germany
1206,Joseph,Lewis,Male,1983-01-08,India
1207,Harper,Taylor,Female,1985-12-10,Germany
1208,Sophia,Taylor,Male,1986-07-18,Japan
1209,Daniel,Lee,Male,1968-08-14,India
1210,Joseph,Thomas,Female,1960-03-10,USA
1211,James,Allen,Female,1967-12-09,USA
1212,Sophia,Hall,Female,1978-04-02,India
1213,Ella,White,Female,1967-11-21,Australia
1214,Emma,Taylor,Male,1994-12-07,Singapore
1215,Michael,Lewis,Male,1996-11-29,Canada
1216,Thomas,Brown,Female,1983-11-06,Canada
1217,Sophia,Anderson,Female,1967-06-04,Japan
1218,Matthew,Lewis,Male,1982-11-22,Germany
1219,Ella,Wilson,Female,1981-12-10,USA
1220,Daniel,White,Female,1994-05-09,Japan
1221,Thomas,Wilson,Female,1984-08-12,India
1222,Emily,Scott,Female,1995-09-24,Australia
1223,Joseph,Lewis,Female,1962-01-03,USA
1224,Ava,Taylor,Female,2000-11-18,France
1225,Daniel,Walker,Male,1994-08-29,Australia
1226,Emily,Martin,Male,2001-01-13,USA
1227,Emily,Brown,Female,1970-05-12,USA
1228,Joseph,Hall,Female,1978-04-07,Canada
1229,Emily,Brown,Female,1968-07-27,Canada
1230,Robert,Thomas,Female,1967-09-01,Brazil
1231,John,Thomas,Male,1962-02-15,Canada
1232,Ella,King,Female,1966-01-04,Germany
1233,Emma,Jackson,Female,1975-01-26,Germany
1234,Ella,Walker,Female,1999-03-18,Singapore
1235,Daniel,Lee,Male,1988-08-14,India
1236,Michael,Taylor,Female,1978-09-16,France
1237,Michael,Anderson,Male,1978-09-27,Australia
1238,Olivia,Brown,Male,1976-05-07,UK
1239,Olivia,Lee,Male,1963-07-11,Canada
1240,James,Harris,Female,1981-07-30,UK
1241,Isabella,Young,Male,1989-12-14,UK
1242,Isabella,Lee,Male,1999-03-17,Germany
1243,Olivia,Scott,Male,1985-01-05,Singapore
1244,Michael,Wright,Male,1961-01-23,USA
1245,Emma,Harris,Male,1960-12-17,Australia
1246,Isabella,Lewis,Male,1981-11-16,Japan
1247,Ava,Brown,Male,1981-05-02,Australia
1248,Joseph,King,Female,1976-03-08,Brazil
1249,Emily,Wright,Female,1986-10-28,Australia
1250,Joseph,Martin,Male,1974-07-27,UK
1251,Ava,Thomas,Male,1985-12-29,USA
1252,David,Thomas,Male,1968-07-29,UK
1253,Isabella,White,Male,1964-06-25,Germany
1254,Matthew,Harris,Male,1966-05-17,France
1255,Robert,Walker,Male,1964-12-07,Australia
1256,Isabella,Wright,Female,1981-09-17,Germany
1257,Daniel,Allen,Male,1971-04-19,USA
1258,Emma,Jackson,Male,1966-08-03,Singapore
1259,Michael,Taylor,Female,1989-07-21,UK
1260,Ava,Jackson,Male,1970-09-25,Japan
1261,Thomas,Jackson,Female,1975-04-11,Germany
1262,Ella,Hall,Male,1980-07-31,France
1263,Robert,Scott,Male,1993-10-03,France
1264,Matthew,Smith,Female,1976-12-25,Australia
1265,David,Scott,Male,1972-07-16,Canada
1266,Ava,Brown,Female,1968-01-09,India
1267,Michael,Wilson,Female,2000-07-05,Brazil
1268,William,King,Male,1998-02-27,Japan
1269,Matthew,Wright,Male,1978-02-16,Germany
1270,Isabella,Lewis,Male,1980-03-22,Germany
1271,Thomas,Wilson,Female,1977-02-04,Germany
1272,Joseph,Hall,Male,1990-05-24,Australia
1273,Michael,Martin,Female,1970-08-13,Brazil
1274,Sophia,Wright,Female,1969-06-03,India
1275,Matthew,Allen,Male,1990-12-25,Brazil
1276,Robert,Allen,Male,1989-06-12,Germany
1277,William,Jackson,Male,1990-07-26,Japan
1278,James,Smith,Male,1999-11-01,France
1279,Emily,Martin,Female,1992-10-13,France
1280,Harper,Wright,Male,1969-08-08,Singapore
1281,Harper,Young,Female,1966-02-25,Japan
1282,Emily,Lee,Female,1967-08-17,Japan
1283,Thomas,Lee,Male,1994-08-23,Germany
1284,Emma,Lee,Male,1969-04-20,Singapore
1285,David,Harris,Female,1963-01-09,Singapore
1286,Emma,Harris,Male,1977-12-11,UK
1287,Robert,Lewis,Male,1991-01-27,India
1288,Daniel,Anderson,Female,1979-08-12,France
1289,Isabella,Thomas,Male,2001-01-05,Australia
1290,Robert,Allen,Male,1989-10-31,UK
1291,William,Wright,Female,1960-06-16,USA
1292,John,Anderson,Male,1971-01-15,India
1293,Olivia,Scott,Female,1970-01-25,Japan
1294,James,Thomas,Male,1975-08-18,Germany
1295,Ella,Brown,Female,1979-08-29,Canada
1296,Matthew,Lewis,Male,1966-09-27,Germany
1297,Isabella,Smith,Female,1985-09-05,Australia
1298,Emily,King,Female,1983-10-17,Brazil
1299,William,Anderson,Female,1993-06-17,Singapore
1300,William,Jackson,Female,1991-07-17,France
1301,Daniel,Thomas,Male,1979-06-09,Brazil
1302,Daniel,White,Female,1979-11-17,Germany
1303,Ella,White,Female,1993-07-31,Japan
1304,Robert,Taylor,Female,1981-10-10,Brazil
1305,Michael,Young,Female,1970-02-07,Canada
1306,James,King,Female,1976-12-19,Canada
1307,Matthew,Taylor,Female,1989-11-22,Australia
1308,Daniel,Allen,Female,1993-07-28,Germany
1309,Joseph,Walker,Male,1973-10-09,Australia
1310,Emma,White,Female,1987-04-13,India
1311,Joseph,Clark,Female,1979-03-13,USA
1312,John,White,Female,1962-03-08,Australia
1313,Joseph,Wilson,Female,1994-07-06,UK
1314,Harper,Brown,Female,1983-03-09,USA
1315,Michael,Harris,Female,2003-05-20,UK
1316,Olivia,Taylor,Male,1990-04-05,Brazil
1317,Thomas,White,Male,1963-09-25,Australia
1318,Mia,Lee,Male,1984-12-12,Australia
1319,Ava,Walker,Female,1990-03-07,UK
1320,Harper,Scott,Female,1971-03-30,Brazil
1321,Olivia,Young,Female,1969-09-05,France
1322,Daniel,Walker,Male,1989-06-07,Germany
1323,Joseph,Scott,Male,1986-05-26,UK
1324,Amelia,White,Female,1984-11-13,Germany
1325,Michael,Allen,Male,1999-12-13,Brazil
1326,Harper,Wright,Female,1976-05-09,UK
1327,Amelia,Allen,Female,1969-06-29,Australia
1328,Michael,Thomas,Male,1977-10-20,Japan
1329,Matthew,King,Male,1983-09-24,Australia
1330,Emily,Young,Male,1988-08-21,UK
1331,Ella,Brown,Female,1970-11-28,France
1332,Mia,Lewis,Female,1985-10-26,UK
1333,Matthew,Wright,Male,1972-07-28,India
1334,Robert,Thomas,Female,1993-09-11,Japan
1335,John,Martin,Female,1991-01-11,Brazil
1336,Mia,Young,Female,1970-11-25,Japan
1337,Ella,Wright,Female,1972-05-31,USA
1338,Ava,Brown,Male,1995-12-10,Singapore
1339,Amelia,Lewis,Female,1982-08-17,France
1340,David,Allen,Female,1996-05-07,Canada
1341,Ella,Lee,Male,1995-11-14,Canada
1342,David,Martin,Female,1979-05-26,India
1343,Matthew,Scott,Male,1998-06-08,USA
1344,David,Lewis,Female,1992-11-16,Germany
1345,John,Brown,Female,1971-05-07,Brazil
1346,Ella,Taylor,Male,1989-06-12,Australia
1347,Robert,Scott,Male,1986-05-24,France
1348,Joseph,Lewis,Female,1965-12-20,Singapore
1349,Robert,Hall,Female,1975-04-11,Germany
1350,Joseph,Allen,Male,1997-01-10,Japan
1351,Robert,Young,Male,1984-07-16,India
1352,William,Hall,Male,1977-12-11,Singapore
1353,Emily,Jackson,Female,1979-11-28,Singapore
1354,David,Young,Male,1967-11-01,UK
1355,Olivia,Clark,Female,1984-04-15,India
1356,Joseph,Brown,Female,1972-09-21,USA
1357,Emma,Scott,Female,1981-02-21,UK
1358,Emma,Clark,Male,1993-03-23,Japan
1359,James,Jackson,Male,1970-10-08,Brazil
1360,Robert,Brown,Male,2000-03-26,Singapore
1361,Joseph,Clark,Female,1979-12-12,UK
1362,Thomas,Taylor,Female,1979-10-20,India
1363,Thomas,Smith,Male,1976-05-07,UK
1364,Joseph,White,Male,1963-02-14,Brazil
1365,Daniel,Hall,Female,1994-10-14,France
1366,Matthew,Wilson,Male,1988-07-20,Australia
1367,Joseph,Harris,Female,1990-06-24,Canada
1368,Harper,Scott,Female,1968-05-03,Singapore
1369,William,Martin,Male,1990-07-05,USA
1370,Michael,King,Male,1993-01-04,UK
1371,David,Lee,Male,1973-03-07,Brazil
1372,Robert,Thomas,Male,1963-03-10,Singapore
1373,Matthew,Brown,Male,1968-04-11,Japan
1374,Isabella,Hall,Female,1994-03-28,France
1375,Ella,Wilson,Male,1968-03-11,UK
1376,Thomas,Allen,Male,1966-08-18,India
1377,Emily,Clark,Male,1960-08-04,USA
1378,Robert,Young,Female,1982-06-07,India
1379,Robert,Harris,Female,1995-12-29,Singapore
1380,Ava,Wilson,Female,1987-08-13,USA
1381,John,Wilson,Male,1999-11-01,USA
1382,Ava,Walker,Female,1968-01-11,Japan
1383,Ava,Brown,Male,1967-02-03,Singapore
1384,Ava,Wilson,Male,1980-07-03,Singapore
1385,Daniel,Thomas,Male,1975-06-08,France
1386,Michael,Martin,Male,1992-11-17,Germany
1387,Robert,Wilson,Female,1995-09-21,Japan
1388,William,Smith,Female,1983-12-28,UK
1389,Emma,Wilson,Female,1964-08-22,Brazil
1390,Olivia,Jackson,Male,2003-02-20,Germany
1391,Emma,Anderson,Female,1989-12-03,UK
1392,Thomas,Wilson,Female,1976-05-18,Singapore
1393,Sophia,Hall,Female,1995-01-01,Japan
1394,Robert,White,Female,1984-02-26,USA
1395,Mia,Anderson,Female,1962-01-12,UK
1396,Harper,Lewis,Male,1993-12-08,UK
1397,David,Anderson,Male,1994-06-11,Japan
1398,David,Taylor,Male,1971-07-19,Canada
1399,Amelia,Anderson,Female,1970-01-08,Brazil
1400,Robert,Brown,Male,1967-07-07,Brazil
1401,Daniel,Hall,Female,1971-08-05,Singapore
1402,James,Martin,Male,2002-10-05,Australia
1403,Amelia,Anderson,Female,1996-12-20,Australia
1404,Sophia,Brown,Male,1983-11-03,Canada
1405,David,Wright,Male,1999-09-21,Brazil
1406,Olivia,Brown,Male,1962-06-09,Japan
1407,Robert,Hall,Female,1994-12-08,UK
1408,Michael,Lewis,Male,1969-02-02,France
1409,David,Walker,Male,1978-01-17,India
1410,Ava,Young,Female,1989-03-21,Singapore
1411,Olivia,Thomas,Female,1987-05-28,Japan
1412,Michael,Smith,Male,1968-06-13,Japan
1413,Emma,Wright,Male,1975-11-03,Germany
1414,Olivia,Lewis,Female,1993-01-14,Germany
1415,Joseph,Martin,Male,1992-10-20,Japan
1416,James,Martin,Male,1960-06-20,Singapore
1417,John,Hall,Male,1967-04-19,Japan
1418,Sophia,Wilson,Male,1978-06-14,Germany
1419,Amelia,King,Female,2003-05-31,Singapore
1420,Ella,Smith,Female,1991-03-07,India
1421,Robert,King,Female,1992-12-04,Singapore
1422,Ella,Anderson,Female,1982-04-16,France
1423,Ella,Harris,Male,1982-01-19,Australia
1424,Robert,Young,Male,1990-03-27,India
1425,Mia,King,Female,1977-04-23,UK
1426,David,Allen,Male,1961-04-14,Canada
1427,David,Young,Male,1973-09-19,Brazil
1428,Emily,Taylor,Female,1996-01-06,Japan
1429,William,White,Female,1986-02-21,Germany
1430,Emma,Lee,Female,1978-05-21,Germany
1431,Olivia,Wright,Female,1962-02-14,India
1432,Ava,Scott,Female,1961-06-30,Japan
1433,Ella,Clark,Female,1987-09-10,France
1434,Joseph,Jackson,Male,1992-07-11,UK
1435,John,Smith,Female,1980-05-26,Singapore
1436,Olivia,Scott,Male,1982-02-01,Australia
1437,Olivia,King,Female,1987-07-08,Canada
1438,Emma,Harris,Male,1972-09-15,Australia
1439,Amelia,Anderson,Female,1961-07-20,USA
1440,Isabella,White,Male,1960-02-11,Brazil
1441,Isabella,Wright,Male,2001-01-21,USA
1442,William,Young,Female,1999-04-28,Japan
1443,Joseph,Lewis,Female,1967-02-15,Australia
1444,Mia,Hall,Female,1986-02-02,France
1445,Robert,Anderson,Male,1969-11-16,Singapore
1446,Amelia,Allen,Female,2003-02-17,Germany
1447,Emma,Clark,Male,1999-12-23,UK
1448,Olivia,King,Female,1975-06-01,USA
1449,Ella,Walker,Female,1967-01-23,Germany
1450,Michael,Allen,Female,1999-10-17,USA
1451,John,Wright,Male,1987-12-07,India
1452,Emily,Scott,Male,2002-03-19,Canada
1453,Michael,Scott,Male,2002-04-16,Japan
1454,Emily,Wilson,Male,1995-07-26,USA
1455,Harper,Jackson,Male,1992-02-24,USA
1456,Mia,Brown,Female,1988-01-25,France
1457,Matthew,Clark,Female,2000-09-03,UK
1458,Joseph,Brown,Male,1962-08-01,USA
1459,Thomas,Clark,Female,1980-12-19,France
1460,Sophia,Walker,Male,1985-05-07,Brazil
1461,Ella,Wright,Male,1961-05-04,UK
1462,Isabella,Taylor,Female,1997-12-18,Japan
1463,Amelia,Wright,Male,1987-08-15,India
1464,Joseph,Clark,Female,1975-12-10,Canada
1465,Thomas,Lee,Male,2002-05-14,Germany
1466,Harper,Harris,Female,1972-09-22,USA
1467,Ava,Lewis,Female,1984-02-09,India
1468,Robert,Walker,Male,1965-01-31,USA
1469,Daniel,Taylor,Female,1972-07-26,India
1470,Robert,Allen,Male,1986-05-26,Canada
1471,Harper,Allen,Female,1971-03-14,France
1472,Olivia,Allen,Female,1964-05-31,Canada
1473,Olivia,Wright,Male,2000-11-22,Australia
1474,Ella,Jackson,Female,1976-07-22,Germany
1475,Joseph,Wilson,Female,1997-07-09,Australia
1476,Robert,Jackson,Male,1994-12-04,Singapore
1477,John,Young,Male,2001-12-05,Singapore
1478,Mia,White,Male,1998-04-25,UK
1479,Harper,Anderson,Male,1966-11-13,Australia
1480,Joseph,Young,Male,1989-03-27,Australia
1481,Ella,Lee,Male,1997-10-14,UK
1482,James,Clark,Male,1977-09-02,Singapore
1483,Joseph,Thomas,Female,1964-03-26,Brazil
1484,Sophia,Harris,Female,1996-10-02,UK
1485,Ava,Martin,Male,1984-01-20,Canada
1486,Michael,Walker,Female,1965-11-20,Japan
1487,Ella,Clark,Male,1975-08-15,India
1488,Isabella,Wright,Female,1996-07-19,Singapore
1489,Olivia,Jackson,Female,2000-11-06,UK
1490,Matthew,Lewis,Male,1992-08-09,Singapore
1491,Emma,Allen,Female,1993-12-22,France
1492,Joseph,Taylor,Female,1990-01-23,Germany
1493,John,Lewis,Female,1995-05-22,France
1494,Amelia,Wilson,Male,1977-08-04,Singapore
1495,Amelia,Harris,Female,1975-08-19,Japan
1496,Joseph,Walker,Female,1979-03-30,USA
1497,Emily,Wilson,Male,1977-12-29,Japan
1498,Harper,Hall,Female,1976-04-18,Singapore
1499,Michael,Wilson,Male,1977-03-19,Singapore
1500,Matthew,Allen,Male,1991-06-30,Singapore
1501,Emma,Hall,Male,1971-09-28,France
1502,John,Smith,Female,1983-11-24,Brazil
1503,Daniel,Clark,Male,1968-12-21,Brazil
1504,Olivia,Lewis,Female,1996-11-28,Australia
1505,David,Jackson,Female,1980-05-24,UK
1506,Isabella,Walker,Male,1965-09-25,Australia
1507,Olivia,Thomas,Male,1968-12-27,Germany
1508,Michael,King,Female,1967-07-10,India
1509,Ella,White,Female,1973-10-19,India
1510,Emily,King,Female,1993-01-21,UK
1511,Sophia,Young,Female,2000-11-29,Germany
1512,David,Brown,Male,1964-04-09,Japan
1513,Emma,Anderson,Female,1993-10-22,Germany
1514,Ava,King,Male,1997-10-01,Singapore
1515,Joseph,Taylor,Female,2001-04-09,Brazil
1516,James,Thomas,Male,2000-04-23,Australia
1517,Robert,Allen,Male,1962-10-14,France
1518,Michael,Walker,Male,1978-03-11,Brazil
1519,John,King,Male,1988-02-11,France
1520,Amelia,Clark,Female,1980-07-11,Canada
1521,Daniel,Smith,Female,1986-08-22,Germany
1522,Ella,Young,Female,1990-08-30,Germany
1523,James,King,Female,1978-11-08,USA
1524,Emily,Anderson,Female,2000-03-27,Germany
1525,Matthew,Clark,Male,1996-08-25,Germany
1526,Matthew,Lee,Male,1967-03-24,Canada
1527,Ella,White,Male,1983-10-02,Australia
1528,Olivia,Taylor,Male,1966-08-19,France
1529,Ella,Wilson,Male,1994-05-13,Brazil
1530,James,Scott,Male,1997-10-07,Brazil
1531,Olivia,Anderson,Female,1985-02-07,Australia
1532,Emily,Taylor,Female,2003-07-06,Brazil
1533,Isabella,Scott,Female,1977-11-16,Germany
1534,Harper,Clark,Male,1987-07-26,India
1535,Emma,Scott,Female,1992-01-02,Australia
1536,David,Scott,Male,1965-11-26,Canada
1537,Mia,Allen,Male,1992-12-12,Singapore
1538,Michael,Lewis,Male,1996-07-24,Canada
1539,James,Smith,Female,1970-09-23,Canada
1540,Emma,Hall,Male,1977-11-02,India
1541,Joseph,Brown,Male,1966-03-07,UK
1542,Michael,Wright,Male,1968-03-04,Singapore
1543,Olivia,Taylor,Male,1979-06-13,Japan
1544,Emma,Lee,Male,1980-04-05,Germany
1545,Harper,Taylor,Male,1991-10-16,Canada
1546,Daniel,Smith,Male,1992-09-15,Brazil
1547,Thomas,Wright,Female,1964-12-09,Australia
1548,Michael,Jackson,Female,2003-01-15,Canada
1549,Daniel,Thomas,Male,1976-04-25,India
1550,Olivia,Lewis,Male,1994-07-09,Brazil
1551,William,Clark,Female,1997-07-24,France
1552,Joseph,Walker,Female,1972-04-01,UK
1553,Matthew,Brown,Female,1961-08-06,UK
1554,Ella,Clark,Female,1965-02-22,Australia
1555,Ella,Walker,Male,1997-06-08,Brazil
1556,Matthew,Wilson,Female,1983-05-08,India
1557,Sophia,Harris,Female,1986-06-25,France
1558,William,Brown,Male,1998-08-26,India
1559,John,Smith,Male,1965-12-04,Singapore
1560,James,Hall,Male,1971-03-13,Singapore
1561,Amelia,Anderson,Male,1990-02-17,USA
1562,Sophia,Wright,Male,2001-01-30,Brazil
1563,David,Jackson,Male,1975-12-13,Brazil
1564,Ella,Smith,Male,1997-02-13,USA
1565,Ella,Hall,Male,1977-06-22,UK
1566,Ava,Anderson,Female,1979-06-02,India
1567,Emma,Wright,Male,1961-10-28,Singapore
1568,Mia,King,Male,1971-10-25,Australia
1569,Olivia,Smith,Male,1998-09-04,Japan
1570,Isabella,Anderson,Female,2000-09-02,Japan
1571,Matthew,Allen,Male,1982-03-13,Germany
1572,Ava,Scott,Female,1977-01-23,Singapore
1573,Ella,Brown,Female,1986-02-27,Singapore
1574,John,Young,Female,1983-02-10,India
1575,Harper,Walker,Male,1992-11-05,USA
1576,John,Scott,Female,1970-03-13,Germany
1577,Ava,Anderson,Male,1961-07-24,UK
1578,Emma,Young,Female,1993-10-09,France
1579,Michael,Lewis,Male,1961-08-08,Germany
1580,David,Young,Female,1972-04-13,UK
1581,James,Wright,Male,1973-08-27,USA
1582,Isabella,Clark,Female,1967-01-31,India
1583,Joseph,Allen,Female,1979-07-16,USA
1584,Harper,Taylor,Female,1986-11-12,Japan
1585,William,Wright,Female,1999-07-14,USA
1586,Michael,Lewis,Male,1986-07-30,Singapore
1587,Joseph,Hall,Male,1973-03-06,UK
1588,Thomas,Clark,Female,1980-12-07,India
1589,Ava,Wright,Female,1977-03-06,Canada
1590,James,Lewis,Female,1973-12-15,Singapore
1591,Emma,Smith,Female,1976-11-18,Australia
1592,Ella,King,Female,1998-12-11,France
1593,Olivia,Wright,Male,1961-07-22,India
1594,Ava,Lee,Female,1991-03-04,USA
1595,Emma,Thomas,Female,1964-01-27,Germany
1596,Ava,Smith,Male,1971-03-18,Singapore
1597,Matthew,Brown,Female,1988-05-28,UK
1598,David,Brown,Male,2003-07-15,France
1599,Michael,Young,Female,1976-08-08,Japan
1600,Sophia,King,Female,1964-07-02,Germany
1601,Emma,Lewis,Female,1968-12-27,USA
1602,John,Taylor,Female,1984-04-10,Canada
1603,Sophia,Brown,Male,1997-08-26,India
1604,David,Wilson,Male,2001-09-12,Australia
1605,Daniel,Thomas,Female,1977-07-07,UK
1606,Matthew,Walker,Female,1989-10-20,France
1607,James,Thomas,Male,1996-05-20,UK
1608,William,Jackson,Male,1998-12-09,UK
1609,Emma,Taylor,Female,1990-04-15,Singapore
1610,John,Clark,Female,1963-10-15,Germany
1611,Mia,Wright,Female,2001-10-21,Japan
1612,Ella,Lee,Male,1961-12-01,Singapore
1613,Ava,White,Male,1989-06-08,Brazil
1614,John,Anderson,Female,1967-08-06,USA
1615,David,Smith,Male,2001-01-25,Australia
1616,Emily,Scott,Female,2001-01-02,USA
1617,Thomas,Anderson,Female,1985-07-15,USA
1618,Olivia,Lewis,Female,1983-02-26,Singapore
1619,Isabella,Anderson,Female,2003-10-01,Germany
1620,Daniel,Smith,Male,1973-09-03,Australia
1621,John,Thomas,Male,1987-05-16,Singapore
1622,William,Walker,Female,1985-02-06,Australia
1623,Ella,Brown,Male,1978-09-23,Canada
1624,Emily,Taylor,Female,2002-08-13,Canada
1625,Joseph,Lewis,Female,1971-10-09,France
1626,Emma,Clark,Male,1980-09-25,Singapore
1627,Harper,Lewis,Male,2002-02-20,Japan
1628,John,Clark,Male,1988-08-12,France
1629,Daniel,Brown,Female,1984-05-05,USA
1630,Thomas,Wilson,Female,1966-12-07,UK
1631,Emily,Jackson,Male,2003-08-29,UK
1632,William,Martin,Female,1980-01-28,USA
1633,Robert,Brown,Female,1981-02-28,India
1634,Michael,Thomas,Female,1969-11-20,India
1635,Ava,Jackson,Female,1985-09-26,Brazil
1636,Ava,Wilson,Male,1981-04-23,USA
1637,Robert,Lee,Male,1983-06-24,Brazil
1638,David,Harris,Male,1965-07-14,Australia
1639,William,Thomas,Female,1984-09-29,Australia
1640,Sophia,Wright,Male,1976-12-01,France
1641,James,Wilson,Female,1982-02-06,Australia
1642,Emma,Lee,Female,2000-06-24,India
1643,Harper,Clark,Female,1965-04-29,Singapore
1644,James,Brown,Male,1991-09-02,Japan
1645,Ava,Allen,Male,1975-11-25,Germany
1646,Harper,Anderson,Female,1963-07-25,UK
1647,Daniel,Wilson,Male,1974-07-01,Brazil
1648,David,Smith,Male,1965-06-07,Germany
1649,Olivia,Young,Male,1979-01-25,India
1650,Isabella,Wilson,Male,1992-03-24,France
1651,Amelia,Martin,Female,1971-01-13,Australia
1652,Amelia,Thomas,Male,1974-07-07,UK
1653,Harper,Jackson,Female,1991-07-27,Japan
1654,Ava,Young,Female,1970-03-16,UK
1655,Thomas,Martin,Male,1994-06-03,Germany
1656,Mia,Martin,Female,1976-05-21,France
1657,Harper,Anderson,Female,1985-01-21,Brazil
1658,Daniel,Lee,Male,1984-01-14,India
1659,Thomas,Thomas,Male,1972-05-15,USA
1660,Ella,Thomas,Female,1990-04-21,Singapore
1661,Thomas,Smith,Male,1965-08-01,India
1662,Daniel,Anderson,Male,1974-09-15,Brazil
1663,William,Hall,Female,1966-03-09,Canada
1664,Joseph,Clark,Male,1981-12-26,Singapore
1665,Emily,Martin,Male,1982-03-06,Brazil
1666,Mia,Scott,Female,1972-06-19,India
1667,Michael,Young,Male,1967-05-21,Australia
1668,Amelia,Brown,Male,2001-10-06,France
1669,Thomas,Anderson,Male,1973-11-27,France
1670,William,Allen,Male,1983-09-10,India
1671,Olivia,Smith,Female,1999-05-28,Japan
1672,Matthew,Jackson,Female,2000-10-19,France
1673,David,White,Male,2000-01-06,UK
1674,Amelia,Walker,Female,1994-12-14,France
1675,Olivia,Wilson,Female,1994-10-08,Australia
1676,William,White,Male,1999-11-05,Brazil
1677,James,Anderson,Male,1975-04-24,France
1678,Michael,Martin,Female,1990-02-07,UK
1679,James,Lewis,Female,1989-04-01,France
1680,Amelia,Jackson,Female,1966-08-21,India
1681,David,Hall,Male,1988-06-12,Germany
1682,Ava,Martin,Male,1964-12-17,Japan
1683,John,Walker,Male,1974-05-21,India
1684,Sophia,Lewis,Female,1960-04-27,USA
1685,David,Walker,Male,1969-08-03,Singapore
1686,Amelia,Thomas,Male,1968-12-06,USA
1687,Joseph,Anderson,Male,1984-10-30,Japan
1688,William,Lewis,Male,1990-08-20,Germany
1689,Emma,Walker,Female,1971-07-26,UK
1690,James,Hall,Male,2002-10-04,Canada
1691,Emily,White,Female,1963-08-02,India
1692,Harper,King,Female,1997-12-03,France
1693,Mia,Hall,Male,1994-02-07,India
1694,Joseph,Jackson,Female,2002-11-11,Canada
1695,James,King,Female,1986-11-06,Canada
1696,David,Young,Female,2001-11-29,France
1697,Ava,Thomas,Male,1978-04-25,Singapore
1698,Ava,Clark,Female,1996-06-13,Canada
1699,Sophia,White,Female,1979-04-21,Brazil
1700,Amelia,Lee,Female,1990-09-03,Germany
1701,John,Taylor,Male,1967-08-30,Canada
1702,Isabella,Lee,Female,1975-07-29,France
1703,Sophia,Allen,Female,1996-07-01,USA
1704,Michael,Allen,Female,1994-09-14,Australia
1705,James,Walker,Female,1996-04-04,USA
1706,Ava,Smith,Female,1960-10-01,India
1707,Ava,Brown,Female,1990-07-04,India
1708,William,Taylor,Female,1986-09-27,France
1709,Joseph,Wilson,Female,2001-01-25,Germany
1710,William,Young,Female,1978-12-23,Canada
1711,Daniel,Martin,Female,1960-07-14,Canada
1712,Ella,Anderson,Male,1985-11-29,UK
1713,Daniel,Harris,Male,1974-04-30,USA
1714,Matthew,King,Female,1989-12-20,Germany
1715,Ava,King,Female,1983-01-07,UK
1716,Joseph,Young,Female,1999-11-18,Canada
1717,Emily,Lee,Female,1984-07-29,USA
1718,Mia,Wright,Male,1991-06-21,Germany
1719,Harper,Lee,Female,2003-05-01,Singapore
1720,Thomas,Young,Female,1976-05-03,India
1721,Mia,Taylor,Male,1961-04-11,USA
1722,Harper,Wilson,Male,1962-09-25,Japan
1723,Emily,Martin,Female,1999-06-24,Canada
1724,Ella,Lee,Female,1982-01-31,Japan
1725,Mia,Taylor,Male,1981-12-27,UK
1726,Michael,Taylor,Female,2003-09-14,Germany
1727,James,Clark,Male,1985-04-03,Japan
1728,Thomas,Scott,Female,1963-01-18,Brazil
1729,Mia,Harris,Male,1988-11-30,USA
1730,Emily,Jackson,Male,1996-06-03,India
1731,Amelia,Wright,Male,1983-08-10,India
1732,Harper,Thomas,Male,1994-04-04,USA
1733,Thomas,Walker,Male,1985-09-08,France
1734,David,Jackson,Female,2003-05-18,Brazil
1735,Isabella,Allen,Male,1984-05-09,Japan
1736,John,Martin,Male,1970-11-27,Germany
1737,Joseph,Young,Female,1966-05-11,Japan
1738,Emily,Wright,Male,1996-05-10,Singapore
1739,Emma,Young,Male,1973-08-18,France
1740,John,Wright,Male,1989-12-22,Australia
1741,Daniel,White,Male,1975-02-11,Brazil
1742,Isabella,Scott,Male,1973-01-14,Brazil
1743,Joseph,Hall,Female,1993-11-30,France
1744,Ava,Clark,Male,1984-12-12,India
1745,Michael,White,Male,1995-10-23,Australia
1746,Robert,Hall,Female,1964-03-09,USA
1747,Isabella,Jackson,Female,1999-07-06,USA
1748,Daniel,Lewis,Female,1967-04-19,France
1749,Harper,King,Female,1963-05-23,Canada
1750,Daniel,White,Female,1992-01-24,Canada
1751,James,White,Male,1990-08-05,UK
1752,Joseph,Taylor,Female,1987-10-25,UK
1753,Olivia,Wilson,Male,1961-07-11,UK
1754,Joseph,Wright,Male,1999-08-11,France
1755,Mia,Thomas,Male,1976-06-25,Singapore
1756,Robert,Lewis,Female,1997-12-29,Japan
1757,Olivia,King,Female,1964-06-13,USA
1758,Ella,Wright,Male,1965-05-08,Germany
1759,William,Brown,Female,1988-01-31,Australia
1760,Ava,Walker,Male,1989-12-29,Germany
1761,Mia,Young,Female,1963-04-10,Canada
1762,Ella,Wilson,Female,1975-12-24,UK
1763,Thomas,Clark,Female,1991-01-24,USA
1764,Emma,Clark,Female,1981-02-09,India
1765,Matthew,Harris,Male,1975-08-04,Australia
1766,Mia,Young,Female,1967-10-07,Japan
1767,Olivia,Jackson,Female,1994-07-31,Brazil
1768,Thomas,Walker,Male,1960-01-17,Singapore
1769,Emma,Clark,Female,1964-01-14,Germany
1770,Mia,Wilson,Female,1966-09-04,Australia
1771,Emily,Wright,Female,1969-08-10,France
1772,Robert,Smith,Female,1979-02-25,UK
1773,Isabella,Wilson,Female,1999-02-02,India
1774,Matthew,Brown,Male,1978-09-27,France
1775,Emily,Wilson,Male,1990-03-24,France
1776,Joseph,Martin,Female,1977-09-15,Canada
1777,Isabella,Walker,Female,1994-05-01,Japan
1778,Amelia,Anderson,Female,1989-09-14,Germany
1779,Mia,Lewis,Male,1996-06-07,Brazil
1780,Thomas,Martin,Male,1968-07-24,UK
1781,William,Lewis,Female,1979-09-07,USA
1782,John,Jackson,Male,1972-01-15,Brazil
1783,Sophia,Allen,Female,1962-04-06,Australia
1784,Emma,White,Female,1966-01-12,Singapore
1785,John,Walker,Female,1981-07-02,Australia
1786,Mia,Anderson,Male,1994-03-05,India
1787,Matthew,Allen,Female,1969-12-30,Singapore
1788,Michael,Jackson,Female,1960-07-14,France
1789,Harper,King,Female,1975-03-20,India
1790,Thomas,Brown,Male,1965-09-28,Australia
1791,Emily,Clark,Male,1981-04-06,Australia
1792,John,Wright,Female,1961-10-30,UK
1793,Emily,Allen,Female,1981-08-03,Singapore
1794,David,Brown,Female,1991-03-05,France
1795,Ella,Smith,Female,1974-10-07,Brazil
1796,Isabella,Clark,Female,1977-04-18,Brazil
1797,Ella,Young,Male,1981-11-05,Japan
1798,Emma,Taylor,Male,2000-08-01,India
1799,John,Walker,Female,1972-04-27,Singapore
1800,James,Martin,Female,1962-09-29,Japan
1801,Emma,King,Male,1965-12-09,India
1802,Olivia,Taylor,Female,1984-12-17,Germany
1803,James,Young,Female,1979-05-11,Singapore
1804,Olivia,King,Male,1970-11-15,USA
1805,William,Lewis,Male,1986-07-14,India
1806,Ella,Brown,Male,1984-05-26,Canada
1807,Joseph,Brown,Male,1962-10-28,France
1808,Mia,Clark,Female,1977-10-23,India
1809,James,Taylor,Female,1980-09-25,USA
1810,Ava,Thomas,Male,1989-10-06,India
1811,Harper,Young,Male,1990-12-07,Australia
1812,William,Walker,Female,1970-11-17,Canada
1813,Matthew,Allen,Female,1965-01-13,Brazil
1814,Thomas,Brown,Male,1974-08-10,Canada
1815,Olivia,Smith,Male,1983-10-24,UK
1816,Mia,Lewis,Male,1990-04-05,India
1817,Sophia,White,Male,1989-02-10,Australia
1818,Amelia,Jackson,Female,1972-04-23,USA
1819,Emma,Martin,Male,1978-05-09,Brazil
1820,Daniel,Allen,Male,1961-03-02,Australia
1821,Joseph,Jackson,Female,1989-12-17,Brazil
1822,Thomas,King,Female,1980-02-04,Germany
1823,Sophia,Scott,Male,1988-12-21,Canada
1824,William,Smith,Male,1961-02-14,Canada
1825,Isabella,Brown,Male,1976-10-09,Germany
1826,James,Walker,Male,1996-04-28,Germany
1827,James,Walker,Male,1990-05-14,USA
1828,Mia,Anderson,Female,1986-02-14,Germany
1829,Olivia,Harris,Male,1988-12-04,Brazil
1830,David,Jackson,Male,1993-09-29,Canada
1831,Emma,Allen,Male,1979-06-09,Australia
1832,Daniel,Hall,Female,1964-11-26,Canada
1833,Amelia,Thomas,Female,1988-09-26,USA
1834,Daniel,Walker,Female,1989-01-04,Germany
1835,Amelia,Anderson,Female,1968-10-04,Canada
1836,Ava,Anderson,Female,1995-04-14,France
1837,Olivia,Hall,Female,1966-05-11,Singapore
1838,Ava,Allen,Male,1969-07-16,Japan
1839,Matthew,Jackson,Female,1963-11-23,USA
1840,Matthew,Wright,Male,1967-09-07,Germany
1841,Harper,Clark,Female,1974-11-28,USA
1842,Ella,Thomas,Male,1975-06-12,France
1843,Harper,Wright,Female,1978-02-09,Brazil
1844,John,Clark,Female,1987-08-29,Canada
1845,Daniel,Taylor,Male,1980-02-27,India
1846,Robert,Allen,Female,1988-01-04,UK
1847,Ava,Smith,Female,2000-09-13,Singapore
1848,Harper,Martin,Male,1985-07-03,UK
1849,Mia,Wright,Male,1989-04-18,Canada
1850,Harper,White,Male,1986-02-16,Brazil
1851,Joseph,White,Female,1965-10-16,India
1852,James,Lewis,Male,1969-11-21,USA
1853,Thomas,Thomas,Male,1993-11-26,India
1854,Joseph,Hall,Female,1988-09-03,Brazil
1855,Olivia,Taylor,Female,1983-03-27,Germany
1856,Michael,Wright,Female,1975-04-04,UK
1857,Joseph,Clark,Male,1974-07-19,Singapore
1858,Isabella,Taylor,Male,1976-02-25,Germany
1859,Sophia,Harris,Female,1978-06-18,Brazil
1860,John,Thomas,Male,1987-06-29,Canada
1861,Emma,White,Male,1986-10-15,USA
1862,Emily,Allen,Female,1981-03-17,UK
1863,Olivia,King,Female,1987-02-12,Germany
1864,James,Walker,Male,1987-02-09,Canada
1865,Harper,King,Male,1960-10-18,Canada
1866,Daniel,Walker,Male,1983-02-07,Germany
1867,Michael,Thomas,Female,1990-06-09,France
1868,Olivia,Martin,Female,1978-04-02,Germany
1869,David,White,Male,1983-09-25,USA
1870,John,Wright,Female,1987-02-17,Canada
1871,Thomas,Thomas,Male,1982-03-07,Australia
1872,Amelia,White,Male,1982-06-13,UK
1873,Olivia,Wright,Male,1977-05-02,Germany
1874,Thomas,Thomas,Female,1987-01-05,France
1875,John,Walker,Male,1963-04-14,USA
1876,Robert,Taylor,Male,2000-10-30,France
1877,Emma,Clark,Male,1979-03-09,India
1878,Thomas,Smith,Female,1980-11-04,Brazil
1879,William,Scott,Male,1968-08-22,Germany
1880,Emma,Jackson,Male,1965-08-16,Brazil
1881,Joseph,Wright,Female,1966-05-20,India
1882,Harper,Jackson,Male,1976-06-25,India
1883,Emily,Brown,Male,2001-02-21,USA
1884,William,Hall,Male,2000-04-08,Singapore
1885,Sophia,Lewis,Female,1981-01-22,USA
1886,William,Harris,Female,1975-05-31,Canada
1887,Michael,Martin,Female,2003-06-12,Canada
1888,William,White,Female,1987-10-18,UK
1889,Mia,Anderson,Female,1999-07-16,Brazil
1890,Mia,Anderson,Male,1963-11-15,Germany
1891,Emily,Allen,Male,1975-03-21,Japan
1892,William,Lewis,Female,1987-01-22,Singapore
1893,Thomas,Clark,Female,1971-11-23,Australia
1894,Emma,Jackson,Female,1972-09-09,Germany
1895,John,Wilson,Male,1971-06-18,UK
1896,Amelia,Taylor,Female,1961-11-10,Canada
1897,Michael,Wilson,Male,1989-12-11,Canada
1898,Matthew,Anderson,Female,1974-08-17,India
1899,Isabella,Scott,Male,2001-11-16,India
1900,Sophia,Taylor,Male,1994-04-03,Japan
1901,Ella,Jackson,Male,2003-06-09,USA
1902,Robert,Walker,Male,1967-03-01,Australia
1903,Daniel,Wright,Male,1986-11-07,Brazil
1904,Isabella,Lee,Female,1981-09-05,Brazil
1905,Emily,Wright,Female,1985-09-03,Japan
1906,Olivia,Jackson,Male,1961-07-28,Canada
1907,Ella,Lee,Male,1992-04-27,USA
1908,Emma,Scott,Female,1987-03-26,France
1909,James,King,Female,1997-09-14,Singapore
1910,Amelia,Allen,Male,1991-02-02,UK
1911,Michael,Jackson,Female,1985-02-01,USA
1912,James,Lee,Female,2001-03-24,Australia
1913,James,Jackson,Male,1991-01-21,Australia
1914,Michael,Wright,Female,1982-04-18,USA
1915,Sophia,White,Male,1972-05-13,France
1916,Isabella,King,Female,1982-11-20,Canada
1917,Emma,Anderson,Male,1975-09-22,Brazil
1918,David,Clark,Female,1967-05-14,Brazil
1919,Thomas,White,Female,1991-07-04,Canada
1920,Robert,Jackson,Male,1963-06-10,Japan
1921,Harper,Wright,Male,1970-11-15,USA
1922,Harper,Harris,Female,1968-12-09,Singapore
1923,David,Hall,Male,1968-09-25,India
1924,James,Allen,Female,1970-12-20,India
1925,Emma,Wright,Female,2001-08-28,Germany
1926,Emily,Hall,Male,1980-08-18,Germany
1927,Isabella,Allen,Female,1982-06-13,UK
1928,Sophia,White,Female,1984-09-29,Germany
1929,Michael,King,Female,1972-03-31,Canada
1930,James,King,Male,1994-10-21,India
1931,Emily,Lewis,Male,2003-03-15,Germany
1932,Olivia,Harris,Male,1971-12-23,Japan
1933,Olivia,King,Female,1986-05-11,Singapore
1934,Isabella,Young,Male,1960-01-28,Canada
1935,Matthew,Lee,Female,1961-01-01,Germany
1936,Robert,Harris,Male,1979-12-07,Brazil
1937,Amelia,Brown,Male,1989-06-06,Germany
1938,Mia,Smith,Male,1985-05-28,Singapore
1939,Emma,Smith,Female,1982-03-14,UK
1940,Emma,Wright,Female,1961-05-26,Japan
1941,Isabella,Scott,Female,1990-04-14,Canada
1942,Emily,Smith,Male,2003-05-02,USA
1943,Joseph,Thomas,Male,1993-06-30,USA
1944,Amelia,Scott,Female,1988-03-01,Japan
1945,Harper,Clark,Male,1986-03-20,USA
1946,James,Wilson,Female,1967-11-13,UK
1947,Amelia,Jackson,Male,1969-09-21,France
1948,James,Martin,Male,1994-02-19,Japan
1949,Amelia,Lee,Male,1982-05-07,Germany
1950,Joseph,King,Male,1999-08-09,Germany
1951,Matthew,Anderson,Male,2002-09-11,France
1952,Emily,Taylor,Female,1975-06-10,Australia
1953,Ava,Smith,Male,1980-06-16,Singapore
1954,Thomas,Taylor,Female,1966-09-20,France
1955,Amelia,King,Female,1962-06-26,Singapore
1956,Ava,Walker,Female,1986-08-21,Australia
1957,Emma,Harris,Male,1963-05-16,India
1958,Emily,King,Male,1986-12-17,USA
1959,Emma,Thomas,Male,1995-12-22,Germany
1960,John,Thomas,Female,1982-09-16,USA
1961,Mia,Martin,Male,1967-11-27,Singapore
1962,Ella,Brown,Female,2003-05-07,Germany
1963,Ella,Allen,Male,1975-08-21,UK
1964,Ella,Thomas,Male,1978-05-26,USA
1965,Olivia,Brown,Female,1991-12-04,Japan
1966,Sophia,Brown,Male,1987-01-06,Germany
1967,Michael,Jackson,Female,1970-05-27,Australia
1968,James,Thomas,Female,1989-09-01,Australia
1969,Olivia,Thomas,Male,1996-12-19,Germany
1970,Thomas,Smith,Female,1964-08-30,Japan
1971,Ella,Allen,Female,2000-02-16,Australia
1972,Emily,Clark,Female,1967-11-13,India
1973,John,Smith,Male,1962-12-19,Japan
1974,Harper,Wilson,Female,1966-09-29,India
1975,John,Hall,Female,1969-03-02,Brazil
1976,Harper,King,Female,1995-10-03,Germany
1977,Robert,Wright,Female,1998-11-15,USA
1978,Robert,Walker,Male,1965-04-23,Singapore
1979,Ava,Thomas,Male,1985-10-24,France
1980,Isabella,Allen,Female,1965-03-12,Germany
1981,Daniel,Walker,Male,1989-06-05,Japan
1982,Emily,Lewis,Female,1987-12-08,Australia
1983,Daniel,Jackson,Female,1992-08-25,Brazil
1984,David,White,Male,1972-09-13,Australia
1985,William,Brown,Female,1983-09-18,India
1986,Michael,Lewis,Female,1984-08-16,Australia
1987,Daniel,Jackson,Female,1991-08-01,Singapore
1988,David,King,Female,1963-12-29,Canada
1989,Joseph,Hall,Male,1970-01-07,France
1990,Harper,Young,Female,1965-03-16,Singapore
1991,Emma,Thomas,Female,1999-11-04,UK
1992,David,Young,Female,1965-04-18,Singapore
1993,Mia,Young,Male,1960-03-15,Australia
1994,Harper,Clark,Male,1961-06-26,Australia
1995,Mia,Allen,Female,1967-06-01,Japan
1996,Thomas,Scott,Male,1964-03-18,Germany
1997,Olivia,Clark,Male,1991-05-23,France
1998,Ella,Scott,Female,1967-02-25,Japan
1999,Sophia,Wilson,Female,1973-05-26,Germany
2000,Amelia,Wilson,Female,1986-03-31,Singapore
2001,Sophia,Smith,Female,1990-04-27,Singapore
2002,Harper,Smith,Male,1978-11-23,Australia
2003,Mia,Allen,Female,1965-11-19,USA
2004,Sophia,Jackson,Female,1990-09-23,Brazil
2005,Amelia,Jackson,Female,1960-06-01,Canada
2006,Ava,Jackson,Female,1993-11-03,Singapore
2007,David,Scott,Male,1967-01-26,Australia
2008,David,Walker,Male,1984-02-20,Singapore
2009,William,Walker,Female,1960-12-06,France
2010,Joseph,Martin,Male,1993-02-01,Singapore
2011,Mia,Martin,Female,1972-11-13,Germany
2012,James,Clark,Female,1976-12-28,Australia
2013,Isabella,Smith,Female,1992-03-23,Brazil
2014,Robert,Clark,Male,1976-08-04,Australia
2015,Sophia,Walker,Female,1989-05-13,France
2016,Joseph,Martin,Female,1988-02-25,UK
2017,Harper,Scott,Male,1979-11-14,USA
2018,Matthew,Wright,Male,2000-05-13,UK
2019,William,Lewis,Female,1996-08-23,Canada
2020,Sophia,Brown,Female,1976-04-12,Australia
2021,Emma,Young,Female,1976-05-02,Canada
2022,Olivia,Wilson,Male,1998-10-12,Australia
2023,Thomas,White,Female,1975-05-13,Japan
2024,Ava,Lewis,Female,1987-01-12,France
2025,Ella,White,Female,2003-02-04,France
2026,Emily,Wilson,Female,1971-05-05,Japan
2027,David,Anderson,Male,1976-05-05,Australia
2028,Daniel,King,Female,1972-06-08,India
2029,Joseph,King,Female,1994-04-21,Germany
2030,Ella,Walker,Female,1981-02-28,Japan
2031,James,Harris,Female,1980-03-31,Brazil
2032,Thomas,Thomas,Female,1975-11-14,India
2033,Daniel,Harris,Male,1995-09-01,Japan
2034,Sophia,Martin,Male,1997-06-14,Singapore
2035,Emily,Walker,Female,1960-05-29,Canada
2036,Emily,Clark,Female,1982-08-29,France
2037,Ava,Taylor,Male,1973-11-07,Singapore
2038,Isabella,Wilson,Male,1973-11-21,Germany
2039,Thomas,Lee,Male,1990-01-16,Canada
2040,Michael,Brown,Male,2002-02-14,Singapore
2041,Daniel,Lee,Female,1975-11-19,Australia
2042,James,Lewis,Female,1961-10-13,UK
2043,Robert,Scott,Male,1991-02-25,Canada
2044,Ava,Lewis,Female,1978-02-11,UK
2045,Robert,White,Male,1969-01-03,Canada
2046,Emily,Thomas,Male,1988-06-09,France
2047,Emily,Thomas,Male,1988-03-15,India
2048,Michael,Wilson,Female,1974-05-13,UK
2049,Harper,Brown,Male,1977-03-11,France
2050,Olivia,Brown,Female,1981-05-14,France
2051,Thomas,Hall,Female,2001-04-23,USA
2052,Emma,Martin,Male,1997-03-06,France
2053,Harper,Lee,Female,1965-06-25,France
2054,Michael,Martin,Female,1978-05-09,Singapore
2055,Sophia,Anderson,Female,2000-12-02,Japan
2056,Emily,Taylor,Male,2000-06-23,France
2057,Mia,Young,Male,1969-06-01,UK
2058,Thomas,Brown,Male,1970-07-15,Germany
2059,Olivia,Jackson,Male,1973-11-23,France
2060,Isabella,White,Male,1993-05-26,UK
2061,Daniel,Lewis,Male,1970-05-30,Germany
2062,Olivia,King,Female,2000-02-12,Germany
2063,Sophia,Martin,Male,1991-10-26,Brazil
2064,James,Wilson,Male,1964-10-02,USA
2065,Amelia,White,Female,1970-04-09,Singapore
2066,Harper,Jackson,Male,1996-10-05,Japan
2067,Matthew,Taylor,Male,1993-11-24,Brazil
2068,Emma,Thomas,Male,1996-11-07,Brazil
2069,Emma,Young,Male,1975-05-05,Canada
2070,Sophia,Lewis,Male,1975-03-06,Brazil
2071,Harper,King,Male,1998-03-01,Brazil
2072,Daniel,Walker,Male,1989-05-20,Japan
2073,Mia,Walker,Male,1992-04-06,France
2074,James,Martin,Male,1960-12-05,Singapore
2075,Harper,Harris,Male,1998-05-13,France
2076,Olivia,Wright,Male,1960-01-17,Germany
2077,Joseph,Jackson,Male,1982-10-22,India
2078,John,Hall,Female,1996-07-01,UK
2079,Mia,Lee,Male,1990-09-10,Brazil
2080,Harper,Taylor,Male,1975-06-01,India
2081,Amelia,White,Male,1995-06-11,USA
2082,William,Taylor,Female,1969-04-08,USA
2083,Mia,Martin,Female,1977-10-23,UK
2084,Robert,Young,Male,1996-01-07,Germany
2085,Joseph,White,Male,2002-03-14,Canada
2086,David,Wright,Female,1990-11-22,UK
2087,Isabella,Lee,Female,1973-12-20,UK
2088,Joseph,Lee,Male,1985-12-31,India
2089,Harper,Allen,Male,1971-03-17,Germany
2090,Emily,Wilson,Male,1968-08-30,Brazil
2091,Olivia,Thomas,Female,1966-11-19,France
2092,Olivia,Allen,Female,1991-06-04,Germany
2093,James,King,Female,1998-10-03,Brazil
2094,Ava,Lewis,Male,1981-12-25,USA
2095,William,King,Female,1971-06-17,Brazil
2096,David,Walker,Female,1985-05-27,Canada
2097,Sophia,King,Female,1971-04-22,France
2098,Harper,Anderson,Male,1968-04-26,France
2099,Emily,Smith,Female,1986-03-15,Australia
2100,Joseph,Scott,Male,1968-11-10,Singapore
2101,Thomas,Brown,Female,1980-12-06,Brazil
2102,James,Lee,Male,1999-06-26,Brazil
2103,Olivia,Brown,Male,1974-03-28,Canada
2104,Michael,Brown,Male,2001-09-29,Australia
2105,Olivia,Wilson,Female,1971-12-23,USA
2106,Robert,Walker,Female,1988-06-18,France
2107,Isabella,Wilson,Male,1984-05-22,Japan
2108,Olivia,Wright,Female,1998-07-15,Canada
2109,Ava,Jackson,Female,1962-06-21,India
2110,Emily,Smith,Male,1979-02-19,Canada
2111,James,Lewis,Male,1993-02-25,Brazil
2112,Harper,Scott,Female,1982-09-28,UK
2113,James,Harris,Female,1992-04-22,UK
2114,Robert,Lee,Female,1962-09-23,UK
2115,Amelia,Taylor,Male,1966-07-23,UK
2116,William,Young,Male,1967-11-13,Canada
2117,Daniel,Wilson,Male,1966-07-14,Germany
2118,Joseph,Wilson,Female,1999-08-08,Canada
2119,David,King,Male,1992-01-31,Australia
2120,John,Wilson,Male,1974-11-21,Japan
2121,Matthew,Martin,Male,1969-04-08,France
2122,David,Wright,Female,1971-07-31,Singapore
2123,Ava,Anderson,Female,1960-11-10,Singapore
2124,Harper,King,Female,1975-10-12,USA
2125,Amelia,Martin,Female,2000-02-20,USA
2126,Ella,Taylor,Male,1987-07-19,France
2127,Michael,Walker,Male,1977-08-11,USA
2128,Olivia,Wilson,Male,1960-01-25,Singapore
2129,Emily,Brown,Female,2000-08-16,Germany
2130,Olivia,Smith,Female,1961-06-29,Australia
2131,David,Wright,Male,1988-11-09,Germany
2132,Ava,Wilson,Male,2003-10-03,Singapore
2133,Amelia,Anderson,Female,1990-07-23,USA
2134,Ella,Harris,Male,1986-11-12,Canada
2135,William,Lee,Male,1994-02-15,Singapore
2136,Joseph,Hall,Male,1981-03-13,Singapore
2137,Daniel,Wilson,Male,1984-07-24,Canada
2138,James,Thomas,Female,1994-07-05,Australia
2139,Robert,Martin,Female,1995-03-02,France
2140,Emily,White,Female,1960-10-27,France
2141,Emma,Jackson,Female,1965-02-21,France
2142,Amelia,Anderson,Male,1997-07-15,Brazil
2143,William,Walker,Female,1980-10-11,Singapore
2144,James,Thomas,Female,1980-06-24,France
2145,David,Martin,Female,1973-09-07,UK
2146,Emily,Taylor,Female,1993-11-10,Canada
2147,Isabella,Scott,Male,1998-05-24,Germany
2148,William,Scott,Female,1975-11-24,USA
2149,David,Wright,Male,1973-11-10,India
2150,David,Jackson,Female,1960-03-27,Australia
2151,Robert,Anderson,Female,1970-07-02,Japan
2152,James,Wilson,Male,1999-05-13,Brazil
2153,Ella,King,Male,1986-07-17,Australia
2154,William,Wright,Female,1989-12-22,UK
2155,Harper,White,Female,1994-07-09,Japan
2156,Thomas,White,Female,2001-03-25,USA
2157,Ella,Thomas,Male,1993-12-16,Brazil
2158,Sophia,Clark,Male,1998-01-24,USA
2159,Joseph,Wright,Male,1991-07-31,Australia
2160,Daniel,Thomas,Male,1982-11-14,France
2161,William,Wilson,Female,1960-10-19,Singapore
2162,Mia,Clark,Female,1996-12-16,Brazil
2163,Daniel,King,Male,1968-09-02,Germany
2164,Emma,Lee,Female,1963-04-16,India
2165,Thomas,Wright,Male,1997-05-30,USA
2166,James,White,Male,1984-12-10,USA
2167,William,Harris,Female,1962-02-26,Singapore
2168,Joseph,Harris,Female,1961-12-31,Germany
2169,William,Wright,Female,1973-02-12,Japan
2170,Emma,Taylor,Male,1991-05-02,India
2171,Amelia,Taylor,Male,1991-10-28,Singapore
2172,Joseph,King,Female,1970-02-16,UK
2173,Emma,Wright,Female,1992-07-16,India
2174,Michael,Walker,Male,1988-04-16,Canada
2175,Robert,Taylor,Male,1981-12-20,USA
2176,Harper,Scott,Male,1988-12-29,Germany
2177,Olivia,Wright,Female,1988-03-27,Canada
2178,Sophia,Lewis,Female,1992-12-05,Australia
2179,Daniel,Hall,Male,1993-06-29,India
2180,William,White,Female,1968-01-09,Japan
2181,William,Hall,Female,1971-12-01,Australia
2182,Isabella,Lewis,Female,1978-07-16,Germany
2183,Matthew,Walker,Female,1985-11-22,Brazil
2184,Michael,Smith,Female,1965-09-14,India
2185,Robert,Jackson,Male,1972-06-21,Germany
2186,William,Smith,Female,1960-03-30,Singapore
2187,William,Thomas,Male,1981-08-11,France
2188,Sophia,Harris,Male,1983-03-05,India
2189,Harper,Lewis,Male,1991-02-22,USA
2190,Michael,Wilson,Female,1960-09-10,Australia
2191,Thomas,Clark,Female,1976-03-27,Canada
2192,Sophia,Wright,Male,1991-01-10,France
2193,Robert,Brown,Female,1960-12-01,Singapore
2194,William,Harris,Male,1967-02-26,India
2195,John,Walker,Male,1987-12-18,Japan
2196,Matthew,King,Female,1981-08-22,France
2197,David,Wright,Female,1988-06-24,Germany
2198,Amelia,Brown,Female,1960-03-11,Japan
2199,Joseph,Young,Male,1984-01-12,India
2200,John,Thomas,Male,1980-11-28,Singapore
2201,Harper,Allen,Male,1987-05-24,Germany
2202,Emma,Thomas,Female,1961-07-31,Singapore
2203,Robert,Taylor,Male,1974-07-15,Canada
2204,Harper,Clark,Female,1960-07-26,USA
2205,Robert,Lee,Female,1968-11-10,India
2206,Matthew,Thomas,Female,1985-06-22,Canada
2207,Michael,Jackson,Male,1979-02-26,Australia
2208,Sophia,Lewis,Female,1990-03-02,Germany
2209,David,Brown,Male,1970-04-08,France
2210,Daniel,Hall,Female,1967-06-28,Germany
2211,Amelia,Smith,Female,2002-06-05,Canada
2212,Amelia,Scott,Female,2003-01-02,Japan
2213,Harper,Taylor,Female,2000-06-11,Germany
2214,David,Jackson,Female,1961-02-18,Germany
2215,Amelia,Smith,Female,1985-03-09,Canada
2216,Joseph,Thomas,Male,2000-01-29,Canada
2217,Michael,Walker,Male,1998-05-15,Singapore
2218,Joseph,Wilson,Female,1962-03-17,France
2219,David,Allen,Female,1992-12-13,France
2220,Emily,Clark,Female,1979-04-02,France
2221,Sophia,Wilson,Male,1983-06-16,Germany
2222,Sophia,Jackson,Male,1964-02-26,UK
2223,Daniel,Walker,Male,1971-10-29,Germany
2224,Matthew,Wilson,Female,1989-11-03,Brazil
2225,Emma,Jackson,Male,2003-04-02,Australia
2226,David,Smith,Male,1960-08-19,UK
2227,Michael,White,Female,1985-07-23,Brazil
2228,Ava,Anderson,Female,1971-12-27,Japan
2229,Matthew,Wilson,Female,1981-03-23,France
2230,Mia,King,Male,1981-02-18,Germany
2231,Ella,Anderson,Female,1965-10-03,France
2232,John,Scott,Female,1986-11-13,France
2233,Harper,Taylor,Female,1968-08-28,France
2234,Ella,Walker,Female,1977-12-26,India
2235,William,Walker,Female,2001-05-19,Singapore
2236,Daniel,Wilson,Female,1960-05-28,India
2237,Mia,Anderson,Male,1971-03-15,UK
2238,Daniel,Hall,Female,2000-06-29,Singapore
2239,Emily,Walker,Male,1976-09-01,India
2240,James,Brown,Female,1974-11-05,India
2241,Ava,Allen,Male,1987-12-19,UK
2242,Thomas,White,Male,1975-03-06,Japan
2243,James,White,Female,1986-04-28,France
2244,Thomas,Walker,Male,1998-01-22,UK
2245,Amelia,White,Female,2003-04-24,India
2246,Thomas,Smith,Female,1984-08-04,Canada
2247,Thomas,Harris,Male,1999-04-12,Singapore
2248,Olivia,Lewis,Male,1962-04-04,UK
2249,Isabella,Thomas,Female,1960-12-10,India
2250,David,Lee,Female,1973-01-13,UK
2251,Joseph,Martin,Male,1994-11-21,USA
2252,Emma,Scott,Male,1981-02-27,Australia
2253,Isabella,Lewis,Female,1972-01-13,Germany
2254,Ava,Martin,Male,1985-05-30,India
2255,Sophia,Wilson,Male,1979-11-01,Japan
2256,Michael,Young,Male,1978-09-19,USA
2257,James,Martin,Female,1982-04-05,Australia
2258,Robert,Allen,Female,1989-02-14,Brazil
2259,Matthew,Wright,Female,1968-03-22,UK
2260,Ava,Clark,Male,1964-04-02,Brazil
2261,John,Thomas,Male,1962-10-16,USA
2262,Thomas,Walker,Female,1992-04-05,Japan
2263,Daniel,White,Female,1998-12-01,France
2264,Robert,Walker,Male,1969-04-09,UK
2265,Amelia,Wright,Female,1979-03-29,UK
2266,Olivia,White,Female,1965-04-28,Australia
2267,Matthew,Hall,Male,1967-01-18,India
2268,Emily,Wright,Male,1965-01-26,Canada
2269,Amelia,Allen,Female,1984-01-27,Singapore
2270,Thomas,Hall,Male,1972-01-04,Singapore
2271,Joseph,White,Male,1979-07-21,UK
2272,Michael,Anderson,Male,2001-07-17,Germany
2273,James,Harris,Female,2000-09-23,Canada
2274,Robert,Brown,Female,1971-05-03,UK
2275,Olivia,Young,Male,1999-07-09,Brazil
2276,Ava,Allen,Female,1996-06-27,Germany
2277,William,Lee,Male,1987-02-02,Canada
2278,William,Jackson,Female,1992-02-15,Germany
2279,Joseph,Harris,Male,1996-04-12,USA
2280,Michael,Lee,Female,1994-12-02,Canada
2281,Matthew,Jackson,Female,1966-02-13,Singapore
2282,David,Brown,Female,1977-01-27,Brazil
2283,David,Smith,Male,1973-04-21,Canada
2284,John,Lewis,Male,1998-08-12,France
2285,James,Brown,Female,1960-12-06,UK
2286,David,Wilson,Male,1969-07-23,Germany
2287,Matthew,Thomas,Female,1966-01-05,Canada
2288,Olivia,Smith,Female,1961-02-21,USA
2289,Emma,Wright,Female,2000-03-31,France
2290,William,Smith,Male,1971-09-08,USA
2291,David,Scott,Male,1962-06-06,USA
2292,Michael,Walker,Male,1994-06-15,India
2293,Thomas,Wilson,Male,1993-03-22,Canada
2294,Matthew,Allen,Male,1990-08-02,Japan
2295,Olivia,White,Female,1989-10-12,USA
2296,Emily,Scott,Female,1976-01-01,India
2297,Robert,Smith,Female,1985-01-27,Germany
2298,Robert,White,Female,1987-12-29,USA
2299,Isabella,Brown,Male,1970-07-23,Canada
2300,Matthew,Martin,Female,1967-12-27,Japan
2301,Sophia,Martin,Female,1960-03-11,Germany
2302,John,Brown,Male,1986-07-03,USA
2303,William,Smith,Male,1965-10-02,Canada
2304,Sophia,Martin,Male,1967-02-20,India
2305,David,Clark,Female,1985-10-02,Australia
2306,John,Wilson,Female,1996-09-01,India
2307,William,Martin,Male,1961-12-24,USA
2308,James,Scott,Male,1984-05-09,USA
2309,Ella,Smith,Male,1981-11-13,Japan
2310,Olivia,Anderson,Female,1991-11-17,Australia
2311,Joseph,Lee,Male,1980-04-13,Australia
2312,John,Wilson,Male,1996-03-17,Japan
2313,James,King,Female,1971-09-28,France
2314,Robert,Allen,Male,1989-03-20,India
2315,Robert,Martin,Male,1972-02-11,USA
2316,David,Smith,Female,1971-08-26,France
2317,Harper,Young,Female,1994-11-10,Brazil
2318,Thomas,Lewis,Female,1966-12-22,India
2319,David,Lee,Female,1996-04-04,Canada
2320,Emma,Wright,Female,1973-10-27,Canada
2321,Emily,Smith,Female,1967-03-06,Germany
2322,Mia,Clark,Male,1971-07-07,France
2323,Olivia,Hall,Male,1971-02-10,Brazil
2324,Matthew,White,Female,1996-09-17,Japan
2325,Ella,Hall,Female,2003-08-15,Brazil
2326,Joseph,Wilson,Female,1988-09-26,Canada
2327,Joseph,Martin,Male,1998-04-04,Japan
2328,Matthew,Anderson,Female,1991-06-29,Brazil
2329,Harper,Harris,Male,1986-09-26,Canada
2330,Joseph,Jackson,Female,1985-08-30,Australia
2331,Matthew,Martin,Female,1999-05-08,Canada
2332,John,Taylor,Female,1980-12-14,Australia
2333,Emma,Jackson,Male,1997-12-15,Japan
2334,Ava,Scott,Female,1992-01-25,Brazil
2335,Daniel,Thomas,Male,1965-03-30,Japan
2336,David,Taylor,Female,1981-05-25,Brazil
2337,Ava,Scott,Male,2001-03-25,Canada
2338,Mia,Harris,Male,1973-11-10,Singapore
2339,Matthew,King,Female,1974-06-03,Canada
2340,Ella,Clark,Female,2000-10-27,Japan
2341,Emma,Thomas,Female,1976-09-01,UK
2342,Thomas,White,Male,1972-06-26,France
2343,Matthew,Wright,Female,2002-10-25,UK
2344,John,Anderson,Female,1985-09-28,USA
2345,Ava,Allen,Female,1975-04-25,UK
2346,Sophia,King,Female,1993-01-21,Germany
2347,Daniel,Walker,Female,1980-02-24,Japan
2348,Michael,Hall,Male,1976-03-28,Canada
2349,Joseph,Lewis,Female,1968-02-29,Germany
2350,Michael,King,Male,1986-08-14,France
2351,Isabella,Lee,Male,1990-07-17,Germany
2352,Michael,Lewis,Male,1983-05-17,Brazil
2353,David,Smith,Female,2001-10-22,Canada
2354,Thomas,Clark,Female,1968-05-31,Singapore
2355,Thomas,Jackson,Female,1965-08-19,Germany
2356,Ella,Young,Female,1988-08-21,Germany
2357,James,Martin,Male,1963-02-15,Singapore
2358,Michael,Lee,Female,1963-08-01,India
2359,Michael,Brown,Female,1970-08-27,Japan
2360,David,Walker,Male,1972-08-26,UK
2361,Ava,Taylor,Male,2003-03-31,Singapore
2362,John,Walker,Male,1967-01-16,Japan
2363,Daniel,Allen,Male,2000-04-25,India
2364,Matthew,Jackson,Male,1967-11-22,India
2365,Sophia,Young,Female,2000-11-29,Germany
2366,Daniel,Walker,Female,1978-09-03,India
2367,Ella,Walker,Male,1984-03-10,Australia
2368,Ava,Lewis,Male,1970-12-14,Japan
2369,Ava,Walker,Male,1968-01-12,India
2370,Ava,Jackson,Male,1985-01-14,UK
2371,Mia,Smith,Female,1993-06-02,France
2372,Ava,White,Female,1962-12-30,Germany
2373,Matthew,Lewis,Male,1970-08-05,Australia
2374,Sophia,Allen,Male,2002-09-01,India
2375,Ella,King,Female,1987-03-13,Brazil
2376,William,Young,Male,1978-11-01,Germany
2377,Daniel,King,Female,1974-03-29,Australia
2378,Mia,Lewis,Male,1961-03-14,USA
2379,Michael,Brown,Female,1990-09-25,Brazil
2380,Ella,White,Female,2002-03-05,USA
2381,Ava,Jackson,Female,1989-12-06,Brazil
2382,Emma,Clark,Female,1963-02-13,Germany
2383,Matthew,Lee,Female,1983-12-26,UK
2384,Ava,Thomas,Male,1985-07-22,Brazil
2385,David,Scott,Male,1987-11-22,Canada
2386,David,Wilson,Female,1970-08-09,Germany
2387,Emily,Anderson,Male,1960-02-28,Germany
2388,James,Lee,Female,1968-01-21,Singapore
2389,Thomas,Anderson,Male,1968-12-14,Japan
2390,David,Anderson,Female,1979-09-15,India
2391,Joseph,Scott,Male,1971-01-27,Japan
2392,Joseph,Young,Female,1973-07-29,Singapore
2393,Daniel,Lewis,Female,1964-03-13,Germany
2394,Isabella,Hall,Female,1974-08-30,France
2395,Mia,Hall,Female,2000-09-26,Canada
2396,Daniel,Harris,Female,1990-06-13,USA
2397,John,Lewis,Male,1978-05-18,Germany
2398,Matthew,Walker,Male,1988-03-02,Australia
2399,John,Anderson,Male,1993-09-18,India
2400,Joseph,Wilson,Female,1991-05-27,Brazil
2401,Emily,Walker,Female,1973-06-18,India
2402,Sophia,Martin,Female,1972-06-05,Canada
2403,Harper,Taylor,Male,1971-07-07,France
2404,Ava,Brown,Male,2002-10-01,Germany
2405,Emma,Allen,Male,1975-08-17,USA
2406,Ava,White,Female,2003-06-16,Brazil
2407,Mia,Hall,Male,1961-05-06,Brazil
2408,William,Anderson,Female,1981-12-24,India
2409,Ava,White,Female,1962-03-11,Germany
2410,Matthew,Harris,Female,1971-05-11,USA
2411,Joseph,King,Female,1995-05-15,USA
2412,Emma,Wilson,Female,1989-05-11,Germany
2413,Harper,Wilson,Female,1968-11-08,France
2414,Amelia,Allen,Male,1981-10-14,Japan
2415,Olivia,Hall,Male,1964-10-10,Germany
2416,Ava,Martin,Female,1982-01-26,USA
2417,Isabella,Taylor,Female,1975-06-28,France
2418,David,Wilson,Female,1969-05-27,Germany
2419,Harper,Young,Male,1998-04-12,Canada
2420,Matthew,Wilson,Female,1994-08-23,France
2421,Amelia,King,Male,1982-03-18,Germany
2422,Emma,Young,Female,1976-01-08,Germany
2423,Olivia,Jackson,Male,1973-07-08,Canada
2424,Sophia,Harris,Male,1965-03-29,Australia
2425,David,Harris,Male,1991-03-22,India
2426,Ella,Anderson,Male,1964-02-12,Japan
2427,William,Scott,Female,1986-02-05,Germany
2428,Robert,Young,Male,1964-12-04,France
2429,David,Thomas,Male,1968-02-08,Canada
2430,John,Young,Male,1997-04-02,India
2431,Emily,Jackson,Female,1977-02-11,France
2432,Robert,Smith,Female,1988-04-08,France
2433,Olivia,Smith,Female,1995-10-23,Germany
2434,Harper,Smith,Female,1978-08-31,Japan
2435,Emma,Thomas,Female,2003-03-08,Japan
2436,John,Lewis,Male,1987-01-15,Australia
2437,John,Anderson,Female,1986-01-15,Canada
2438,Harper,Clark,Male,1998-10-05,UK
2439,Ella,Young,Male,1981-01-28,India
2440,Matthew,Jackson,Male,2001-06-18,USA
2441,Ava,Martin,Male,1998-12-03,India
2442,Ava,Taylor,Male,1964-07-06,Australia
2443,John,Jackson,Female,1980-11-06,Germany
2444,Joseph,Allen,Male,1964-04-16,Canada
2445,Matthew,Lee,Female,1996-04-11,France
2446,Matthew,Wilson,Female,1971-07-01,Japan
2447,James,Taylor,Female,1981-06-27,Germany
2448,Olivia,White,Female,1984-11-01,UK
2449,Matthew,Brown,Male,1961-01-18,India
2450,Mia,Smith,Male,1964-03-27,Japan
2451,Olivia,Scott,Female,1977-11-06,Germany
2452,Matthew,Thomas,Male,1992-12-04,UK
2453,Amelia,White,Male,1978-07-31,Singapore
2454,Ella,Jackson,Male,1971-06-21,USA
2455,James,Walker,Male,1978-08-15,Brazil
2456,Joseph,Taylor,Male,1999-10-06,Australia
2457,Robert,Allen,Female,1970-08-12,Germany
2458,Ella,Harris,Male,1986-07-19,India
2459,David,Thomas,Male,1998-12-25,France
2460,Ava,Jackson,Male,2003-01-09,Australia
2461,Harper,White,Male,1971-01-09,USA
2462,Isabella,Clark,Female,1989-12-19,Singapore
2463,Joseph,Martin,Male,2000-08-21,Brazil
2464,Ava,King,Female,2001-05-13,Brazil
2465,Matthew,Walker,Female,2003-08-05,Australia
2466,Mia,Harris,Female,1974-09-14,Brazil
2467,Thomas,Harris,Female,1996-06-20,France
2468,John,Scott,Male,1995-05-31,India
2469,Ella,Clark,Female,1997-10-25,Japan
2470,Robert,Anderson,Female,1989-06-20,Australia
2471,Robert,Anderson,Male,1998-10-07,USA
2472,Emily,Scott,Female,1976-05-05,USA
2473,Michael,Jackson,Female,1965-07-17,India
2474,Mia,Lee,Male,2003-10-11,USA
2475,Matthew,Smith,Female,1979-05-30,USA
2476,Ella,Martin,Female,1997-07-02,France
2477,Ella,Lewis,Male,1980-04-16,Singapore
2478,Emma,Wright,Male,2002-08-30,Japan
2479,John,Walker,Male,1986-06-14,USA
2480,Emma,Lewis,Female,1960-11-20,UK
2481,Emma,Anderson,Male,1975-07-26,Australia
2482,Isabella,Jackson,Male,1975-02-02,India
2483,Robert,White,Female,1990-08-28,Singapore
2484,Robert,Lee,Male,1972-05-04,Japan
2485,Robert,Wilson,Female,1988-06-10,USA
2486,Joseph,Jackson,Female,1970-08-02,Canada
2487,Joseph,King,Female,1968-08-21,Canada
2488,Mia,Smith,Female,1985-12-02,Australia
2489,James,Jackson,Male,1961-01-25,Japan
2490,Robert,Smith,Female,1978-03-11,Brazil
2491,Thomas,Wilson,Male,1973-06-09,USA
2492,Amelia,Smith,Female,1999-01-09,Singapore
2493,Sophia,White,Male,1969-03-23,UK
2494,Ava,Scott,Female,1989-06-28,Canada
2495,Thomas,Walker,Male,1988-12-12,Japan
2496,Joseph,Wright,Female,1985-07-22,France
2497,Emma,Brown,Male,1963-09-09,France
2498,Michael,Wilson,Male,1987-12-05,France
2499,Robert,Harris,Male,1983-11-04,Brazil
2500,Matthew,Clark,Female,1973-08-13,Australia
2501,Emily,Wright,Male,1988-09-20,Singapore
2502,Mia,Brown,Male,1996-04-14,Canada
2503,Sophia,Smith,Male,1996-02-20,Brazil
2504,Robert,Wilson,Male,1981-09-01,India
2505,Ava,Jackson,Male,1965-04-26,UK
2506,John,Jackson,Female,1973-11-11,Germany
2507,Ava,Walker,Female,1996-04-27,Japan
2508,Amelia,Clark,Male,1998-04-03,France
2509,James,Wright,Female,1980-10-27,USA
2510,Sophia,Harris,Male,1972-09-28,UK
2511,William,Scott,Female,1985-02-12,Brazil
2512,Matthew,Young,Female,1988-12-15,Singapore
2513,Michael,Young,Female,1972-07-08,Germany
2514,David,Smith,Male,1981-04-13,India
2515,Mia,Clark,Female,1999-02-26,Brazil
2516,Emma,Wilson,Female,1966-11-19,Japan
2517,Emily,Harris,Female,1980-07-06,UK
2518,Ella,Lee,Male,1967-09-26,Brazil
2519,Daniel,Thomas,Male,1981-07-30,Singapore
2520,Olivia,Thomas,Female,1960-11-04,UK
2521,William,Allen,Male,1986-05-25,Germany
2522,Robert,Jackson,Male,1971-02-09,France
2523,Emma,Young,Male,1981-12-03,Brazil
2524,Joseph,Wilson,Female,1979-03-04,Brazil
2525,Daniel,White,Female,1981-12-05,Brazil
2526,Emily,Clark,Male,1964-12-28,Australia
2527,Robert,Lewis,Male,1974-12-12,Brazil
2528,Harper,Harris,Male,1967-03-21,Australia
2529,David,Hall,Male,1985-06-11,UK
2530,Joseph,Allen,Male,1991-01-28,USA
2531,Joseph,Jackson,Female,1983-12-23,UK
2532,John,Harris,Female,1970-05-24,Brazil
2533,Isabella,Taylor,Male,1969-06-22,UK
2534,William,Martin,Female,1964-03-31,France
2535,James,Young,Male,1997-07-31,UK
2536,Michael,Hall,Female,1993-06-21,Australia
2537,David,Clark,Female,1974-04-27,Australia
2538,James,King,Female,1984-02-08,India
2539,Matthew,White,Male,1988-04-15,Canada
2540,James,Smith,Female,2003-03-31,Canada
2541,Daniel,White,Female,1986-10-26,India
2542,Emma,Anderson,Male,1992-03-01,Singapore
2543,Olivia,Anderson,Female,2002-07-14,India
2544,Sophia,Anderson,Male,1985-02-06,Brazil
2545,Harper,Martin,Male,1982-04-18,Canada
2546,Matthew,White,Male,1963-07-27,Brazil
2547,Michael,Thomas,Female,1960-04-30,Brazil
2548,Joseph,Lewis,Female,1961-05-29,UK
2549,Isabella,Jackson,Female,1974-01-09,Germany
2550,Amelia,Clark,Male,1967-11-23,Japan
2551,Harper,King,Female,1991-09-11,India
2552,Emily,Scott,Female,1979-11-19,USA
2553,Amelia,Hall,Female,2002-09-14,France
2554,Joseph,Walker,Female,1968-10-01,UK
2555,Emily,Lewis,Male,1994-06-28,Japan
2556,Mia,Wright,Male,2002-05-31,Australia
2557,David,King,Male,1972-08-10,Japan
2558,Harper,Lewis,Male,1971-10-13,Canada
2559,John,White,Female,1985-10-13,India
2560,Michael,Jackson,Female,1983-05-21,Japan
2561,Sophia,Martin,Female,1965-12-18,Singapore
2562,Sophia,Wilson,Male,1992-01-30,Canada
2563,Thomas,Young,Female,1967-08-08,Japan
2564,Amelia,Anderson,Female,1990-11-30,Singapore
2565,Matthew,Clark,Male,1980-07-14,USA
2566,Amelia,Allen,Female,1980-09-01,Germany
2567,Sophia,Smith,Male,1960-05-29,Australia
2568,Sophia,Allen,Female,1976-07-22,Singapore
2569,Olivia,Lewis,Male,1986-12-02,USA
2570,Olivia,Thomas,Female,1983-02-12,France
2571,Harper,Hall,Male,1985-04-05,Canada
2572,Emma,Smith,Female,1966-09-11,Brazil
2573,Olivia,Lewis,Male,1972-01-15,Australia
2574,Emma,Lee,Female,2001-03-02,India
2575,Isabella,Scott,Female,1991-03-08,India
2576,David,Smith,Male,1985-10-19,France
2577,Olivia,Scott,Female,1981-10-06,Brazil
2578,Michael,Scott,Female,1968-05-07,UK
2579,Harper,Jackson,Male,1976-07-30,USA
2580,Robert,Wilson,Female,1972-08-24,UK
2581,Matthew,Walker,Male,1994-11-26,USA
2582,Matthew,Smith,Male,1965-01-31,Japan
2583,Robert,Brown,Male,1991-04-10,Canada
2584,David,Walker,Female,1986-01-31,Japan
2585,David,Brown,Female,1983-07-10,Canada
2586,David,Allen,Female,1971-09-18,Germany
2587,Emma,Walker,Male,1993-06-16,Australia
2588,Daniel,Thomas,Female,1972-10-02,France
2589,Robert,Smith,Female,1986-11-02,Singapore
2590,Thomas,Walker,Male,1989-01-25,India
2591,Robert,Smith,Female,1961-05-11,France
2592,David,Young,Male,1993-09-04,Singapore
2593,Ava,Harris,Female,1987-09-13,India
2594,Sophia,Walker,Female,1979-06-02,UK
2595,Harper,Lewis,Male,2003-04-29,Germany
2596,Mia,Wright,Female,1963-04-05,Singapore
2597,Isabella,White,Male,1972-06-17,Japan
2598,Harper,Allen,Male,1992-07-19,India
2599,Mia,King,Male,1994-03-25,India
2600,Joseph,Clark,Male,1992-07-16,Singapore
2601,Sophia,Jackson,Female,1991-03-12,Australia
2602,Mia,Smith,Female,1962-12-06,Japan
2603,Thomas,Jackson,Female,1966-03-12,USA
2604,Matthew,Walker,Male,1964-09-15,UK
2605,Isabella,Lewis,Female,1964-11-15,India
2606,Joseph,Smith,Male,1994-08-15,Germany
2607,Amelia,King,Male,1980-11-29,USA
2608,William,Wilson,Male,1973-01-18,India
2609,Harper,Lewis,Female,1972-12-31,USA
2610,Emily,Wright,Male,1986-08-18,Japan
2611,Mia,King,Female,2000-06-29,Japan
2612,Ava,Brown,Female,1991-07-28,India
2613,Thomas,Wright,Female,1976-07-03,India
2614,Daniel,Anderson,Female,1992-07-22,Singapore
2615,Olivia,King,Male,2002-02-11,UK
2616,Sophia,White,Male,1981-06-04,France
2617,Daniel,Hall,Male,1960-06-29,Singapore
2618,James,Young,Female,1990-12-01,USA
2619,Amelia,Taylor,Male,1997-01-03,UK
2620,Ella,Young,Male,1967-12-05,UK
2621,James,Young,Male,1990-05-09,Japan
2622,Ava,King,Female,1993-06-04,USA
2623,Daniel,Thomas,Female,1988-09-22,Japan
2624,David,Scott,Female,1982-10-22,Canada
2625,Michael,Lewis,Male,1964-07-25,UK
2626,Thomas,Lewis,Male,1969-01-26,Canada
2627,Emma,Lee,Female,2001-11-18,USA
2628,Emma,Wright,Female,1985-01-14,India
2629,Daniel,Wilson,Male,1999-06-09,France
2630,John,Lewis,Male,1983-07-05,Singapore
2631,Emily,Lewis,Female,1986-01-11,Australia
2632,Robert,White,Male,2003-02-20,Germany
2633,Emma,Walker,Female,1974-07-08,Singapore
2634,Emma,Lee,Male,1961-03-21,Germany
2635,Isabella,Wilson,Female,1983-09-05,Germany
2636,Amelia,Harris,Female,1977-04-17,Canada
2637,Emma,Scott,Female,1986-08-23,UK
2638,Matthew,Wilson,Female,1968-01-08,Canada
2639,William,Anderson,Female,1974-05-26,UK
2640,Sophia,Harris,Female,1972-05-23,Australia
2641,Isabella,Young,Female,2000-08-16,Canada
2642,Joseph,King,Female,1965-01-23,Japan
2643,Emily,Anderson,Female,1964-03-27,France
2644,Ava,Scott,Female,1971-06-20,Japan
2645,Ella,Thomas,Female,1996-05-11,India
2646,John,White,Male,1982-11-09,Singapore
2647,Joseph,Lewis,Female,1998-03-24,Australia
2648,Olivia,Smith,Female,2001-01-14,India
2649,William,Young,Male,1970-09-26,Singapore
2650,Ella,Clark,Female,1966-05-20,Singapore
2651,Daniel,Thomas,Male,2001-03-16,France
2652,Olivia,Lewis,Female,1978-01-28,Brazil
2653,Ella,Harris,Female,1994-11-09,France
2654,Mia,Walker,Female,1973-03-31,India
2655,Emma,Lee,Female,1989-06-05,Australia
2656,David,Martin,Male,1971-08-09,Singapore
2657,Olivia,Jackson,Female,1990-05-26,Brazil
2658,Matthew,Wright,Male,1992-07-03,USA
2659,John,Martin,Female,1988-10-17,Australia
2660,Joseph,Thomas,Male,1998-04-05,Canada
2661,John,Harris,Female,1997-03-28,India
2662,Michael,King,Male,1962-06-24,France
2663,Ava,Martin,Female,1973-09-14,Australia
2664,Robert,Young,Female,1985-06-04,USA
2665,David,Scott,Male,2002-06-07,France
2666,Ava,King,Female,1960-07-09,France
2667,Ava,Lee,Male,1962-06-10,Germany
2668,Ava,Brown,Female,2002-01-29,Brazil
2669,Ella,Wilson,Male,1966-05-27,Germany
2670,Olivia,Wright,Male,1999-11-10,India
2671,Michael,Jackson,Female,1970-12-23,Singapore
2672,Emma,Clark,Male,1965-10-06,Singapore
2673,Olivia,Young,Male,1974-04-17,Brazil
2674,Sophia,King,Male,2001-01-27,France
2675,James,White,Female,1996-03-29,Japan
2676,Joseph,Smith,Female,1965-04-19,Germany
2677,Thomas,Brown,Male,1966-08-03,USA
2678,Emily,Harris,Female,1997-02-22,Canada
2679,Sophia,Allen,Male,2001-05-16,Australia
2680,Isabella,Thomas,Female,1980-02-08,Singapore
2681,Sophia,Lee,Female,1977-04-19,USA
2682,Emma,Scott,Male,1992-07-21,Brazil
2683,Emily,Lee,Male,1963-10-12,Japan
2684,Daniel,Taylor,Male,1968-04-24,UK
2685,Emma,Taylor,Female,1998-03-08,UK
2686,John,Thomas,Female,1987-12-11,Germany
2687,Joseph,White,Male,1961-04-22,France
2688,Harper,King,Male,1977-05-15,Brazil
2689,Emily,Anderson,Female,1963-07-12,Germany
2690,Robert,Martin,Female,1985-11-24,India
2691,Mia,Walker,Male,2001-08-10,Singapore
2692,Daniel,Taylor,Male,1985-02-25,USA
2693,Michael,King,Female,1984-11-24,Germany
2694,Ava,Jackson,Male,1979-07-03,USA
2695,Daniel,Allen,Female,1981-03-28,India
2696,Emily,Smith,Female,2003-08-06,India
2697,Robert,Taylor,Female,1967-12-12,UK
2698,Sophia,Allen,Female,1997-07-12,France
2699,Michael,Clark,Female,1968-10-21,Germany
2700,Emily,Allen,Male,1980-03-19,Canada
2701,Sophia,Allen,Male,1968-08-07,USA
2702,William,King,Male,1978-04-01,Brazil
2703,Thomas,Wilson,Female,1990-02-28,Singapore
2704,Amelia,Allen,Female,1983-11-04,UK
2705,David,King,Male,1996-07-30,UK
2706,Emma,Clark,Male,1983-07-07,Australia
2707,Ella,Lee,Female,1990-05-19,France
2708,Harper,Hall,Female,1967-07-16,USA
2709,Thomas,Wright,Male,1997-06-23,Australia
2710,Matthew,Harris,Female,1972-11-09,UK
2711,Thomas,Wilson,Female,2002-04-23,USA
2712,David,Jackson,Female,1987-07-20,Canada
2713,Amelia,Lewis,Female,1983-06-23,France
2714,Sophia,Walker,Female,1970-11-29,Germany
2715,Mia,Anderson,Male,1994-01-13,Canada
2716,William,Wilson,Male,1969-08-21,UK
2717,James,Thomas,Male,1977-08-08,India
2718,Isabella,Hall,Male,1967-09-24,Canada
2719,Olivia,Martin,Female,1981-12-24,India
2720,Matthew,Allen,Female,1999-12-06,Singapore
2721,Thomas,Wright,Male,1981-11-08,UK
2722,Thomas,Allen,Female,1987-09-21,India
2723,Sophia,Anderson,Female,1971-08-31,UK
2724,Emily,Martin,Female,1962-01-02,UK
2725,Harper,Jackson,Male,1985-05-26,Singapore
2726,Isabella,Allen,Female,2000-12-21,India
2727,Olivia,Wilson,Male,1975-04-09,Canada
2728,Daniel,Clark,Female,1973-08-28,UK
2729,Michael,Walker,Male,1975-10-16,USA
2730,David,Clark,Male,1996-04-18,Canada
2731,Harper,Young,Female,1972-03-12,France
2732,Emily,Scott,Male,1981-10-24,Singapore
2733,Emily,Taylor,Male,1992-02-19,Japan
2734,Matthew,White,Female,1991-08-17,USA
2735,Sophia,Taylor,Male,1994-03-22,Canada
2736,Sophia,Anderson,Male,1960-12-28,Germany
2737,Sophia,Anderson,Female,1977-08-01,Canada
2738,Matthew,Lee,Male,1961-10-15,India
2739,Olivia,Scott,Female,1985-02-25,USA
2740,Sophia,Young,Male,1994-08-09,Singapore
2741,Daniel,Brown,Female,1974-05-29,Australia
2742,Emma,Anderson,Male,2003-06-22,UK
2743,Sophia,Scott,Male,1974-03-09,USA
2744,Sophia,Lee,Female,1971-01-09,India
2745,Harper,Allen,Male,1961-03-09,UK
2746,Isabella,Young,Male,1980-09-13,Japan
2747,Olivia,Walker,Female,1993-11-19,USA
2748,Thomas,Walker,Male,1961-06-15,Canada
2749,Thomas,Brown,Male,1993-10-24,India
2750,Harper,Wright,Male,1996-10-07,France
2751,Emily,Clark,Male,1976-03-30,Brazil
2752,Olivia,Lewis,Female,1981-09-25,USA
2753,Thomas,Lewis,Male,2000-12-15,USA
2754,Olivia,Wilson,Female,1975-06-07,UK
2755,William,Martin,Female,2002-12-04,Japan
2756,Thomas,Brown,Male,1968-06-26,Brazil
2757,James,Jackson,Female,2003-01-09,USA
2758,Harper,King,Male,1997-07-07,France
2759,Mia,Taylor,Male,1976-09-30,Singapore
2760,Amelia,Scott,Female,1986-05-14,India
2761,Matthew,Smith,Male,1992-03-16,USA
2762,Daniel,Clark,Female,1994-07-14,Germany
2763,Joseph,Young,Male,2003-07-03,Canada
2764,Olivia,Anderson,Male,1984-03-31,USA
2765,Emily,Smith,Male,1965-10-12,Canada
2766,James,Jackson,Male,1960-04-14,Singapore
2767,Joseph,Scott,Male,1977-05-29,India
2768,Thomas,King,Male,2000-09-22,Australia
2769,William,Lewis,Female,1960-11-22,France
2770,Thomas,Wilson,Male,1982-04-04,Canada
2771,Sophia,Wright,Female,1991-09-15,India
2772,Robert,Brown,Male,1971-04-22,Canada
2773,James,Allen,Male,1996-09-12,Singapore
2774,Ella,Thomas,Male,1973-08-15,Canada
2775,Amelia,Lee,Female,1969-02-27,Brazil
2776,Matthew,King,Female,1961-08-04,France
2777,Matthew,Lewis,Female,1972-08-17,Australia
2778,Mia,Smith,Female,1976-02-06,UK
2779,Mia,Lewis,Female,1985-07-24,USA
2780,Sophia,Harris,Male,2002-05-02,USA
2781,Olivia,Martin,Female,1979-03-19,Brazil
2782,Sophia,Lewis,Male,1989-07-12,Australia
2783,Emma,King,Male,1979-02-02,UK
2784,Olivia,Wilson,Male,1991-03-20,Australia
2785,Amelia,Allen,Male,1978-10-09,Germany
2786,Amelia,Scott,Female,1966-06-03,Brazil
2787,David,Walker,Female,1993-04-20,Singapore
2788,Ella,Allen,Female,1960-02-12,India
2789,Sophia,Clark,Female,1983-02-08,France
2790,David,Clark,Female,1983-10-04,France
2791,Ella,Hall,Female,1960-06-16,Canada
2792,Thomas,Scott,Male,1970-05-24,Canada
2793,Ella,White,Male,1974-09-14,Canada
2794,Harper,Young,Female,1987-10-05,Canada
2795,David,Young,Female,1963-11-09,Germany
2796,David,Lee,Male,1991-09-26,Brazil
2797,Robert,Young,Female,1967-04-29,Australia
2798,Amelia,Harris,Male,1979-11-06,Singapore
2799,Emily,Taylor,Female,1986-04-11,USA
2800,Emma,Taylor,Female,2000-06-19,Canada
2801,Sophia,Young,Female,1982-11-07,Australia
2802,Olivia,Anderson,Male,1974-03-17,Singapore
2803,Isabella,Martin,Male,1985-06-12,India
2804,Amelia,Lee,Male,1981-05-12,Singapore
2805,Ava,Hall,Male,1979-05-11,Australia
2806,Amelia,Lewis,Male,1970-10-30,Germany
2807,Harper,King,Female,1985-11-02,Australia
2808,John,Hall,Male,1984-04-22,India
2809,Matthew,Taylor,Male,1966-04-30,India
2810,Ella,Wright,Female,1969-09-18,Australia
2811,Matthew,Clark,Male,1970-06-05,France
2812,Daniel,Young,Female,1980-09-28,Singapore
2813,Thomas,King,Female,1973-04-08,Germany
2814,Ava,Wright,Female,1983-05-06,USA
2815,Emily,Anderson,Female,1975-09-21,UK
2816,Joseph,Lee,Female,1986-09-27,India
2817,Joseph,Martin,Male,1966-11-21,USA
2818,Amelia,Allen,Female,1985-11-14,Germany
2819,Robert,Smith,Female,1967-12-26,UK
2820,Robert,Thomas,Female,1997-07-24,UK
2821,John,Harris,Female,1964-02-12,India
2822,David,Anderson,Male,1990-08-11,France
2823,John,Wright,Male,1997-08-15,Brazil
2824,Daniel,Walker,Male,1966-01-13,France
2825,Isabella,White,Female,1960-03-09,France
2826,John,Walker,Male,1977-11-16,Australia
2827,Emma,Lewis,Female,1968-08-18,Australia
2828,John,Scott,Female,1964-12-17,India
2829,Harper,Taylor,Male,1966-07-17,UK
2830,Thomas,Smith,Female,1968-08-29,Germany
2831,Olivia,Walker,Female,1976-02-29,France
2832,William,Taylor,Female,1986-08-26,USA
2833,Olivia,Anderson,Female,1971-08-17,France
2834,Sophia,King,Male,1985-01-29,France
2835,Thomas,Harris,Female,1981-04-27,USA
2836,James,White,Female,1980-10-19,Germany
2837,Michael,Wilson,Female,1991-04-03,Canada
2838,Isabella,Thomas,Male,1974-11-18,Singapore
2839,Mia,King,Female,1976-06-19,UK
2840,Harper,Clark,Male,2003-03-08,Brazil
2841,Ella,Scott,Male,1995-02-18,Canada
2842,Emily,Clark,Female,1992-12-18,Canada
2843,Daniel,Young,Male,1998-07-15,Brazil
2844,John,Clark,Male,1995-10-07,Brazil
2845,John,Lewis,Female,2002-08-22,Australia
2846,Ella,King,Male,1993-11-14,Canada
2847,Sophia,White,Female,1995-12-04,Germany
2848,Thomas,Martin,Male,1989-12-08,Germany
2849,Mia,Martin,Male,1998-04-28,Singapore
2850,James,Thomas,Male,1998-06-26,USA
2851,Harper,Clark,Male,2003-05-30,Australia
2852,Emily,King,Female,1961-04-12,India
2853,Ava,Walker,Female,1996-07-04,Japan
2854,Isabella,Allen,Female,1992-09-14,Australia
2855,William,White,Male,1984-04-20,India
2856,Sophia,Lewis,Female,1992-09-14,Brazil
2857,James,Clark,Male,1963-08-09,Canada
2858,Emily,Wilson,Female,1979-11-12,Germany
2859,Isabella,Lewis,Female,1991-10-16,Germany
2860,Olivia,White,Male,2001-09-09,Germany
2861,Ava,Hall,Female,1972-09-18,Australia
2862,John,Young,Female,1981-12-04,Germany
2863,Robert,Jackson,Male,1981-05-09,Canada
2864,Emily,Anderson,Male,1969-09-27,USA
2865,Emily,Young,Female,1973-04-14,Brazil
2866,Thomas,Clark,Female,1967-10-15,France
2867,John,Wilson,Female,1969-03-18,India
2868,Daniel,Clark,Male,1987-07-27,Brazil
2869,Harper,Taylor,Female,1991-09-24,Brazil
2870,Ava,Lewis,Female,1975-07-16,Brazil
2871,Joseph,Allen,Male,1971-05-29,Germany
2872,James,Allen,Female,1993-12-13,India
2873,Matthew,Martin,Male,1973-05-26,France
2874,Ava,Martin,Female,1981-03-14,India
2875,Matthew,Martin,Male,2002-05-11,Japan
2876,Emily,King,Female,1993-05-25,India
2877,Harper,Young,Male,1969-02-06,France
2878,Robert,Taylor,Female,1966-09-26,Singapore
2879,William,Hall,Female,1980-01-22,Japan
2880,Olivia,Jackson,Male,1977-06-16,Brazil
2881,Amelia,King,Male,1998-08-18,USA
2882,Michael,King,Male,1970-11-25,Australia
2883,Ella,Martin,Female,1985-09-10,Japan
2884,William,Harris,Male,1961-09-27,USA
2885,Mia,Harris,Female,1991-05-30,Australia
2886,Emily,Harris,Female,1974-06-09,USA
2887,Ella,Hall,Male,1967-11-20,Japan
2888,John,Harris,Female,1995-07-27,USA
2889,Olivia,Allen,Male,1962-07-11,Japan
2890,Isabella,Thomas,Female,1999-12-28,Canada
2891,Isabella,Scott,Female,1966-10-14,France
2892,Isabella,Anderson,Female,1987-05-03,Australia
2893,Harper,Smith,Female,1995-07-14,USA
2894,Emma,Clark,Male,1981-03-16,France
2895,Matthew,Brown,Female,1978-03-31,Brazil
2896,Mia,Scott,Male,1971-07-04,Singapore
2897,Ella,King,Male,1981-03-10,USA
2898,David,Scott,Female,1977-04-18,USA
2899,Harper,Thomas,Male,1986-02-19,Singapore
2900,Emily,Young,Male,2002-09-18,India
2901,Harper,Thomas,Male,1987-05-12,India
2902,Thomas,Wright,Male,2003-08-26,Japan
2903,James,Jackson,Female,1967-11-23,India
2904,Emily,Harris,Male,2001-04-23,Canada
2905,Daniel,Wilson,Female,1968-07-18,Australia
2906,Ella,Wright,Male,2002-03-24,Germany
2907,Emily,Lewis,Female,1967-05-14,Singapore
2908,Isabella,Clark,Female,1967-08-15,Germany
2909,Isabella,White,Male,1963-03-15,Brazil
2910,Harper,Jackson,Male,1971-11-29,France
2911,William,Lewis,Male,1967-12-18,Canada
2912,Ava,Jackson,Female,1987-07-30,UK
2913,Ava,Martin,Female,1982-06-26,India
2914,David,Brown,Female,1992-07-09,Australia
2915,Daniel,Brown,Male,1999-07-07,Germany
2916,Matthew,Smith,Female,1981-01-31,Germany
2917,Michael,Lee,Female,1987-04-17,Germany
2918,John,Martin,Male,1962-11-04,India
2919,Olivia,White,Male,1967-02-27,Canada
2920,Mia,Wilson,Male,1972-05-01,France
2921,David,Smith,Female,1980-09-25,Brazil
2922,Isabella,White,Female,1988-01-31,Singapore
2923,Emily,Jackson,Male,1998-09-28,Singapore
2924,Amelia,Allen,Female,1974-08-19,India
2925,Amelia,Wilson,Male,1970-08-09,Japan
2926,Robert,King,Male,1981-03-05,UK
2927,Matthew,Wilson,Male,1993-05-30,Japan
2928,Amelia,Clark,Female,1981-11-23,Canada
2929,James,Brown,Male,1995-03-23,India
2930,Daniel,Martin,Female,1984-01-28,UK
2931,Ava,Anderson,Male,1980-10-05,Japan
2932,Olivia,White,Female,1989-07-11,Canada
2933,John,Harris,Male,1987-01-13,France
2934,Robert,Clark,Female,1992-09-16,Brazil
2935,Daniel,Anderson,Female,1969-10-24,Japan
2936,Mia,White,Male,1968-06-04,India
2937,Thomas,Thomas,Female,1990-01-06,USA
2938,Isabella,White,Male,1969-07-22,UK
2939,Mia,Wright,Female,1997-04-16,Brazil
2940,Amelia,Hall,Female,2000-05-04,Australia
2941,William,Martin,Female,1972-12-02,Japan
2942,Thomas,Walker,Female,1977-03-21,Japan
2943,John,Jackson,Male,2003-02-25,Japan
2944,James,Scott,Female,1981-08-27,Canada
2945,Olivia,Martin,Male,1990-06-02,USA
2946,Harper,Scott,Female,1964-04-30,UK
2947,William,Brown,Male,1992-12-11,Singapore
2948,Ava,Lee,Female,1969-05-29,UK
2949,William,Martin,Male,2001-12-10,Japan
2950,Olivia,Clark,Male,2001-12-30,India
2951,Joseph,Thomas,Female,1970-08-30,Germany
2952,Harper,Thomas,Female,1973-01-08,Singapore
2953,William,Anderson,Female,1985-01-08,Australia
2954,Harper,Thomas,Female,1976-05-20,Japan
2955,John,Scott,Female,1978-02-28,India
2956,James,White,Male,1993-12-30,UK
2957,Daniel,Clark,Female,1963-08-03,Singapore
2958,Mia,King,Female,1994-07-24,USA
2959,John,Young,Male,1984-10-07,Australia
2960,David,King,Male,1999-08-18,Japan
2961,William,Lee,Male,1960-03-12,France
2962,Sophia,Smith,Male,1993-03-06,Australia
2963,Matthew,King,Male,2001-07-05,Singapore
2964,Ella,Young,Female,1979-09-04,India
2965,Emily,Taylor,Male,1990-03-19,Canada
2966,Olivia,Wilson,Female,1963-02-20,France
2967,Sophia,Anderson,Female,1981-08-18,France
2968,Emma,Young,Male,1985-05-27,Japan
2969,Ella,Scott,Male,1991-10-23,France
2970,Isabella,Taylor,Male,1967-07-10,France
2971,Ella,King,Male,1986-08-08,USA
2972,Robert,Wilson,Male,1968-12-31,UK
2973,Daniel,Taylor,Male,1994-09-27,Japan
2974,Matthew,Anderson,Female,2001-06-03,India
2975,Sophia,Taylor,Female,1987-10-04,Germany
2976,Emma,Hall,Male,1976-11-28,Brazil
2977,Amelia,Martin,Male,1989-05-27,France
2978,Ella,White,Female,1971-04-20,Singapore
2979,Ava,Hall,Female,1992-03-29,Canada
2980,Robert,Hall,Male,1978-07-09,Germany
2981,James,Smith,Female,1970-11-16,France
2982,William,Clark,Female,1965-09-13,Japan
2983,Isabella,Scott,Female,1971-05-25,Canada
2984,Isabella,Young,Female,1997-08-14,Canada
2985,Amelia,Anderson,Female,1964-12-24,USA
2986,James,Lee,Male,1994-11-07,Singapore
2987,Ella,White,Female,1971-11-15,Australia
2988,William,Scott,Female,1984-09-10,Japan
2989,Matthew,Allen,Female,1977-05-16,India
2990,Daniel,Anderson,Male,1968-08-30,USA
2991,Sophia,Wilson,Male,1962-06-12,Japan
2992,Thomas,Harris,Male,1967-03-28,Australia
2993,Mia,Allen,Male,1984-08-03,Germany
2994,Ava,Wilson,Female,1968-05-02,Singapore
2995,Michael,Lee,Male,1961-01-24,Germany
2996,Emily,Hall,Female,2003-08-17,UK
2997,Amelia,Lewis,Male,1988-07-23,Japan
2998,Emma,Wright,Female,1994-01-08,Australia
2999,Emma,Clark,Male,1994-06-30,Singapore
3000,James,White,Male,1995-11-06,USA
3001,Mia,Walker,Female,1968-02-22,Australia
3002,Daniel,Martin,Female,1991-10-27,USA
3003,Sophia,Lee,Male,1974-04-10,Singapore
3004,Harper,Martin,Male,1993-02-25,USA
3005,Daniel,Young,Male,1976-08-05,Singapore
3006,William,Wilson,Female,1976-01-06,Singapore
3007,Joseph,Martin,Female,2002-05-16,USA
3008,Thomas,Jackson,Male,1991-08-21,Brazil
3009,Thomas,Scott,Male,1975-06-18,Japan
3010,Emma,Brown,Male,1973-10-25,UK
3011,Ella,Anderson,Female,1967-07-13,Australia
3012,Mia,White,Female,1965-10-10,UK
3013,Sophia,Harris,Male,1964-12-19,UK
3014,Ava,Scott,Female,1990-01-10,France
3015,Thomas,Walker,Male,1976-03-18,France
3016,John,Thomas,Female,1965-01-29,Canada
3017,Michael,Allen,Female,1998-02-10,France
3018,Harper,King,Female,1997-07-24,USA
3019,Robert,Harris,Female,1983-08-04,Canada
3020,Olivia,Hall,Female,1975-09-12,Singapore
3021,Olivia,Smith,Male,1998-02-14,Brazil
3022,Amelia,Lewis,Male,1980-05-27,Germany
3023,Mia,Hall,Male,1987-09-24,France
3024,William,Lewis,Female,2001-06-02,Brazil
3025,John,Jackson,Male,1984-05-31,Australia
3026,Michael,Wright,Female,1971-07-10,Canada
3027,Thomas,Thomas,Male,1985-02-17,Singapore
3028,Robert,Wilson,Male,1965-09-05,Germany
3029,James,Brown,Male,1998-04-01,Brazil
3030,James,Martin,Male,1981-06-19,UK
3031,Daniel,Wilson,Male,1977-02-17,Australia
3032,Sophia,Thomas,Female,1981-09-24,India
3033,Emma,Brown,Female,1982-01-26,Singapore
3034,Robert,Scott,Female,1989-09-17,Canada
3035,David,Smith,Female,1965-04-22,Singapore
3036,Olivia,Lewis,Male,1982-08-09,Brazil
3037,David,Wilson,Male,2000-01-18,Australia
3038,Robert,King,Female,1973-05-03,Brazil
3039,Sophia,Hall,Male,1974-12-16,USA
3040,Thomas,Smith,Female,1964-05-25,UK
3041,William,King,Female,1989-12-17,Germany
3042,Harper,Jackson,Male,1978-08-29,USA
3043,Robert,King,Female,1995-04-24,Singapore
3044,Harper,Smith,Male,2000-11-23,France
3045,Michael,White,Female,1999-12-24,UK
3046,Emily,Young,Male,1960-05-21,Brazil
3047,Harper,Hall,Female,1973-11-29,India
3048,Ava,Wilson,Male,2001-01-12,Canada
3049,Sophia,Scott,Male,1987-07-16,Germany
3050,Mia,Jackson,Female,1990-10-25,Germany
3051,Isabella,Brown,Male,1979-04-28,UK
3052,Amelia,Brown,Male,2003-08-08,Canada
3053,William,Walker,Male,1981-06-28,Japan
3054,Ava,Clark,Female,1969-12-24,Australia
3055,Mia,Thomas,Male,2003-07-09,India
3056,William,Young,Female,2001-11-07,Brazil
3057,Michael,Lewis,Male,1972-03-08,Singapore
3058,Isabella,Brown,Male,1972-02-20,Brazil
3059,Matthew,Scott,Male,1981-06-21,India
3060,Harper,Taylor,Male,1998-09-11,Canada
3061,David,Anderson,Female,1966-01-11,Germany
3062,David,Taylor,Female,1987-06-13,Singapore
3063,Daniel,Harris,Female,1986-01-19,Singapore
3064,Emily,Lewis,Male,1973-06-13,India
3065,Isabella,Walker,Male,1963-10-28,Japan
3066,Emily,Taylor,Male,1960-07-16,Germany
3067,Sophia,Clark,Male,1998-05-27,Canada
3068,Harper,Allen,Male,1977-10-14,Australia
3069,Emma,King,Male,1961-06-22,Canada
3070,Emma,Harris,Male,1968-08-06,Japan
3071,Thomas,Lewis,Female,1967-03-08,Canada
3072,Amelia,Lewis,Female,1965-09-03,Japan
3073,Matthew,King,Male,1978-12-12,Brazil
3074,Emma,King,Female,1995-06-05,Brazil
3075,Harper,Smith,Female,1994-01-02,UK
3076,Isabella,Thomas,Male,1997-04-05,France
3077,Mia,Taylor,Female,1965-07-04,France
3078,Amelia,Walker,Male,1979-11-03,Australia
3079,Emily,King,Female,1994-09-17,Germany
3080,Harper,Harris,Female,1976-04-17,Singapore
3081,Michael,Hall,Male,1974-07-30,Australia
3082,Michael,Harris,Female,1977-11-16,India
3083,Amelia,Young,Female,1985-06-14,India
3084,David,Hall,Male,1963-10-16,Canada
3085,James,Wilson,Male,1975-01-13,USA
3086,Harper,Wright,Female,1997-07-25,France
3087,Michael,Anderson,Female,1977-09-14,Germany
3088,Ella,Young,Male,1996-07-08,Australia
3089,Sophia,White,Female,1973-05-14,Japan
3090,Emily,Harris,Female,1967-11-14,Brazil
3091,Joseph,Scott,Male,1995-03-14,USA
3092,Robert,Wilson,Female,1969-04-14,France
3093,Ella,Hall,Male,1991-11-08,USA
3094,Amelia,Brown,Female,1978-10-25,Germany
3095,Michael,Harris,Female,1994-06-06,UK
3096,Sophia,Harris,Male,1978-02-09,Brazil
3097,Emily,Hall,Male,2001-09-20,Australia
3098,James,Smith,Male,1995-07-15,Germany
3099,Joseph,Lewis,Female,1987-04-04,Canada
3100,Ella,Thomas,Female,1967-03-18,Japan
3101,Mia,Harris,Male,1963-06-11,Japan
3102,Robert,Walker,Female,1981-09-07,Singapore
3103,James,Martin,Female,2001-12-27,Singapore
3104,Emma,Lewis,Female,1985-07-02,Singapore
3105,Emma,Clark,Male,1960-11-28,Canada
3106,Matthew,Clark,Female,1995-10-16,Brazil
3107,Ava,Scott,Male,1976-11-28,Australia
3108,David,Harris,Female,2001-09-08,Brazil
3109,Isabella,Scott,Male,1978-02-18,Brazil
3110,Emma,Martin,Male,1984-02-14,Canada
3111,David,Harris,Female,1968-11-13,India
3112,Sophia,White,Female,1995-10-28,UK
3113,James,Wilson,Female,1973-10-28,Brazil
3114,Amelia,King,Female,1991-02-25,USA
3115,Ella,Harris,Male,1998-06-12,France
3116,William,White,Male,1973-08-07,Australia
3117,John,Walker,Female,1995-06-09,Brazil
3118,Matthew,Harris,Male,1965-11-08,Germany
3119,Thomas,Taylor,Female,1963-09-16,Singapore
3120,Daniel,Lewis,Male,2003-09-20,Germany
3121,Ella,Harris,Male,1966-11-28,UK
3122,Olivia,Thomas,Male,1994-09-07,Singapore
3123,Robert,Wilson,Female,1997-02-20,Japan
3124,Isabella,Taylor,Female,1986-08-04,Germany
3125,Robert,Hall,Male,1991-04-21,Germany
3126,Joseph,Young,Male,1974-09-07,USA
3127,Sophia,Lewis,Female,1981-09-25,Australia
3128,Sophia,White,Female,1966-09-04,Australia
3129,Joseph,Lee,Female,1972-05-17,Canada
3130,Ava,Walker,Male,1979-02-16,France
3131,William,Wilson,Female,1993-11-14,Australia
3132,Olivia,Scott,Male,1999-04-20,Japan
3133,Amelia,Jackson,Female,1985-03-07,France
3134,Isabella,Wright,Male,1991-08-09,Singapore
3135,William,Smith,Male,1979-05-28,Singapore
3136,Emily,Anderson,Male,1976-06-07,Singapore
3137,Harper,Thomas,Female,1976-10-26,Japan
3138,Ella,Young,Female,1973-09-07,USA
3139,Emma,Lee,Male,1960-03-13,France
3140,Olivia,Clark,Female,1998-06-09,Canada
3141,Robert,Hall,Male,1971-04-09,Singapore
3142,Michael,Thomas,Male,1976-12-31,Australia
3143,William,Harris,Female,1988-06-23,Canada
3144,Ella,Martin,Male,1999-09-02,Canada
3145,Harper,Walker,Female,1982-10-28,Germany
3146,Ava,Smith,Male,1990-02-16,Canada
3147,Isabella,White,Female,1980-07-15,Japan
3148,Michael,Smith,Female,1978-07-11,Brazil
3149,Matthew,Lee,Female,2002-09-16,USA
3150,William,Anderson,Female,1984-06-07,Australia
3151,Robert,Wright,Female,1973-12-07,India
3152,William,Hall,Male,1970-04-29,France
3153,Robert,Young,Male,1994-11-18,India
3154,Isabella,Allen,Female,1981-10-04,Japan
3155,Michael,Brown,Female,1960-04-11,Japan
3156,David,Jackson,Female,1963-12-27,Australia
3157,Ella,Scott,Male,1995-06-01,USA
3158,Ella,White,Male,1992-12-19,Japan
3159,Olivia,Smith,Female,1973-03-24,Canada
3160,James,Jackson,Male,1971-03-11,USA
3161,Amelia,Clark,Male,1991-01-16,Japan
3162,Robert,Lewis,Male,1971-08-03,Australia
3163,Robert,Clark,Female,1982-05-31,Canada
3164,Mia,Clark,Male,1987-01-08,Australia
3165,Emma,King,Male,1984-11-16,UK
3166,Michael,Scott,Male,2000-07-11,India
3167,Emily,Young,Female,1977-07-15,Germany
3168,John,Anderson,Male,1989-10-08,UK
3169,Harper,Thomas,Female,1996-07-15,Canada
3170,Amelia,Scott,Female,1982-02-14,Australia
3171,Robert,Wilson,Male,1999-12-27,Brazil
3172,Emma,Wright,Male,1988-08-08,Germany
3173,Emily,Scott,Male,1985-12-18,USA
3174,Ella,Smith,Female,1998-02-24,Germany
3175,Sophia,King,Male,1977-06-17,Japan
3176,Sophia,Young,Female,1975-04-23,Japan
3177,Amelia,Brown,Male,2002-12-31,Singapore
3178,James,Lee,Female,1963-07-15,Germany
3179,Michael,Brown,Female,1974-04-22,Australia
3180,John,Clark,Male,1990-04-16,France
3181,William,Wilson,Male,1984-12-04,Japan
3182,Emily,Young,Male,1977-05-14,Germany
3183,Thomas,Taylor,Male,1996-08-24,France
3184,Joseph,King,Female,1985-08-15,Brazil
3185,Mia,Harris,Male,1981-03-10,Australia
3186,Ava,Hall,Male,1979-07-11,Australia
3187,Olivia,Wilson,Female,1994-02-04,UK
3188,Joseph,Harris,Female,1961-03-29,Brazil
3189,Sophia,Smith,Female,1962-12-10,Japan
3190,Michael,Wright,Male,1996-01-29,Australia
3191,Olivia,Thomas,Female,1994-03-08,India
3192,John,Anderson,Female,1992-09-23,USA
3193,Emily,Anderson,Male,1995-12-09,Japan
3194,Thomas,Lee,Female,1965-06-07,Australia
3195,Olivia,Walker,Male,1987-05-09,Australia
3196,Sophia,Taylor,Female,1978-02-09,France
3197,Ella,King,Male,1996-05-02,Australia
3198,Harper,King,Female,1987-05-16,Germany
3199,Olivia,Thomas,Male,1989-07-17,Singapore
3200,Olivia,Anderson,Male,1983-01-31,France
3201,John,Harris,Female,1973-12-15,Canada
3202,Olivia,Scott,Male,2002-06-03,Japan
3203,Sophia,Smith,Female,1966-04-09,UK
3204,Joseph,Taylor,Female,1989-09-09,UK
3205,Ava,Jackson,Female,1990-11-25,USA
3206,Mia,Harris,Male,1965-09-10,Canada
3207,Thomas,Wright,Male,1994-08-17,France
3208,Olivia,Jackson,Male,1977-08-07,Australia
3209,Isabella,Wright,Female,1960-08-09,Singapore
3210,Ava,Thomas,Female,1997-04-29,Australia
3211,Amelia,Jackson,Male,1993-11-19,India
3212,Ava,Brown,Male,1998-06-30,Brazil
3213,Thomas,Thomas,Female,1989-03-19,Japan
3214,David,Martin,Male,1980-02-08,UK
3215,Amelia,Martin,Female,1969-03-18,USA
3216,Ava,Allen,Female,2003-07-16,Japan
3217,Ella,White,Female,1984-10-10,Canada
3218,Emma,Young,Female,1972-02-10,Australia
3219,Ava,Brown,Female,1964-09-12,USA
3220,James,Allen,Female,2002-02-16,Brazil
3221,Olivia,King,Male,1973-09-30,USA
3222,Matthew,Scott,Male,1986-02-19,Germany
3223,Mia,Wright,Male,1993-04-03,France
3224,William,White,Female,2003-01-23,Germany
3225,Robert,King,Female,1975-05-06,India
3226,Thomas,Brown,Male,1967-10-03,UK
3227,Joseph,White,Male,1961-09-09,UK
3228,William,Wilson,Female,1962-05-13,Singapore
3229,Isabella,King,Male,1963-04-04,Singapore
3230,Joseph,Lewis,Female,2003-07-02,Japan
3231,Ella,Lewis,Female,1962-04-27,USA
3232,Emma,King,Female,1971-01-13,Canada
3233,Thomas,Harris,Female,1977-05-10,Germany
3234,Michael,Lee,Female,2001-09-16,Singapore
3235,Emily,Lewis,Female,1960-04-02,UK
3236,Isabella,Lewis,Female,1990-12-16,Singapore
3237,Ella,Brown,Female,1995-03-03,UK
3238,Mia,Young,Female,1966-09-14,UK
3239,Harper,Thomas,Male,2001-08-01,India
3240,Sophia,Anderson,Male,1996-06-20,UK
3241,Sophia,Clark,Male,1994-08-20,Canada
3242,Olivia,Clark,Female,1999-09-27,Germany
3243,James,White,Male,1997-11-11,Germany
3244,William,Hall,Female,1979-02-27,France
3245,Robert,Young,Male,1966-12-28,Japan
3246,Matthew,Anderson,Male,1962-12-09,UK
3247,Ava,Thomas,Female,1961-06-18,Singapore
3248,James,Young,Male,1965-01-27,USA
3249,Matthew,White,Male,1983-10-19,Japan
3250,Olivia,Taylor,Female,1983-11-11,France
3251,Sophia,Harris,Male,1961-03-18,Australia
3252,Emily,Martin,Female,2001-10-04,Australia
3253,Thomas,Young,Male,1982-04-19,Canada
3254,Amelia,Scott,Male,1970-07-23,USA
3255,John,Harris,Male,1997-01-20,UK
3256,Michael,Brown,Male,1975-09-15,India
3257,Ella,Smith,Male,1992-08-12,Singapore
3258,Mia,Allen,Male,1995-04-20,Germany
3259,Harper,Lee,Male,1971-07-01,India
3260,Amelia,Harris,Female,1987-11-28,Germany
3261,Isabella,Lewis,Female,1966-09-23,Australia
3262,David,Thomas,Female,1978-06-23,Brazil
3263,Ella,Martin,Female,1984-09-06,Germany
3264,Amelia,Lewis,Male,1999-08-15,France
3265,Thomas,Allen,Male,1966-06-28,Japan
3266,Emily,Smith,Female,1999-10-03,Singapore
3267,David,Hall,Male,1999-11-30,France
3268,David,Taylor,Female,1986-02-06,France
3269,Thomas,White,Female,1978-04-09,USA
3270,David,Lewis,Male,1988-10-20,Brazil
3271,William,Lewis,Female,1960-01-10,India
3272,Sophia,Walker,Female,2002-09-25,Australia
3273,Michael,Brown,Male,1974-10-10,Singapore
3274,Harper,Harris,Female,1969-04-04,Singapore
3275,Mia,Anderson,Female,1998-01-12,Brazil
3276,Emma,Lewis,Female,1992-02-15,USA
3277,Michael,White,Female,1998-06-10,Canada
3278,Matthew,Thomas,Female,1983-12-31,Australia
3279,Sophia,Hall,Female,1994-05-28,Germany
3280,Isabella,Anderson,Male,1972-01-19,UK
3281,Emily,Lewis,Female,1982-10-27,UK
3282,Emily,Anderson,Male,1985-09-28,Japan
3283,Ella,Clark,Female,1992-06-07,Australia
3284,Joseph,Scott,Female,1991-10-21,India
3285,Joseph,Allen,Female,1961-10-15,Australia
3286,Harper,Jackson,Female,1961-06-18,Australia
3287,Daniel,Jackson,Male,1980-06-05,Singapore
3288,Mia,Allen,Female,1968-10-13,UK
3289,Olivia,Harris,Male,1995-11-19,France
3290,Thomas,Clark,Female,1968-02-18,India
3291,Mia,White,Female,1971-04-08,UK
3292,Thomas,Wilson,Male,1997-05-01,Japan
3293,Mia,Thomas,Female,2001-09-08,Japan
3294,Ella,Lee,Female,2002-10-22,Canada
3295,Robert,Hall,Female,1967-05-03,Japan
3296,Amelia,Allen,Male,1996-07-28,Japan
3297,Ella,Wright,Female,1972-04-14,Australia
3298,Robert,White,Male,1980-04-14,Germany
3299,Daniel,Taylor,Male,1981-11-15,Germany
3300,Thomas,White,Female,1983-03-02,Singapore
3301,Matthew,Smith,Female,1997-05-16,India
3302,Ella,Scott,Female,1983-12-29,Germany
3303,David,King,Male,1965-05-13,India
3304,David,Wilson,Female,1970-01-01,India
3305,Michael,Martin,Female,2001-11-22,Japan
3306,Robert,King,Male,2002-01-18,UK
3307,Robert,Harris,Male,1992-03-22,Germany
3308,Sophia,Wilson,Male,1986-08-09,Brazil
3309,Emily,Harris,Male,1983-02-01,Canada
3310,Michael,Brown,Male,1975-03-03,Brazil
3311,Daniel,Lewis,Female,1964-10-18,France
3312,Mia,Wright,Male,2002-01-25,UK
3313,Ella,White,Female,1997-06-20,India
3314,Joseph,Allen,Female,1973-08-14,UK
3315,Sophia,Hall,Male,2002-09-13,UK
3316,Amelia,Walker,Male,1989-04-17,UK
3317,Robert,White,Male,2001-04-28,Australia
3318,Amelia,Brown,Female,1976-04-08,India
3319,William,Lewis,Female,1973-08-24,France
3320,Isabella,Jackson,Female,1967-11-22,France
3321,Daniel,Scott,Female,1993-08-14,Australia
3322,Isabella,Allen,Female,1964-10-08,Australia
3323,Thomas,Young,Male,1984-01-13,France
3324,Amelia,Lewis,Male,1964-01-06,UK
3325,Mia,Smith,Female,1969-03-24,Australia
3326,Isabella,Taylor,Male,1991-01-11,Germany
3327,John,Jackson,Male,1976-10-07,Germany
3328,Michael,Jackson,Male,1963-03-31,Germany
3329,William,Brown,Female,2000-03-31,Germany
3330,Ava,Jackson,Male,1978-08-14,Singapore
3331,Harper,Wilson,Male,1962-09-04,India
3332,Emily,Hall,Male,1987-09-23,Germany
3333,Matthew,Wright,Female,2002-01-27,USA
3334,Mia,Young,Female,1971-12-02,Brazil
3335,Thomas,Taylor,Female,1972-01-31,Canada
3336,Amelia,Walker,Male,1965-11-09,Japan
3337,Mia,Smith,Female,2002-01-20,India
3338,Ella,Martin,Female,1973-06-26,USA
3339,William,Clark,Female,1967-10-03,Canada
3340,Emma,Young,Female,1979-09-13,Singapore
3341,Emma,Clark,Male,2000-05-01,Japan
3342,John,Martin,Male,1982-02-09,Germany
3343,William,Smith,Male,1999-11-26,USA
3344,Ella,Lewis,Female,1985-07-31,India
3345,Emily,White,Male,2000-03-15,Australia
3346,Mia,Harris,Female,1963-10-22,USA
3347,John,Wright,Male,2000-03-06,Australia
3348,William,Smith,Male,1981-03-20,Germany
3349,Olivia,Clark,Male,1990-01-09,Australia
3350,Robert,Harris,Female,1983-02-14,Australia
3351,John,Lewis,Male,1998-07-14,Canada
3352,Emma,White,Female,1985-02-26,Australia
3353,Sophia,Young,Male,1980-09-10,France
3354,Emma,Taylor,Male,1968-10-03,Germany
3355,Ava,Harris,Male,1977-09-17,Australia
3356,Matthew,King,Male,1994-01-09,Brazil
3357,Sophia,Anderson,Male,1974-07-06,Australia
3358,Amelia,King,Male,1978-11-26,Japan
3359,Sophia,Taylor,Female,1970-02-18,UK
3360,David,Scott,Male,1990-12-10,Canada
3361,James,Thomas,Female,1974-10-14,UK
3362,James,King,Female,1981-11-09,Germany
3363,Amelia,Jackson,Female,1975-01-25,India
3364,William,Hall,Female,1973-12-28,Japan
3365,William,Jackson,Male,1997-05-29,India
3366,Robert,Thomas,Female,1990-11-14,Japan
3367,William,Young,Female,1999-04-29,Germany
3368,Olivia,Brown,Male,1966-02-09,Japan
3369,Michael,Jackson,Female,2003-03-14,UK
3370,William,Allen,Male,2003-09-24,France
3371,Olivia,Jackson,Male,1973-01-27,Singapore
3372,Olivia,Wilson,Female,1981-11-16,Germany
3373,Matthew,Jackson,Female,2000-12-05,Germany
3374,Ava,Anderson,Male,1977-11-04,Australia
3375,David,Clark,Female,1983-04-03,France
3376,David,Taylor,Male,1998-09-01,Germany
3377,John,Taylor,Female,1968-11-11,USA
3378,Emma,Wilson,Male,1972-11-21,India
3379,Isabella,King,Male,1977-12-22,Singapore
3380,David,Allen,Male,1968-04-17,USA
3381,Daniel,Martin,Male,2003-01-07,Germany
3382,Amelia,Lee,Male,1970-03-08,Singapore
3383,John,Wright,Female,1994-03-02,Australia
3384,Robert,White,Male,1969-01-09,Canada
3385,Thomas,White,Female,1982-02-18,India
3386,Mia,Hall,Female,1986-01-28,USA
3387,Ava,Anderson,Female,1981-06-02,UK
3388,Robert,Brown,Male,1962-05-25,France
3389,Thomas,Harris,Female,1979-06-20,Brazil
3390,Harper,Jackson,Female,1980-04-11,Australia
3391,Isabella,Walker,Male,1972-11-13,Canada
3392,Isabella,Jackson,Male,1976-07-05,Singapore
3393,Sophia,Harris,Female,1968-01-27,Brazil
3394,John,Walker,Male,1960-10-08,Singapore
3395,Ava,Martin,Male,1966-10-12,Brazil
3396,Olivia,Wright,Male,1993-05-11,Singapore
3397,Joseph,Young,Male,2003-02-14,Brazil
3398,Michael,Taylor,Female,1999-08-22,India
3399,Sophia,Smith,Male,1982-09-01,USA
3400,Robert,Jackson,Female,1977-01-13,Brazil
3401,Olivia,Jackson,Female,1962-05-18,UK
3402,Isabella,Brown,Male,1998-07-06,USA
3403,Amelia,Smith,Male,1994-09-05,Japan
3404,Isabella,White,Female,1993-11-10,Canada
3405,Daniel,Allen,Female,1991-05-26,Singapore
3406,Olivia,Hall,Male,1966-05-16,Singapore
3407,Sophia,Anderson,Female,1992-01-12,France
3408,Mia,King,Male,1963-11-10,Canada
3409,Mia,Brown,Female,1984-08-02,Singapore
3410,Olivia,Clark,Female,1980-12-15,Germany
3411,Michael,Smith,Male,1967-12-26,USA
3412,Daniel,Harris,Male,1980-02-20,USA
3413,Ava,Scott,Male,2002-05-23,Australia
3414,Michael,Clark,Female,2001-10-11,France
3415,Emily,Hall,Male,1973-06-29,Japan
3416,Matthew,Brown,Male,1986-01-15,Australia
3417,Michael,Wilson,Female,1977-01-30,UK
3418,Emma,Brown,Male,1982-01-17,USA
3419,Matthew,Hall,Female,1963-09-25,UK
3420,Sophia,Harris,Male,2003-05-21,India
3421,Michael,King,Female,1973-07-09,Canada
3422,Daniel,Jackson,Female,1992-05-12,UK
3423,Ella,Wright,Female,1970-12-27,Singapore
3424,Michael,Harris,Male,1963-07-31,Australia
3425,Robert,Harris,Female,1974-06-27,USA
3426,Sophia,Taylor,Female,1979-10-26,Brazil
3427,Ella,Martin,Female,1987-03-26,USA
3428,David,King,Male,1981-07-18,France
3429,Michael,Brown,Male,1990-01-10,Singapore
3430,Emma,Allen,Male,1985-03-05,India
3431,James,Walker,Male,1986-09-24,UK
3432,Olivia,Brown,Female,1981-12-11,Canada
3433,Harper,Lewis,Male,1985-03-04,Brazil
3434,Daniel,White,Male,1985-03-19,Canada
3435,Isabella,Smith,Male,1980-05-11,UK
3436,Isabella,Young,Male,1971-09-07,USA
3437,David,Lee,Female,1977-12-10,USA
3438,Joseph,Walker,Male,1996-05-27,Canada
3439,Thomas,Anderson,Female,1979-02-11,India
3440,Matthew,Harris,Male,2001-11-30,Japan
3441,Harper,Brown,Female,1996-09-12,France
3442,Emily,Wright,Male,1998-06-14,Canada
3443,David,Anderson,Male,1981-06-29,UK
3444,Matthew,White,Female,1988-09-02,Brazil
3445,Olivia,King,Female,1984-04-20,UK
3446,Sophia,Clark,Female,1995-09-12,Canada
3447,Amelia,Brown,Female,1975-04-29,Australia
3448,Michael,Harris,Male,1977-04-01,UK
3449,Isabella,Martin,Male,1999-09-04,Japan
3450,Olivia,Martin,Female,1992-08-20,Brazil
3451,Olivia,Anderson,Male,1981-07-26,France
3452,Ava,Wilson,Male,1963-03-10,Singapore
3453,Daniel,Walker,Male,1971-07-12,India
3454,Matthew,Wilson,Male,1986-03-29,Japan
3455,Joseph,Lewis,Male,1992-04-19,India
3456,Mia,Young,Female,1976-08-02,France
3457,Emma,Scott,Male,1980-07-28,USA
3458,Matthew,Clark,Female,1997-12-16,Germany
3459,Mia,Allen,Male,1960-12-17,Australia
3460,Sophia,Young,Female,1995-09-04,Germany
3461,Olivia,Young,Male,1973-10-17,Brazil
3462,Mia,Brown,Male,1994-06-13,Canada
3463,Matthew,Clark,Female,1976-05-14,India
3464,Ella,Young,Male,1972-09-22,Canada
3465,Matthew,Lee,Male,1997-04-12,Brazil
3466,Harper,Brown,Male,1970-01-09,Canada
3467,Sophia,Harris,Male,2001-09-02,France
3468,John,Harris,Female,1961-07-08,Singapore
3469,Michael,Wilson,Male,1969-05-09,India
3470,Emma,Wilson,Male,1996-05-17,Germany
3471,Michael,Thomas,Female,1972-12-11,Germany
3472,Olivia,Lewis,Male,1994-01-21,France
3473,Mia,Brown,Female,1999-04-15,Australia
3474,Sophia,Lee,Female,1960-10-12,Singapore
3475,Harper,Clark,Female,1986-03-09,UK
3476,Mia,Lee,Male,1980-11-11,Brazil
3477,Emily,Wilson,Male,1966-03-02,USA
3478,David,Lee,Female,1983-04-07,UK
3479,Ella,Lewis,Male,2003-06-26,France
3480,Daniel,Brown,Female,1975-05-28,USA
3481,Amelia,Smith,Female,1983-10-24,Germany
3482,David,Clark,Female,1994-01-24,Canada
3483,Amelia,Clark,Female,1964-11-15,France
3484,Emma,Clark,Female,1967-05-31,India
3485,Daniel,Thomas,Female,1969-05-03,Australia
3486,James,Martin,Male,1977-06-27,UK
3487,Amelia,Young,Male,1965-03-03,Japan
3488,Emily,White,Female,1963-07-31,Australia
3489,Sophia,Wilson,Male,1966-10-28,Australia
3490,Michael,Wilson,Male,1969-06-21,Japan
3491,William,Jackson,Male,1984-03-24,Australia
3492,Olivia,Hall,Male,1981-02-21,India
3493,Emily,Taylor,Male,1982-03-15,USA
3494,Emily,Harris,Male,1984-02-28,India
3495,Emily,King,Male,1976-05-02,UK
3496,Matthew,Taylor,Female,1986-11-07,Australia
3497,Ella,Scott,Female,1978-07-01,Brazil
3498,Ava,King,Female,1961-08-17,UK
3499,John,Thomas,Male,1984-04-27,Brazil
3500,Joseph,Smith,Male,1974-12-11,Singapore
3501,Matthew,Brown,Female,1991-05-17,Japan
3502,Joseph,Scott,Female,1971-10-13,USA
3503,Sophia,Walker,Female,1989-06-30,Canada
3504,John,Walker,Male,1962-05-31,France
3505,Daniel,Young,Male,2003-07-25,Germany
3506,Ella,Taylor,Female,1988-02-27,UK
3507,Harper,Brown,Male,1990-01-02,UK
3508,Ella,Lewis,Female,1990-09-04,Australia
3509,John,Lee,Male,2000-10-09,Canada
3510,James,Clark,Female,1995-04-08,Australia
3511,Matthew,Wright,Male,1970-01-07,India
3512,Michael,Brown,Female,1983-03-04,Australia
3513,Olivia,Jackson,Female,1996-01-18,Australia
3514,Daniel,Jackson,Male,1969-09-03,Germany
3515,Thomas,King,Male,1963-05-03,UK
3516,Isabella,Lewis,Female,1999-02-07,Australia
3517,Harper,Lee,Male,1972-04-16,Australia
3518,Emily,Young,Female,1972-12-21,USA
3519,Mia,King,Female,2003-08-07,Japan
3520,Emily,White,Male,2000-06-28,India
3521,Robert,Lee,Male,2002-09-03,Singapore
3522,David,Brown,Female,1997-02-07,Brazil
3523,Emma,Lewis,Female,1990-05-28,Japan
3524,Robert,Young,Male,1999-01-28,USA
3525,Emma,Clark,Female,1961-05-19,Singapore
3526,Isabella,Young,Male,1960-11-18,UK
3527,Ella,Lewis,Female,1976-05-25,Australia
3528,Amelia,White,Female,1989-08-01,Singapore
3529,Isabella,Scott,Male,1997-09-23,Germany
3530,Ella,King,Male,1989-01-13,Australia
3531,Michael,Wilson,Male,1993-03-25,Germany
3532,Joseph,Martin,Male,1967-09-20,Brazil
3533,Michael,Allen,Male,1966-05-10,Germany
3534,Emma,Walker,Male,1986-02-28,Brazil
3535,Joseph,Martin,Male,1989-02-14,Brazil
3536,Michael,Clark,Female,2001-05-20,Singapore
3537,Thomas,Anderson,Male,1962-05-12,Brazil
3538,Ella,Young,Male,1976-11-28,Australia
3539,Emma,Thomas,Female,1981-05-03,India
3540,Ava,Wilson,Female,2002-11-12,Australia
3541,Emma,Taylor,Female,1963-03-17,Japan
3542,Amelia,Brown,Male,1963-04-14,Australia
3543,Emma,Allen,Male,1960-01-23,France
3544,Mia,Brown,Male,1972-09-06,UK
3545,Michael,Martin,Male,1962-03-29,USA
3546,Joseph,Walker,Female,1972-08-07,Brazil
3547,Matthew,Thomas,Female,1991-05-10,UK
3548,James,Allen,Male,1980-10-19,UK
3549,Matthew,Lewis,Female,1966-05-17,UK
3550,William,Walker,Male,1982-01-24,Brazil
3551,Joseph,Thomas,Male,1990-11-07,France
3552,Emily,White,Female,1968-08-04,Brazil
3553,Ella,Thomas,Female,2000-01-30,France
3554,Mia,Smith,Male,1992-08-31,Australia
3555,Mia,Scott,Female,1962-04-14,Japan
3556,Ava,Clark,Female,1967-05-17,UK
3557,John,Smith,Male,2003-07-10,Canada
3558,Daniel,Lewis,Male,1963-04-17,France
3559,Olivia,Brown,Female,1971-04-12,Australia
3560,Michael,Thomas,Male,1991-05-30,India
3561,Amelia,Scott,Male,1970-02-12,Australia
3562,Michael,Jackson,Male,1962-02-27,Brazil
3563,Isabella,Smith,Male,1961-04-04,USA
3564,Isabella,Scott,Male,1989-01-22,Germany
3565,William,Taylor,Male,1991-09-30,Canada
3566,Mia,Lee,Male,1986-07-09,India
3567,David,White,Male,1974-09-19,France
3568,Isabella,Martin,Female,2002-06-15,Brazil
3569,Ava,Harris,Female,1996-03-02,Australia
3570,Robert,Wright,Female,1980-12-07,UK
3571,Michael,Young,Female,1989-12-28,France
3572,Harper,Anderson,Male,1977-11-13,Singapore
3573,Joseph,Martin,Male,2002-08-05,Germany
3574,Sophia,Thomas,Male,1987-10-18,Germany
3575,Mia,Thomas,Female,1992-04-26,Australia
3576,Daniel,Brown,Male,1979-10-31,USA
3577,William,Brown,Female,1964-08-05,Japan
3578,Joseph,Anderson,Male,1961-03-25,Australia
3579,William,Taylor,Female,1965-08-05,Brazil
3580,Joseph,Thomas,Female,1986-10-04,UK
3581,James,Thomas,Female,1963-01-09,Canada
3582,Emma,Allen,Male,2000-09-01,UK
3583,James,Walker,Female,1973-05-19,India
3584,Emily,Brown,Female,1965-10-19,USA
3585,Emma,Lee,Male,1974-11-15,UK
3586,John,Lewis,Female,1993-03-17,Brazil
3587,Michael,Lee,Male,1971-04-22,USA
3588,Sophia,Brown,Female,1986-04-16,UK
3589,Mia,Young,Male,1984-11-24,India
3590,Thomas,Wright,Male,2003-06-23,India
3591,Isabella,Jackson,Male,1975-05-05,UK
3592,Joseph,Harris,Male,1962-05-09,Canada
3593,Ava,Taylor,Female,1998-11-10,USA
3594,Olivia,Wright,Male,1993-08-09,India
3595,Olivia,Harris,Male,1963-10-31,USA
3596,Michael,Hall,Male,2002-01-12,Singapore
3597,Harper,Harris,Male,2001-06-14,France
3598,Mia,Hall,Female,1976-12-31,Brazil
3599,Sophia,Jackson,Female,1961-03-03,France
3600,Daniel,Walker,Male,1996-12-02,UK
3601,James,Smith,Male,1989-10-26,UK
3602,Michael,Harris,Male,1971-01-18,USA
3603,William,Walker,Female,1975-08-09,Brazil
3604,William,Martin,Female,1982-01-09,USA
3605,Sophia,Jackson,Male,2003-06-24,India
3606,Isabella,Martin,Female,1967-04-16,France
3607,James,Lee,Male,1980-12-03,Japan
3608,Ella,Lewis,Female,1977-01-02,Japan
3609,Joseph,Smith,Male,1972-08-15,Singapore
3610,Ava,Brown,Male,1997-08-09,UK
3611,John,Lee,Male,2001-11-10,Canada
3612,Sophia,Young,Female,1969-06-23,France
3613,William,Harris,Female,1972-11-21,France
3614,Daniel,White,Male,2000-12-14,Brazil
3615,Ella,Lee,Female,1961-12-31,Singapore
3616,Amelia,Taylor,Male,1977-12-06,Australia
3617,John,Wilson,Female,1985-12-16,Japan
3618,John,Harris,Female,1993-09-27,Australia
3619,Harper,Lee,Female,2000-11-03,India
3620,Amelia,Brown,Male,1967-12-04,UK
3621,Isabella,King,Male,1971-02-20,UK
3622,Isabella,Martin,Female,1973-12-28,USA
3623,James,Thomas,Male,1992-08-24,USA
3624,Thomas,Young,Female,1982-10-28,UK
3625,Sophia,Taylor,Female,1970-07-08,Germany
3626,James,Thomas,Male,1991-04-01,UK
3627,Michael,Lewis,Female,2002-08-11,France
3628,Robert,White,Male,1984-07-15,Germany
3629,Daniel,Martin,Female,1993-04-29,Germany
3630,John,Hall,Male,1964-09-11,UK
3631,Thomas,Martin,Male,1966-08-16,Australia
3632,Robert,Clark,Female,1966-09-27,Germany
3633,Mia,Walker,Female,1978-05-28,Australia
3634,Thomas,Smith,Female,1963-02-13,India
3635,Robert,Hall,Female,1967-04-02,India
3636,Ella,Young,Male,2002-06-15,Australia
3637,Olivia,Clark,Male,1975-12-04,Singapore
3638,Emily,Wright,Male,1973-11-16,Germany
3639,Ava,Allen,Male,1995-10-21,USA
3640,Michael,Clark,Male,1963-06-12,Germany
3641,Emily,Anderson,Male,1998-02-23,Canada
3642,John,King,Male,1997-04-24,Brazil
3643,Mia,Walker,Female,2001-08-16,Australia
3644,Amelia,Wilson,Male,1964-06-22,India
3645,Emily,Taylor,Male,2002-08-02,France
3646,David,Scott,Female,1996-10-06,India
3647,David,Walker,Male,1963-03-18,India
3648,Isabella,Thomas,Female,2001-12-16,France
3649,Emily,Lee,Female,1987-10-19,Canada
3650,Emily,Allen,Male,1999-05-26,Singapore
3651,Olivia,Walker,Female,1995-04-05,Germany
3652,Emma,Harris,Male,1984-11-21,Germany
3653,William,Anderson,Female,1961-04-15,Germany
3654,Isabella,Lewis,Female,1973-09-17,USA
3655,Olivia,Hall,Male,1996-06-10,UK
3656,Isabella,Lee,Male,1995-03-13,France
3657,James,Scott,Female,1979-02-19,Australia
3658,Ava,Allen,Female,1986-06-11,Germany
3659,Emma,Anderson,Female,1966-01-06,Singapore
3660,Olivia,King,Male,2001-07-13,UK
3661,Michael,Wright,Male,1973-12-22,Germany
3662,Joseph,Anderson,Male,1986-10-19,Canada
3663,Amelia,Lee,Male,1994-11-07,Australia
3664,Harper,Allen,Female,1984-04-10,India
3665,William,White,Female,1990-09-10,Germany
3666,Isabella,Thomas,Male,2000-09-05,Germany
3667,John,White,Male,1972-07-02,Brazil
3668,Daniel,Smith,Female,1986-11-29,Australia
3669,Ella,Anderson,Female,1966-07-08,Germany
3670,Thomas,Lewis,Male,1999-06-18,India
3671,Ella,Harris,Male,1965-04-02,India
3672,Emma,Wright,Male,1985-03-14,France
3673,Michael,Jackson,Female,1990-01-08,Japan
3674,Emily,Walker,Male,1966-05-10,Australia
3675,David,King,Male,1963-07-17,Germany
3676,John,Scott,Female,1968-12-04,Germany
3677,James,Young,Female,1966-04-06,Canada
3678,Emily,Allen,Male,1973-11-05,France
3679,Matthew,Allen,Female,1981-10-02,Canada
3680,Ava,Clark,Male,1987-06-11,India
3681,Sophia,Thomas,Male,1970-03-01,Brazil
3682,Robert,Scott,Male,1972-06-15,Brazil
3683,Michael,Hall,Male,1968-09-12,France
3684,Sophia,White,Male,1969-10-26,Germany
3685,Ella,Thomas,Male,1984-09-05,Japan
3686,Robert,Lee,Female,1984-03-24,Singapore
3687,Emma,Clark,Male,1983-06-17,Brazil
3688,Amelia,King,Female,1995-09-29,France
3689,Ava,Scott,Female,1966-01-11,France
3690,John,Brown,Female,1987-10-19,France
3691,Matthew,Smith,Female,1999-08-21,USA
3692,Thomas,Harris,Male,1999-04-08,India
3693,David,Anderson,Male,1996-07-29,USA
3694,Emma,Harris,Female,1998-09-04,USA
3695,Mia,Clark,Female,1995-12-30,Australia
3696,Ava,Martin,Female,1974-12-15,Canada
3697,James,Hall,Female,1963-02-19,UK
3698,Emma,Anderson,Female,1987-10-06,India
3699,James,Smith,Male,2000-04-17,Japan
3700,Daniel,Clark,Male,1979-08-29,Japan
3701,Mia,White,Male,1981-10-13,Singapore
3702,Olivia,Thomas,Female,1998-08-26,Canada
3703,Sophia,Smith,Male,1983-09-26,Australia
3704,Harper,Wright,Male,1976-03-16,Brazil
3705,Michael,Lee,Male,2002-07-01,India
3706,Thomas,Thomas,Female,1967-12-23,France
3707,Robert,Allen,Female,1998-03-05,UK
3708,Mia,King,Male,1977-12-06,USA
3709,Michael,Hall,Male,1980-11-01,Brazil
3710,William,Walker,Female,1993-08-16,Japan
3711,David,King,Female,1984-07-05,Australia
3712,Olivia,Brown,Female,1970-03-20,Australia
3713,Isabella,Clark,Male,1978-10-19,USA
3714,Daniel,Jackson,Male,1996-07-07,Brazil
3715,James,Jackson,Female,1995-05-13,USA
3716,Emily,Smith,Female,1975-07-26,Germany
3717,Amelia,Thomas,Female,1982-12-11,USA
3718,Emily,Hall,Female,1966-07-07,USA
3719,John,Harris,Female,1992-07-21,Australia
3720,Ava,Harris,Male,1985-01-05,Australia
3721,Robert,White,Male,1995-06-02,India
3722,Daniel,Lee,Female,1983-07-03,Germany
3723,David,Taylor,Male,1969-11-26,Japan
3724,Matthew,Harris,Male,1969-04-20,Germany
3725,Mia,Allen,Male,1965-05-22,Singapore
3726,William,Taylor,Male,1979-02-26,Germany
3727,Harper,Jackson,Female,1996-12-31,USA
3728,Isabella,Jackson,Male,1988-05-12,Australia
3729,Amelia,King,Male,1976-09-20,France
3730,Daniel,Smith,Female,1969-05-16,USA
3731,Amelia,Wright,Male,1980-12-08,USA
3732,Ava,Hall,Male,1979-01-26,Brazil
3733,Ava,Allen,Female,1971-08-08,Japan
3734,Ella,Brown,Female,1975-01-06,Japan
3735,Ava,King,Female,1991-03-23,Canada
3736,Matthew,Walker,Female,1990-12-08,Singapore
3737,Ava,Anderson,Female,2000-06-06,USA
3738,John,Allen,Male,2000-12-18,Australia
3739,Mia,Thomas,Female,1965-07-10,France
3740,Joseph,Lewis,Male,1971-06-20,France
3741,John,Scott,Female,1972-01-13,Germany
3742,John,Thomas,Female,1985-12-12,Singapore
3743,Harper,Harris,Male,1975-06-03,India
3744,Daniel,Thomas,Male,1970-02-11,UK
3745,Michael,Walker,Female,1983-09-18,France
3746,Mia,Allen,Female,1964-07-16,Australia
3747,Harper,Lee,Female,1972-07-22,Japan
3748,Daniel,Young,Female,1968-03-13,UK
3749,Harper,Young,Female,1994-12-05,Australia
3750,Joseph,Brown,Male,1978-05-23,Brazil
3751,Olivia,Lewis,Male,1979-01-10,France
3752,Thomas,Taylor,Female,1992-12-24,Brazil
3753,Emma,Brown,Female,2001-11-27,Germany
3754,Ava,Taylor,Male,1966-09-02,Canada
3755,Robert,Harris,Female,1977-07-21,India
3756,Robert,Lee,Female,1974-06-04,Australia
3757,Emma,Taylor,Female,1966-05-05,Japan
3758,David,King,Female,1970-08-12,UK
3759,Thomas,King,Female,1988-08-02,India
3760,James,Clark,Female,1999-03-21,Germany
3761,Michael,Anderson,Male,1978-03-12,Brazil
3762,Mia,Hall,Male,1982-05-27,Australia
3763,Joseph,Allen,Female,1990-06-12,Japan
3764,Isabella,Clark,Male,2002-03-12,Japan
3765,Ella,Allen,Female,1970-01-07,Brazil
3766,Robert,Scott,Male,1967-06-10,France
3767,Amelia,Walker,Male,1998-07-23,USA
3768,Olivia,Taylor,Female,1981-06-10,India
3769,Amelia,Smith,Male,1988-08-26,Brazil
3770,Ella,Smith,Male,1968-11-17,Australia
3771,Thomas,Hall,Female,1964-06-07,Brazil
3772,Thomas,Martin,Male,2002-08-23,Canada
3773,Amelia,Martin,Female,1970-10-19,Australia
3774,Isabella,Clark,Female,1976-03-31,India
3775,Isabella,Brown,Male,1963-02-15,France
3776,Joseph,Jackson,Male,1997-11-19,Australia
3777,Michael,Young,Male,1999-01-20,Canada
3778,Matthew,Clark,Male,1960-11-21,France
3779,Mia,Harris,Male,1977-07-15,Brazil
3780,Matthew,Thomas,Male,1999-04-16,France
3781,James,Wright,Male,1989-05-17,Singapore
3782,Emily,Smith,Female,1967-08-14,India
3783,Emily,Hall,Male,1983-10-30,Australia
3784,Ava,Wilson,Female,2002-07-15,Germany
3785,John,Jackson,Male,1982-06-04,Germany
3786,Ava,Taylor,Male,1967-04-05,India
3787,William,Anderson,Male,1969-04-02,USA
3788,William,Anderson,Female,1960-06-29,Canada
3789,William,King,Female,1977-04-15,Singapore
3790,Sophia,Young,Female,1976-07-29,Canada
3791,Daniel,Thomas,Female,2003-04-28,Japan
3792,David,Hall,Female,1986-07-07,UK
3793,David,Lewis,Female,1981-03-29,Canada
3794,Daniel,Lewis,Male,1993-05-27,Australia
3795,David,Lewis,Male,1992-08-31,France
3796,Ella,Walker,Female,2003-08-08,Germany
3797,Amelia,Young,Male,1960-10-24,UK
3798,Isabella,Clark,Male,1993-04-15,Australia
3799,Ella,Clark,Female,1970-02-17,Brazil
3800,Joseph,Smith,Male,1976-01-18,USA
3801,Daniel,Clark,Female,1994-03-03,USA
3802,Ella,Wright,Male,1985-02-21,USA
3803,Harper,Wilson,Female,1964-04-15,Japan
3804,James,White,Female,1963-11-11,Brazil
3805,Emma,Anderson,Male,1995-07-20,Singapore
3806,David,Martin,Female,2002-05-06,Canada
3807,Sophia,Young,Male,1972-06-12,USA
3808,Olivia,King,Male,1990-11-26,France
3809,Joseph,Jackson,Male,1972-03-07,USA
3810,Amelia,Wright,Male,1963-09-27,Singapore
3811,David,Jackson,Male,1980-05-17,Australia
3812,Robert,Hall,Female,1971-02-07,France
3813,Joseph,Jackson,Female,1982-03-07,Canada
3814,Ava,Harris,Female,1977-11-06,Brazil
3815,Sophia,Jackson,Male,1972-05-27,France
3816,William,White,Female,1966-08-19,India
3817,Daniel,Scott,Female,2001-05-23,UK
3818,Michael,Scott,Male,1980-06-06,Canada
3819,Michael,Lewis,Male,1990-07-05,Australia
3820,John,Harris,Female,1983-03-24,Japan
3821,Harper,Scott,Female,1992-10-17,Canada
3822,Sophia,Wilson,Male,1974-09-11,UK
3823,Olivia,Anderson,Female,1983-10-15,Singapore
3824,Amelia,Harris,Female,1993-06-09,USA
3825,Matthew,Wright,Female,2002-03-22,USA
3826,Isabella,Taylor,Female,1972-05-26,Japan
3827,James,Jackson,Female,1975-05-04,Singapore
3828,David,Thomas,Female,1985-09-25,USA
3829,Isabella,Brown,Male,1992-06-02,Brazil
3830,Matthew,Lewis,Male,1994-05-21,Canada
3831,Ava,Hall,Male,1974-11-19,France
3832,Harper,Lewis,Male,1990-06-17,France
3833,Joseph,Lee,Female,1996-12-04,France
3834,James,Harris,Female,1967-12-18,Japan
3835,John,Brown,Male,1993-11-02,Japan
3836,Robert,Wright,Female,1963-05-20,Singapore
3837,Sophia,Jackson,Female,1978-01-26,Brazil
3838,Daniel,Harris,Male,1973-02-10,India
3839,Joseph,Taylor,Male,1974-11-23,France
3840,Harper,Harris,Female,1966-07-07,UK
3841,Amelia,Martin,Male,1993-12-31,Brazil
3842,Ava,Thomas,Female,1985-12-17,France
3843,Daniel,Walker,Male,1968-08-20,Japan
3844,Emily,Wilson,Male,1970-07-11,Japan
3845,Thomas,Harris,Male,1962-01-12,Singapore
3846,Ella,Lee,Female,1997-06-20,Germany
3847,Emily,Brown,Male,1967-03-01,Singapore
3848,Joseph,Scott,Male,1992-12-23,India
3849,Daniel,Walker,Female,1963-08-11,Australia
3850,Sophia,Martin,Male,1990-03-21,USA
3851,Ella,Clark,Male,2003-06-23,Japan
3852,Amelia,Allen,Male,1992-01-29,Japan
3853,William,Wright,Female,2003-01-01,Australia
3854,Robert,Young,Male,1972-05-20,Brazil
3855,William,Harris,Female,1960-12-29,Canada
3856,Emma,Wilson,Male,1989-12-17,Brazil
3857,Emma,Scott,Female,1977-04-13,Japan
3858,Michael,Wilson,Female,1974-01-10,Canada
3859,Emily,Jackson,Male,1996-02-16,Brazil
3860,Thomas,White,Male,2001-11-23,Canada
3861,Mia,King,Female,2003-02-15,USA
3862,John,White,Female,1989-05-31,Singapore
3863,Emma,Thomas,Male,1979-12-09,UK
3864,Ava,Walker,Male,1966-12-06,Brazil
3865,Amelia,Martin,Female,1989-12-04,UK
3866,Ella,Young,Male,1984-06-07,Germany
3867,Thomas,Allen,Male,1992-04-26,UK
3868,David,Anderson,Female,1980-01-04,Australia
3869,William,Walker,Male,1967-03-18,Japan
3870,Daniel,Martin,Female,1982-04-07,Brazil
3871,Ava,Lee,Male,1974-12-24,India
3872,James,Taylor,Female,1967-05-29,USA
3873,Robert,Brown,Male,1992-11-12,India
3874,Michael,Taylor,Female,1978-02-21,France
3875,Ella,Wright,Female,1962-09-18,Canada
3876,Mia,Smith,Male,1988-08-16,India
3877,Ella,White,Female,1996-11-16,USA
3878,Harper,Lee,Female,1999-07-13,USA
3879,Emma,Walker,Female,1984-01-01,Singapore
3880,Amelia,Hall,Female,1967-08-25,Japan
3881,Robert,Thomas,Male,1962-07-30,USA
3882,William,Lewis,Male,1971-05-27,Canada
3883,Sophia,White,Male,1965-07-15,Singapore
3884,John,White,Male,1965-12-05,Canada
3885,John,King,Male,1960-08-22,Germany
3886,David,White,Female,1961-05-14,Japan
3887,Amelia,Young,Male,1971-06-12,Singapore
3888,Thomas,Jackson,Male,1984-02-05,Australia
3889,Olivia,Wilson,Female,1999-11-28,France
3890,James,White,Female,1961-01-02,USA
3891,David,Lewis,Male,1982-07-11,Japan
3892,Emily,White,Female,1964-09-16,UK
3893,James,White,Female,2000-11-13,Australia
3894,Michael,Wilson,Male,1971-06-30,Singapore
3895,James,Walker,Male,1998-03-08,Japan
3896,Matthew,Wilson,Male,1988-09-02,Singapore
3897,Harper,Brown,Female,1978-06-21,Australia
3898,David,Lee,Female,1990-03-16,Japan
3899,Olivia,Taylor,Female,1996-10-11,Japan
3900,Ava,Brown,Male,1979-12-09,USA
3901,Amelia,Harris,Female,1991-05-18,USA
3902,Ella,Lee,Female,1965-09-01,Japan
3903,Mia,King,Male,1969-04-27,USA
3904,Michael,Harris,Male,2003-08-10,USA
3905,Isabella,Lewis,Male,1979-10-12,Singapore
3906,David,Thomas,Male,1963-04-07,France
3907,Amelia,Wilson,Female,1977-03-17,Australia
3908,Olivia,Harris,Male,1984-02-11,USA
3909,Daniel,Lewis,Male,1976-03-17,Australia
3910,John,Brown,Female,1984-02-15,Japan
3911,Isabella,Hall,Female,1969-06-25,Germany
3912,James,Harris,Male,1970-10-15,Canada
3913,Harper,White,Female,1965-07-31,Canada
3914,William,Wright,Female,1984-10-21,Brazil
3915,Joseph,Wilson,Female,1977-01-13,Canada
3916,Emily,King,Female,1974-01-16,Brazil
3917,William,Clark,Female,1990-04-29,Japan
3918,Isabella,Allen,Female,1982-08-04,Canada
3919,Matthew,Lewis,Male,1974-11-03,Germany
3920,Amelia,Martin,Female,1972-11-05,UK
3921,Sophia,Allen,Male,1988-02-07,Brazil
3922,Harper,Thomas,Female,2003-10-02,Brazil
3923,William,Thomas,Male,1975-01-01,India
3924,Mia,Anderson,Male,1988-12-08,Singapore
3925,Joseph,Hall,Female,2000-01-17,Germany
3926,Thomas,Brown,Female,1997-08-12,Australia
3927,William,Allen,Male,1989-07-13,Australia
3928,Amelia,Wilson,Male,2001-12-12,UK
3929,Emma,Wright,Male,2000-01-09,Singapore
3930,Joseph,Taylor,Female,1978-10-20,Canada
3931,Olivia,Wilson,Female,1969-05-09,France
3932,Olivia,Thomas,Female,1982-09-30,Canada
3933,Ava,Lee,Female,1960-04-06,Singapore
3934,Matthew,Harris,Male,1972-09-25,Germany
3935,Isabella,Lewis,Female,2000-10-20,Japan
3936,David,Clark,Female,1995-06-30,France
3937,Matthew,Smith,Male,1992-07-11,Canada
3938,Amelia,Scott,Male,1975-07-24,Canada
3939,Emily,White,Male,2000-10-08,France
3940,Ava,Taylor,Male,1994-02-27,Singapore
3941,Harper,Walker,Female,1997-12-12,Germany
3942,Mia,Lewis,Male,1978-01-27,UK
3943,Harper,Walker,Male,2001-08-24,USA
3944,Robert,Young,Female,1995-01-03,France
3945,David,Anderson,Female,1991-06-16,Japan
3946,Amelia,Lee,Male,1972-08-22,UK
3947,James,Young,Female,1973-03-21,Australia
3948,Joseph,Thomas,Female,2000-09-13,USA
3949,Daniel,Harris,Male,2001-08-18,Brazil
3950,David,Brown,Female,1988-12-27,Japan
3951,Daniel,Young,Female,1994-01-22,Singapore
3952,James,Lee,Male,1964-11-22,Canada
3953,Thomas,Hall,Female,1962-12-09,Germany
3954,Amelia,Martin,Female,1992-10-17,UK
3955,James,Thomas,Female,1987-12-18,France
3956,Isabella,White,Female,1982-04-02,Japan
3957,Michael,Martin,Male,1968-10-11,Japan
3958,William,Allen,Male,1967-12-23,Germany
3959,Amelia,Clark,Female,1964-10-23,Singapore
3960,Olivia,Clark,Female,1963-04-09,Brazil
3961,Emily,Young,Male,1960-04-15,Singapore
3962,Michael,Jackson,Male,2000-01-14,UK
3963,Harper,Brown,Male,1990-07-30,Brazil
3964,Ella,Martin,Male,1999-01-23,Singapore
3965,James,Allen,Male,1988-04-14,Japan
3966,Isabella,Scott,Female,1966-02-17,Australia
3967,John,Wilson,Male,1965-10-10,Japan
3968,Matthew,Taylor,Female,1967-06-08,UK
3969,Isabella,Jackson,Male,1979-04-13,Brazil
3970,Sophia,Brown,Male,1994-05-19,Brazil
3971,Matthew,Thomas,Male,1966-09-30,Australia
3972,Ava,Jackson,Female,1964-08-24,Singapore
3973,Mia,Hall,Male,1961-03-24,Singapore
3974,Isabella,Clark,Female,1984-09-28,India
3975,Joseph,Brown,Male,1963-02-09,Australia
3976,Emily,Scott,Female,1987-11-17,Brazil
3977,Thomas,Scott,Male,1965-03-04,France
3978,John,Taylor,Female,1969-08-01,Canada
3979,Matthew,King,Male,2001-04-05,India
3980,David,Brown,Female,1990-12-27,India
3981,Michael,Allen,Female,1993-07-03,Singapore
3982,Sophia,Young,Male,2001-09-14,India
3983,Ella,Harris,Female,1965-06-04,UK
3984,Olivia,Smith,Male,1961-10-27,India
3985,Amelia,Anderson,Male,2002-07-01,Japan
3986,Emily,Anderson,Male,2000-01-28,UK
3987,Ava,Smith,Female,1965-04-09,Brazil
3988,Olivia,Allen,Male,1997-08-25,Germany
3989,Daniel,Lee,Female,1988-12-23,Germany
3990,Ava,Harris,Female,1991-02-19,USA
3991,Ella,Brown,Female,1995-12-31,Singapore
3992,Harper,Hall,Female,1979-11-28,Canada
3993,Harper,Lee,Male,1999-02-23,India
3994,Michael,Harris,Male,1996-05-17,Canada
3995,Ava,Hall,Female,1966-10-19,Germany
3996,Sophia,Taylor,Female,1984-07-29,Canada
3997,Harper,Anderson,Female,1984-09-09,India
3998,Joseph,Wright,Female,1977-05-29,Canada
3999,Robert,Clark,Female,1969-10-22,Singapore
4000,Ella,White,Female,1993-04-15,USA
4001,James,Young,Female,1996-08-16,Singapore
4002,Sophia,Taylor,Male,2001-05-22,Japan
4003,Thomas,Wright,Male,1985-06-17,India
4004,William,Martin,Male,1988-08-13,Brazil
4005,John,Taylor,Male,1981-08-22,Singapore
4006,Olivia,Martin,Male,1966-04-03,USA
4007,James,Taylor,Female,1997-01-01,Canada
4008,Harper,Smith,Female,1997-04-21,India
4009,Olivia,Anderson,Male,1967-08-03,Singapore
4010,Amelia,Brown,Female,1978-02-15,Germany
4011,Ava,Lewis,Female,1996-12-21,India
4012,Isabella,Thomas,Female,1963-10-18,Singapore
4013,Sophia,Allen,Male,1997-12-11,Brazil
4014,Emily,Taylor,Female,1975-08-05,USA
4015,Amelia,Anderson,Male,1976-04-01,Singapore
4016,Matthew,Lee,Male,1991-09-24,Japan
4017,Olivia,Jackson,Female,1991-07-17,Japan
4018,Daniel,Martin,Male,1960-04-24,USA
4019,John,White,Male,1960-04-24,USA
4020,Joseph,White,Male,1995-06-02,Australia
4021,Olivia,Taylor,Male,1981-10-05,Canada
4022,Isabella,Lee,Female,1998-08-15,Australia
4023,Michael,Wright,Male,1988-12-19,USA
4024,Daniel,Thomas,Female,1995-10-26,USA
4025,Harper,Jackson,Male,1978-01-05,Singapore
4026,Amelia,Thomas,Male,2000-01-26,Germany
4027,Thomas,Martin,Female,1995-02-05,Singapore
4028,Sophia,King,Female,1999-10-27,Singapore
4029,Ella,Martin,Male,1998-03-30,France
4030,Daniel,Thomas,Male,1981-04-12,Canada
4031,Amelia,King,Female,1970-05-24,Japan
4032,John,Martin,Male,1982-02-12,Brazil
4033,John,Lee,Male,1960-10-30,Germany
4034,Ella,Martin,Female,1990-04-07,Australia
4035,John,Harris,Male,2003-05-02,France
4036,John,Lewis,Male,1966-08-25,Singapore
4037,Michael,Anderson,Male,1971-05-07,Australia
4038,Matthew,Walker,Female,1983-06-03,UK
4039,Thomas,Anderson,Female,1968-02-02,India
4040,Olivia,Wilson,Male,1968-12-23,France
4041,David,Clark,Female,2002-04-09,Japan
4042,Emma,Martin,Male,1990-01-07,Australia
4043,Daniel,Hall,Female,1960-09-22,Germany
4044,Michael,Wright,Male,1963-01-19,India
4045,Daniel,Allen,Male,1981-04-07,USA
4046,James,Anderson,Female,1993-03-15,India
4047,David,Taylor,Male,2001-02-06,Brazil
4048,Emma,Martin,Female,2003-10-10,Singapore
4049,James,Wilson,Female,1986-10-02,Germany
4050,Mia,Scott,Female,1998-06-29,Brazil
4051,Mia,King,Female,1962-04-26,India
4052,Isabella,White,Female,1990-05-03,Singapore
4053,Emily,Jackson,Male,1990-09-21,Germany
4054,William,Young,Female,1969-11-21,Japan
4055,Robert,Wilson,Male,1990-08-22,Canada
4056,Matthew,White,Female,1986-08-25,Brazil
4057,Ella,Clark,Male,1993-01-12,Singapore
4058,Mia,Allen,Male,1975-10-18,India
4059,Matthew,Wright,Female,1977-10-24,France
4060,Olivia,Hall,Male,1973-05-09,UK
4061,Emma,Walker,Male,1986-02-03,Canada
4062,Emily,Harris,Male,1979-03-27,Brazil
4063,Michael,Allen,Female,1971-05-08,UK
4064,David,Clark,Female,2000-02-14,Singapore
4065,Matthew,Smith,Male,1966-08-03,Singapore
4066,Olivia,Clark,Female,1975-01-23,Australia
4067,William,Young,Male,1977-06-10,Japan
4068,Ella,King,Male,1982-12-20,Canada
4069,Robert,Thomas,Female,1974-06-09,France
4070,Mia,Taylor,Female,1977-03-22,India
4071,Isabella,Anderson,Female,1990-07-14,Singapore
4072,Joseph,Smith,Male,1989-08-20,Australia
4073,Ava,Smith,Female,1993-08-15,France
4074,James,Taylor,Female,2000-05-18,UK
4075,Sophia,Lee,Female,1982-02-07,Singapore
4076,Isabella,Wilson,Female,1994-07-15,Singapore
4077,Sophia,Allen,Female,1984-10-01,France
4078,Thomas,Allen,Female,1974-08-02,Germany
4079,Robert,Smith,Female,1984-02-03,Australia
4080,Daniel,Walker,Male,1964-07-30,Germany
4081,Harper,Young,Male,1996-03-19,France
4082,Ava,Hall,Male,1974-11-10,Germany
4083,Emma,Martin,Male,1976-10-11,Brazil
4084,John,King,Female,1999-12-20,France
4085,Ella,Young,Female,1975-01-25,France
4086,Michael,White,Female,1970-02-15,Canada
4087,Emma,Lee,Female,2002-02-24,Australia
4088,Isabella,Smith,Female,1976-07-09,Japan
4089,Emily,Jackson,Male,1968-12-12,Australia
4090,John,Thomas,Female,1971-07-20,USA
4091,Isabella,Martin,Male,1990-10-25,Singapore
4092,Joseph,Thomas,Male,1970-02-10,Brazil
4093,Sophia,Brown,Female,1974-03-06,Japan
4094,William,Hall,Male,1971-12-23,Brazil
4095,Emily,Harris,Female,1970-01-28,Brazil
4096,Emma,Martin,Female,1990-09-23,Canada
4097,Isabella,Young,Female,1974-04-02,India
4098,Amelia,Scott,Female,1986-02-02,UK
4099,Michael,Clark,Female,1991-05-19,USA
4100,David,Smith,Male,1974-02-14,Japan
4101,Michael,Thomas,Male,1975-10-10,Singapore
4102,Harper,Anderson,Female,1974-02-17,UK
4103,William,Martin,Male,2001-05-27,Singapore
4104,James,Scott,Male,1967-11-06,Australia
4105,Harper,Allen,Male,1967-07-27,India
4106,Daniel,Brown,Male,1982-11-04,Japan
4107,Michael,Lee,Female,1999-11-03,France
4108,Olivia,Lee,Female,1977-02-25,Australia
4109,Thomas,Lewis,Male,1993-03-16,India
4110,John,Jackson,Male,1981-04-30,Canada
4111,James,King,Female,1962-06-14,Canada
4112,Joseph,Allen,Male,1977-12-16,France
4113,Michael,Allen,Male,1988-07-22,Australia
4114,Amelia,Wright,Male,1984-07-26,France
4115,Ella,Harris,Male,1988-08-18,Japan
4116,David,Smith,Male,1972-09-24,UK
4117,Mia,Brown,Male,1985-09-29,USA
4118,Olivia,Scott,Female,1999-11-13,Brazil
4119,Sophia,Smith,Male,1983-10-20,Germany
4120,Emma,Wright,Male,1998-02-02,Germany
4121,Sophia,Lee,Male,2003-02-06,Brazil
4122,Ava,Anderson,Female,1969-12-07,UK
4123,Sophia,Taylor,Male,1998-12-19,Brazil
4124,James,Smith,Female,1974-05-24,Japan
4125,Sophia,Lee,Female,1978-07-26,India
4126,Joseph,Allen,Male,1963-11-27,Germany
4127,Amelia,Allen,Female,1981-02-26,Brazil
4128,Michael,Anderson,Male,1965-11-26,UK
4129,William,Allen,Male,1994-08-28,Japan
4130,Matthew,Clark,Male,1974-08-23,Canada
4131,William,Thomas,Male,1963-03-30,Australia
4132,Daniel,Scott,Male,1981-09-19,India
4133,David,Allen,Male,1972-03-19,USA
4134,Michael,Brown,Male,1963-05-08,France
4135,Isabella,Brown,Male,1976-06-08,Germany
4136,Daniel,King,Female,1997-09-21,Australia
4137,Mia,Smith,Female,1961-03-25,Japan
4138,John,Lee,Male,1992-07-20,USA
4139,William,Allen,Female,1991-03-25,UK
4140,Mia,Scott,Female,1969-01-26,France
4141,Olivia,Lee,Female,1981-04-30,Brazil
4142,Emma,Brown,Female,1977-02-08,Singapore
4143,John,Wilson,Female,1994-02-10,Japan
4144,Ella,Taylor,Female,1984-06-06,USA
4145,Emma,Jackson,Female,2003-03-18,France
4146,David,King,Female,1962-12-12,Japan
4147,Michael,King,Female,1970-11-17,Germany
4148,Emma,Lewis,Female,1997-07-06,Japan
4149,Thomas,White,Female,1960-05-20,India
4150,Daniel,King,Male,1992-12-08,Brazil
4151,Michael,Smith,Male,1969-05-18,USA
4152,Thomas,Smith,Male,1970-04-04,Brazil
4153,Robert,Scott,Female,1996-12-07,Brazil
4154,John,Wright,Male,1998-04-14,Brazil
4155,David,Anderson,Male,2002-04-18,India
4156,John,Lewis,Female,1970-09-06,Singapore
4157,Harper,Lee,Male,1963-08-28,Australia
4158,Harper,Smith,Female,1989-07-25,Brazil
4159,Robert,Wright,Female,1978-11-01,Singapore
4160,Ella,Lee,Male,1982-07-01,Singapore
4161,James,Martin,Female,1986-11-24,UK
4162,Daniel,Allen,Female,1966-01-27,USA
4163,Matthew,Clark,Male,1967-12-31,Singapore
4164,David,Allen,Female,1994-08-27,USA
4165,Daniel,White,Male,1964-02-02,Canada
4166,Olivia,Clark,Female,1991-07-02,Germany
4167,Emma,Walker,Female,1972-01-12,USA
4168,Emma,Brown,Female,1996-05-09,Australia
4169,Emily,Wright,Female,1998-02-28,Singapore
4170,Emily,Lee,Male,1970-05-07,India
4171,Robert,Anderson,Male,1973-12-13,Australia
4172,John,Anderson,Male,1986-12-15,Singapore
4173,Harper,Clark,Male,1992-04-29,Germany
4174,Michael,Martin,Male,1963-02-08,Japan
4175,John,Allen,Male,1968-06-21,India
4176,Ella,Lewis,Female,1986-07-09,India
4177,Emma,Walker,Male,1982-12-02,UK
4178,Olivia,White,Male,1992-10-22,France
4179,Olivia,Anderson,Male,1994-06-12,Singapore
4180,Robert,Wilson,Female,1986-05-16,Australia
4181,John,Martin,Female,1979-03-27,UK
4182,Thomas,King,Female,1995-01-10,Australia
4183,Daniel,Smith,Female,1966-11-09,Singapore
4184,Harper,Wilson,Female,1968-09-07,Germany
4185,Harper,Smith,Male,1970-12-12,UK
4186,Harper,Walker,Female,1997-06-13,Singapore
4187,Emily,Lee,Female,1961-02-01,Germany
4188,Isabella,Lee,Female,1975-07-24,Japan
4189,Isabella,Walker,Female,2003-06-07,Germany
4190,Emma,Martin,Male,1982-05-25,UK
4191,Thomas,Lewis,Female,1981-10-05,India
4192,Emma,Martin,Female,1983-01-24,Germany
4193,Emily,Lee,Female,1982-06-27,Singapore
4194,Michael,White,Male,1974-09-04,Canada
4195,Isabella,Wright,Male,1984-12-16,France
4196,Thomas,Young,Male,1992-06-10,India
4197,James,Wright,Female,1986-04-27,Australia
4198,Ella,Lewis,Male,1964-04-27,India
4199,William,White,Male,1961-05-23,Canada
4200,William,Lee,Male,1974-10-28,UK
4201,Robert,Clark,Male,1984-09-22,Australia
4202,Ava,Young,Female,1964-11-17,Germany
4203,John,Wilson,Male,1986-01-07,India
4204,Michael,Walker,Male,1991-10-29,Brazil
4205,David,Brown,Female,2000-03-16,India
4206,Mia,Jackson,Female,1971-12-21,USA
4207,John,Lee,Female,1976-09-08,Japan
4208,David,Wright,Male,1987-09-15,UK
4209,Mia,Young,Male,1971-08-02,Brazil
4210,Isabella,Walker,Female,1991-09-30,Australia
4211,Robert,Scott,Male,2002-11-27,UK
4212,Emily,Scott,Female,2002-09-20,UK
4213,Emma,King,Male,1988-11-25,Canada
4214,Amelia,White,Female,1973-01-16,USA
4215,Sophia,Smith,Male,2003-08-11,Japan
4216,Matthew,Hall,Female,1984-04-11,UK
4217,Olivia,Young,Male,2000-05-23,Germany
4218,Ella,Harris,Female,1972-05-15,Brazil
4219,Amelia,Smith,Female,1969-07-19,UK
4220,Robert,Wilson,Male,1988-08-08,Brazil
4221,Ella,Allen,Female,2002-12-29,France
4222,Ella,Walker,Female,1991-06-13,France
4223,Mia,Brown,Male,2003-09-02,France
4224,James,Hall,Male,1985-12-31,France
4225,Ava,Lee,Male,1982-03-01,UK
4226,Ella,Walker,Female,1988-11-24,India
4227,Ella,Harris,Male,1984-06-23,Singapore
4228,Joseph,King,Female,1992-10-25,Australia
4229,Sophia,Hall,Male,1970-04-24,Germany
4230,John,Martin,Female,1995-08-24,USA
4231,Emma,Brown,Female,1967-04-11,Japan
4232,James,Allen,Female,1972-04-25,India
4233,Thomas,White,Female,1987-09-27,UK
4234,Amelia,Smith,Male,1996-04-30,Singapore
4235,Matthew,White,Female,1974-11-26,Japan
4236,Joseph,Brown,Male,1971-04-14,Australia
4237,David,Young,Female,1982-06-21,Australia
4238,Michael,White,Female,1969-07-21,Australia
4239,Sophia,Jackson,Male,1987-09-25,Singapore
4240,Michael,Martin,Female,1983-03-09,USA
4241,Thomas,Lewis,Female,1969-06-26,Brazil
4242,Matthew,Young,Male,1998-06-23,USA
4243,Joseph,Scott,Female,1970-02-07,Germany
4244,David,King,Male,1992-12-31,Australia
4245,Daniel,Scott,Male,1987-06-06,Germany
4246,Emily,Lee,Male,2001-04-08,Australia
4247,Joseph,Wilson,Male,1963-06-15,USA
4248,Michael,White,Female,1976-09-27,Germany
4249,James,Clark,Female,2003-10-09,Singapore
4250,Olivia,Allen,Female,1995-02-27,France
4251,Harper,Lee,Female,1966-03-01,France
4252,Olivia,Smith,Female,1972-08-25,India
4253,Thomas,Thomas,Male,1983-05-14,France
4254,Sophia,Smith,Female,1960-01-10,Canada
4255,Emily,Lewis,Female,2002-11-18,India
4256,James,Lee,Female,2000-12-30,Canada
4257,John,Harris,Male,1998-09-24,UK
4258,Robert,Lewis,Female,1984-06-04,India
4259,Robert,Smith,Male,2002-04-18,Germany
4260,Emma,Lee,Female,1989-08-22,USA
4261,Ella,Jackson,Female,1993-03-21,Japan
4262,Joseph,Martin,Female,1967-04-04,UK
4263,Ava,Smith,Female,1967-05-19,Japan
4264,Emily,Brown,Female,1994-06-21,Australia
4265,Robert,Harris,Male,2000-01-03,Australia
4266,Amelia,Thomas,Female,1988-04-29,India
4267,Olivia,Lee,Female,1994-06-22,Japan
4268,Joseph,Lewis,Male,1989-01-03,Canada
4269,John,Thomas,Male,1995-01-10,Singapore
4270,William,Martin,Female,1967-08-29,Germany
4271,Michael,Anderson,Male,1994-12-10,France
4272,Daniel,Smith,Male,1995-02-06,France
4273,Emma,Young,Male,1962-05-31,India
4274,Daniel,Scott,Female,1974-12-03,India
4275,David,King,Male,1971-09-16,Australia
4276,Harper,Martin,Female,1962-10-24,Singapore
4277,Daniel,Lee,Male,1976-08-16,Canada
4278,John,Lewis,Male,1994-11-03,Singapore
4279,Ava,Taylor,Female,1960-10-04,France
4280,Robert,Young,Female,1993-11-17,Canada
4281,Isabella,Martin,Female,1969-02-03,Germany
4282,Harper,Allen,Male,1983-07-24,France
4283,Ella,Brown,Male,1991-05-10,France
4284,Michael,Harris,Female,1967-01-09,Brazil
4285,Ella,Clark,Male,1980-10-28,Singapore
4286,Amelia,Taylor,Male,1996-06-07,USA
4287,Amelia,Wilson,Male,1974-11-26,India
4288,Harper,Clark,Male,2002-03-15,Singapore
4289,Emma,Hall,Female,1983-02-20,Brazil
4290,Amelia,Jackson,Male,1966-06-02,France
4291,Ella,Allen,Female,1975-02-14,France
4292,David,Lee,Female,1991-01-26,USA
4293,Sophia,Lee,Female,1984-04-17,Germany
4294,Olivia,Scott,Male,1993-04-30,Japan
4295,James,Anderson,Female,2000-05-27,Brazil
4296,Emma,Young,Female,1977-05-05,Singapore
4297,Isabella,Brown,Female,1997-05-10,USA
4298,William,Hall,Female,1985-06-28,India
4299,Joseph,Thomas,Male,1992-12-01,France
4300,Emily,Allen,Female,1990-04-08,UK
4301,Thomas,Martin,Male,1966-11-05,Brazil
4302,Isabella,Allen,Female,1969-01-29,Singapore
4303,Amelia,Harris,Female,1968-12-10,Brazil
4304,Isabella,Scott,Female,2003-08-31,UK
4305,Amelia,Allen,Female,1998-11-17,France
4306,Michael,Walker,Female,1967-01-07,Brazil
4307,Olivia,White,Male,1981-01-21,Japan
4308,Michael,Martin,Female,1970-02-02,Japan
4309,Ella,Jackson,Female,1980-12-04,Australia
4310,William,Anderson,Male,1978-11-04,France
4311,Ava,Lewis,Male,1974-01-22,Japan
4312,Michael,Harris,Male,1963-12-10,USA
4313,Michael,Jackson,Female,1996-03-10,India
4314,Harper,Lee,Male,1988-07-26,Canada
4315,Michael,Walker,Female,1992-05-24,Brazil
4316,Joseph,Hall,Male,1993-05-15,Brazil
4317,John,Lee,Female,1983-01-17,India
4318,Joseph,Lee,Female,1960-06-18,Australia
4319,Sophia,Martin,Male,1969-09-14,India
4320,Harper,Taylor,Male,1977-09-25,Brazil
4321,Olivia,Young,Male,1985-09-06,India
4322,Ava,Lewis,Male,1965-01-26,Germany
4323,Ava,Jackson,Female,1998-03-06,UK
4324,Matthew,Brown,Female,1968-01-22,Japan
4325,Daniel,White,Female,1994-04-20,Germany
4326,Ava,Martin,Female,1974-01-23,India
4327,Isabella,Brown,Male,1984-11-26,Australia
4328,Mia,Brown,Female,1991-10-05,Australia
4329,John,Wright,Female,1961-09-07,USA
4330,Matthew,Taylor,Female,1990-11-08,Germany
4331,Daniel,White,Female,1965-07-06,Germany
4332,Amelia,Walker,Male,1966-12-15,Brazil
4333,William,Brown,Female,1983-12-02,Canada
4334,Ella,Allen,Male,1972-08-31,India
4335,Ava,Clark,Male,1976-09-21,Canada
4336,John,Brown,Female,1985-01-18,Singapore
4337,Mia,Thomas,Female,1990-07-28,Canada
4338,Michael,Martin,Male,1999-08-01,France
4339,Daniel,Allen,Male,1988-11-13,Germany
4340,Amelia,Clark,Female,1975-02-07,Canada
4341,Olivia,Lewis,Male,1964-09-15,UK
4342,Amelia,Lee,Female,2001-07-02,Japan
4343,John,Wright,Female,1965-12-01,France
4344,Robert,Jackson,Male,1983-07-18,UK
4345,David,Taylor,Male,1977-12-01,Japan
4346,Amelia,Lee,Female,1995-07-10,Singapore
4347,Michael,Wilson,Male,1995-04-20,Germany
4348,Emma,Lewis,Female,1997-03-26,UK
4349,David,Jackson,Female,1990-10-09,Singapore
4350,James,White,Male,1960-06-27,Japan
4351,Emma,Young,Female,1969-09-07,USA
4352,John,Hall,Male,1963-10-03,Canada
4353,Isabella,King,Male,1985-11-16,UK
4354,William,King,Male,1963-11-18,Germany
4355,David,Martin,Female,1966-01-12,India
4356,Thomas,Lewis,Female,2001-09-28,Japan
4357,Isabella,Walker,Female,1966-10-03,Canada
4358,Daniel,Thomas,Female,1988-12-03,India
4359,Emily,Hall,Female,1963-05-14,USA
4360,James,Scott,Male,1971-12-14,Brazil
4361,Mia,Scott,Male,1963-12-01,Australia
4362,William,Harris,Female,1998-04-26,Australia
4363,Matthew,Anderson,Female,1988-12-01,Singapore
4364,David,Taylor,Male,1992-08-09,USA
4365,Ella,Wilson,Male,1962-06-21,India
4366,Olivia,Allen,Female,1969-03-19,USA
4367,James,Young,Male,1980-06-01,Germany
4368,Sophia,Clark,Female,1996-06-29,UK
4369,Sophia,Brown,Female,1996-12-27,UK
4370,Joseph,Brown,Female,1974-06-14,Germany
4371,Michael,Martin,Male,1991-04-03,France
4372,Emily,Walker,Male,1965-07-03,Canada
4373,William,Wright,Male,1980-07-31,India
4374,David,Allen,Female,1984-10-08,Germany
4375,William,Hall,Male,2003-10-08,India
4376,Thomas,King,Male,1987-01-28,India
4377,Emma,Taylor,Male,1981-07-19,India
4378,Robert,Clark,Male,1978-01-31,Japan
4379,Olivia,Scott,Female,1981-04-05,Brazil
4380,Sophia,Hall,Female,1993-12-14,Canada
4381,Olivia,Wilson,Male,1988-11-09,India
4382,Robert,Hall,Male,1985-08-26,France
4383,Emma,Young,Female,1997-05-10,Brazil
4384,Emma,Wilson,Male,2003-02-25,Germany
4385,Isabella,Taylor,Female,1998-12-17,India
4386,Daniel,Allen,Female,1965-11-06,Singapore
4387,Robert,White,Male,1984-10-14,Japan
4388,William,Harris,Male,1994-10-12,Australia
4389,Michael,Hall,Female,1963-10-14,UK
4390,Emma,Smith,Male,1981-03-26,Singapore
4391,John,Young,Female,2003-03-09,Australia
4392,Isabella,Taylor,Female,1996-04-30,Singapore
4393,Joseph,White,Female,1997-06-10,Australia
4394,James,Lee,Female,1984-01-09,Canada
4395,David,Lewis,Female,1992-04-03,UK
4396,James,Thomas,Female,2002-06-19,Singapore
4397,John,Lee,Female,1967-10-28,Germany
4398,James,White,Male,1963-12-07,USA
4399,Michael,Lewis,Female,1999-03-18,Brazil
4400,Daniel,Wilson,Female,1967-01-09,UK
4401,Olivia,Martin,Female,1983-02-25,Germany
4402,Daniel,Allen,Male,1962-10-20,Brazil
4403,Harper,Brown,Male,1982-05-09,Brazil
4404,Amelia,Scott,Female,1999-02-15,Germany
4405,Harper,Anderson,Female,1999-07-16,Germany
4406,Emily,Martin,Female,1966-09-15,Germany
4407,Ava,Anderson,Female,1976-12-18,India
4408,Ella,Walker,Male,1994-08-01,UK
4409,Mia,Scott,Male,1994-02-12,Germany
4410,Emma,Harris,Male,1973-06-08,Brazil
4411,Matthew,Wright,Male,1966-03-29,France
4412,Matthew,Wilson,Male,1989-03-29,Japan
4413,Mia,Smith,Male,1980-10-03,France
4414,Sophia,Scott,Female,1981-09-11,France
4415,Amelia,Brown,Female,1981-05-03,Germany
4416,John,Harris,Male,1990-07-06,India
4417,Olivia,Brown,Male,1975-07-09,UK
4418,Thomas,Lee,Female,1994-01-26,Singapore
4419,David,Thomas,Male,1985-06-12,India
4420,John,Lee,Male,1964-09-22,Singapore
4421,Matthew,Scott,Male,1971-06-13,Brazil
4422,Sophia,Clark,Male,1977-07-24,Canada
4423,Robert,Brown,Female,1974-01-19,Germany
4424,Daniel,Young,Female,1997-02-26,Australia
4425,Amelia,Clark,Male,1979-01-25,France
4426,James,Brown,Male,1963-09-21,Japan
4427,Matthew,Clark,Male,1964-09-08,Australia
4428,James,Young,Male,1981-03-29,Australia
4429,Harper,Walker,Female,1965-05-25,Singapore
4430,Emma,Martin,Female,1969-04-05,France
4431,Harper,Young,Male,2001-09-04,Germany
4432,Emma,White,Male,1979-01-09,Germany
4433,David,Hall,Female,2001-06-02,Japan
4434,Ava,Smith,Male,1994-02-21,Singapore
4435,Ella,Scott,Male,1964-05-11,Singapore
4436,Harper,Clark,Female,1992-12-02,Canada
4437,Isabella,Anderson,Female,1996-07-24,UK
4438,Ava,Brown,Male,1965-05-13,Singapore
4439,John,Walker,Male,1964-07-03,Japan
4440,Robert,Clark,Male,1995-04-02,Japan
4441,James,Wright,Female,1983-03-18,Japan
4442,Daniel,Smith,Male,1964-07-31,USA
4443,David,Allen,Male,1996-07-05,Japan
4444,Harper,Jackson,Female,1976-05-14,Singapore
4445,Mia,Anderson,Female,1978-10-30,India
4446,David,Young,Female,1988-09-23,Australia
4447,Michael,King,Female,1980-05-02,USA
4448,Daniel,Martin,Male,1987-03-24,India
4449,Thomas,Brown,Female,1964-09-28,USA
4450,Amelia,Clark,Female,1965-07-13,France
4451,Robert,Smith,Male,1988-01-10,UK
4452,William,White,Female,1973-07-10,Canada
4453,Thomas,Smith,Female,1996-10-23,France
4454,Sophia,Martin,Male,1986-08-04,France
4455,Daniel,Scott,Female,1994-12-13,France
4456,Sophia,Thomas,Female,1975-10-23,UK
4457,James,King,Male,1980-10-30,USA
4458,Emma,Brown,Female,2002-12-20,Canada
4459,Joseph,Anderson,Male,1990-11-15,Australia
4460,Olivia,Clark,Male,1998-08-28,Japan
4461,William,Allen,Female,1980-07-26,Singapore
4462,Joseph,Lee,Male,1981-07-13,Japan
4463,Emily,Wilson,Female,1975-01-16,Canada
4464,Daniel,White,Female,1971-09-11,Japan
4465,David,Wright,Female,1995-12-04,Australia
4466,Amelia,Lewis,Male,1963-01-21,Germany
4467,John,Lewis,Female,1980-03-20,Singapore
4468,John,Wright,Male,1975-12-23,India
4469,Mia,Wright,Female,1978-02-15,USA
4470,Michael,Clark,Male,1970-02-26,Australia
4471,Mia,Wright,Female,1997-08-30,Canada
4472,Emma,Wright,Male,2003-08-16,USA
4473,Amelia,Thomas,Female,1988-06-06,India
4474,Olivia,Thomas,Male,1970-09-18,Brazil
4475,Ella,Allen,Female,1982-05-30,Singapore
4476,Ella,Wilson,Female,1961-11-06,Brazil
4477,Thomas,Walker,Male,1983-11-02,Canada
4478,Michael,Anderson,Female,1993-06-14,Japan
4479,Robert,Taylor,Male,1987-06-10,USA
4480,Mia,Martin,Female,1967-01-20,UK
4481,Robert,White,Female,1981-07-21,Germany
4482,Daniel,Taylor,Female,1976-07-01,Japan
4483,Robert,Scott,Male,1990-11-08,Australia
4484,Matthew,Brown,Female,1979-12-24,France
4485,Emily,Young,Male,1982-07-23,Germany
4486,William,Wright,Male,2002-10-02,Canada
4487,Thomas,Lewis,Female,1990-07-14,Canada
4488,Matthew,Lewis,Female,2002-02-11,India
4489,Daniel,Brown,Female,1970-12-22,USA
4490,John,Allen,Female,1962-11-07,Brazil
4491,Mia,Thomas,Female,1990-09-10,USA
4492,Harper,Clark,Male,1992-02-12,UK
4493,Emma,Clark,Male,1961-11-20,USA
4494,William,Thomas,Female,1993-09-07,Japan
4495,Matthew,Walker,Female,1970-06-12,Australia
4496,James,Scott,Male,1974-04-03,Brazil
4497,Joseph,Lee,Female,1988-12-24,Brazil
4498,Sophia,Jackson,Male,1990-01-20,UK
4499,Emma,Wright,Female,2002-11-11,Canada
4500,Thomas,Brown,Female,1982-02-11,Australia
4501,Matthew,Brown,Female,2002-10-19,Australia
4502,Joseph,Allen,Male,1987-04-07,USA
4503,Thomas,Harris,Female,1998-04-19,Japan
4504,Michael,Clark,Female,1969-02-11,Japan
4505,Amelia,Harris,Male,1973-05-14,Australia
4506,Ava,Wilson,Female,2001-06-08,Canada
4507,Amelia,Anderson,Female,1977-01-31,Singapore
4508,Mia,Anderson,Female,1978-12-11,Australia
4509,Amelia,Martin,Male,2001-07-20,USA
4510,Olivia,Anderson,Male,1982-11-22,UK
4511,Sophia,Anderson,Female,1987-02-28,Australia
4512,John,Harris,Female,1986-01-24,India
4513,Isabella,Anderson,Female,1960-12-07,UK
4514,Ella,Harris,Male,1991-05-11,Australia
4515,Mia,Scott,Male,1998-09-24,Canada
4516,James,Harris,Male,1985-04-23,Japan
4517,Robert,Walker,Male,1979-12-12,France
4518,Ava,White,Male,2003-05-20,Japan
4519,Amelia,Jackson,Male,1970-12-14,France
4520,William,Lewis,Female,1968-02-07,Australia
4521,Olivia,Thomas,Male,2001-11-01,India
4522,Emily,Brown,Male,1986-03-13,France
4523,Sophia,Harris,Male,1977-10-24,India
4524,Robert,Young,Female,1979-04-30,UK
4525,Isabella,Clark,Male,1992-02-16,France
4526,Mia,Anderson,Female,1971-11-20,Singapore
4527,Harper,Jackson,Male,1976-09-25,Australia
4528,Michael,Martin,Female,1970-07-06,Brazil
4529,Michael,Clark,Female,1969-08-27,Canada
4530,Isabella,Jackson,Female,1973-04-02,Brazil
4531,John,Scott,Female,1983-05-29,Canada
4532,Mia,Allen,Female,1971-10-24,Singapore
4533,Emma,Lee,Male,1961-09-06,Germany
4534,Ava,Martin,Male,1969-03-22,India
4535,Sophia,Allen,Male,2003-01-27,India
4536,Emily,Hall,Male,1981-08-13,UK
4537,David,Taylor,Male,1982-07-21,Singapore
4538,Isabella,Wilson,Male,1976-03-07,Brazil
4539,Robert,Brown,Female,1972-10-22,France
4540,Emily,King,Male,1979-06-24,Japan
4541,Mia,Hall,Male,1993-05-05,India
4542,Michael,Thomas,Female,1987-11-24,Singapore
4543,Harper,Wilson,Male,1963-02-01,USA
4544,Ella,Young,Male,1960-11-03,Singapore
4545,Harper,Taylor,Male,1966-12-07,Australia
4546,Matthew,Young,Female,1966-04-01,France
4547,Thomas,Walker,Female,1992-06-06,France
4548,Harper,King,Male,1980-01-25,Brazil
4549,Isabella,Taylor,Female,1967-03-30,Brazil
4550,Sophia,Scott,Male,1977-04-01,Singapore
4551,Mia,Clark,Male,1994-07-14,USA
4552,Michael,Brown,Female,1999-07-20,USA
4553,Joseph,Wilson,Female,1995-06-08,Japan
4554,Matthew,Thomas,Male,1985-08-02,Australia
4555,Sophia,Wright,Female,1960-10-24,Japan
4556,Matthew,Lewis,Male,1991-04-13,Germany
4557,John,Scott,Female,1997-06-13,Germany
4558,Ava,Brown,Male,1966-06-02,UK
4559,William,Smith,Female,1984-04-23,Canada
4560,Michael,Wright,Female,1982-08-21,Canada
4561,John,Brown,Female,1982-09-25,Canada
4562,Emma,Walker,Male,1966-07-06,UK
4563,Matthew,Brown,Female,1991-08-29,Canada
4564,Emily,Smith,Male,1986-04-30,Japan
4565,Olivia,Scott,Male,1988-11-27,India
4566,Thomas,Walker,Female,1976-05-20,India
4567,Robert,Brown,Female,1991-05-29,Australia
4568,John,Wright,Male,1979-04-03,Brazil
4569,Michael,Scott,Male,1992-12-06,India
4570,Thomas,Jackson,Female,1963-10-15,Australia
4571,Michael,Brown,Male,1998-12-05,Germany
4572,Daniel,Jackson,Male,1992-05-14,Australia
4573,Mia,Young,Male,1968-04-15,Germany
4574,James,Brown,Male,1985-01-15,Singapore
4575,Emily,Young,Female,1993-08-02,Germany
4576,Amelia,Lee,Male,1980-05-08,USA
4577,Daniel,Lewis,Female,1965-09-17,Brazil
4578,Ava,Taylor,Male,1972-08-26,France
4579,Daniel,Smith,Male,1986-12-26,India
4580,John,Harris,Female,1995-12-18,India
4581,Michael,Young,Male,1996-07-23,France
4582,Robert,Walker,Female,1994-06-15,Germany
4583,Thomas,Smith,Male,1999-02-02,Germany
4584,Ella,Lee,Male,1981-06-17,Japan
4585,Ella,Scott,Female,1967-03-20,Japan
4586,Thomas,Jackson,Male,1961-12-06,France
4587,Joseph,Clark,Male,1960-12-28,Australia
4588,Emily,Hall,Male,1985-01-15,Australia
4589,Michael,Brown,Female,1981-10-17,USA
4590,David,Walker,Male,1999-07-08,Canada
4591,Amelia,Thomas,Male,1972-06-09,USA
4592,Emma,White,Female,1996-07-17,India
4593,James,Smith,Male,1979-07-16,India
4594,Ella,Wright,Male,1965-04-12,Australia
4595,Harper,Harris,Male,1981-10-10,Canada
4596,William,Anderson,Male,1983-11-08,Singapore
4597,Mia,White,Male,1961-08-21,USA
4598,Robert,Smith,Female,2000-06-28,Japan
4599,Isabella,Clark,Female,1968-03-26,Australia
4600,David,Young,Female,1966-11-08,UK
4601,Isabella,Wilson,Male,1987-04-27,USA
4602,John,Young,Male,1963-04-21,USA
4603,William,Walker,Female,1998-06-13,Canada
4604,Sophia,Hall,Female,1985-07-09,USA
4605,Matthew,Anderson,Female,1997-08-20,USA
4606,John,Harris,Male,1978-10-06,UK
4607,Olivia,Taylor,Male,1987-08-25,Japan
4608,Isabella,King,Female,1986-06-08,UK
4609,Harper,Martin,Female,1963-09-18,Singapore
4610,Robert,Young,Male,1960-09-01,Brazil
4611,Matthew,Wright,Female,1979-07-22,Singapore
4612,Ella,Allen,Female,1989-12-03,Canada
4613,Olivia,Walker,Female,1968-04-09,Japan
4614,Michael,Thomas,Male,1995-09-13,Japan
4615,Emily,Anderson,Male,1979-08-31,Japan
4616,Isabella,Thomas,Male,1960-07-26,India
4617,John,King,Male,2000-02-19,Brazil
4618,Daniel,Wilson,Female,1972-03-07,Brazil
4619,David,Taylor,Female,1991-04-11,France
4620,Amelia,Wright,Male,1968-04-14,Singapore
4621,Harper,Young,Male,2002-08-07,India
4622,Joseph,White,Female,1989-07-05,UK
4623,Amelia,Martin,Male,2001-11-03,India
4624,Ava,Lee,Female,1994-07-11,Germany
4625,Matthew,Wright,Female,1981-08-10,Australia
4626,Ava,Hall,Female,1961-09-06,Brazil
4627,Amelia,Smith,Male,1997-02-27,Canada
4628,Thomas,Taylor,Male,1966-12-20,Canada
4629,Daniel,Smith,Female,1998-08-31,Japan
4630,Emily,Taylor,Female,1996-06-05,Brazil
4631,Joseph,Taylor,Male,1990-06-14,Brazil
4632,William,Brown,Female,1990-09-01,Singapore
4633,John,Taylor,Male,2001-02-09,France
4634,Robert,Taylor,Male,1970-12-21,UK
4635,Isabella,Hall,Male,1960-11-07,India
4636,Olivia,Thomas,Male,1964-09-25,India
4637,James,Walker,Male,1974-09-04,Brazil
4638,Emily,Brown,Male,1974-06-15,Singapore
4639,Emma,Allen,Male,1989-07-12,USA
4640,Sophia,Walker,Male,2001-05-13,India
4641,Sophia,Martin,Male,1969-04-17,Singapore
4642,Thomas,Hall,Female,1985-12-19,Japan
4643,Emily,Thomas,Male,1977-01-25,France
4644,Sophia,Lee,Female,1990-03-31,UK
4645,James,Scott,Female,1968-11-02,Singapore
4646,Olivia,Martin,Male,1997-05-05,USA
4647,Sophia,Brown,Female,2003-02-21,Canada
4648,Ella,White,Male,1995-06-27,Japan
4649,John,Harris,Male,1990-05-10,Brazil
4650,Robert,White,Male,1977-01-26,Japan
4651,Ella,King,Male,1962-05-03,Canada
4652,Matthew,Young,Female,1989-03-14,India
4653,Mia,Brown,Male,2000-05-16,USA
4654,Ava,Thomas,Male,1996-05-25,Singapore
4655,Amelia,Walker,Male,1965-10-06,Singapore
4656,Sophia,Jackson,Male,1974-07-21,USA
4657,Amelia,Hall,Female,1992-07-28,Australia
4658,Mia,Walker,Female,1992-02-15,Australia
4659,William,Taylor,Male,1965-12-10,Japan
4660,Robert,Walker,Male,1979-09-03,UK
4661,Isabella,Martin,Female,1992-10-03,Australia
4662,James,Hall,Female,1971-10-13,Canada
4663,Robert,Smith,Male,1963-11-16,Canada
4664,Mia,Young,Male,1979-01-15,UK
4665,James,White,Male,1971-06-23,India
4666,Robert,Wright,Female,1979-09-06,Singapore
4667,John,Brown,Male,1981-07-29,France
4668,Amelia,Taylor,Female,1982-10-28,USA
4669,Ava,Wilson,Male,1965-09-10,Brazil
4670,James,Lewis,Female,1985-10-05,Brazil
4671,Emily,Harris,Male,1966-03-12,Brazil
4672,Emily,Anderson,Female,2001-03-29,France
4673,Amelia,Harris,Male,1973-01-10,Brazil
4674,John,Young,Female,1974-12-16,India
4675,Thomas,Allen,Female,1988-01-27,UK
4676,Robert,Allen,Female,1978-10-09,Canada
4677,John,Jackson,Male,2001-06-24,Germany
4678,Emma,Scott,Female,2001-10-01,India
4679,John,Lewis,Female,2002-06-08,Canada
4680,John,Brown,Male,2001-06-15,Canada
4681,Michael,Anderson,Male,1997-05-27,France
4682,Harper,Clark,Male,1978-04-14,India
4683,Michael,Jackson,Male,1961-11-05,UK
4684,Harper,Taylor,Female,1995-11-24,Japan
4685,Thomas,Anderson,Male,1990-12-13,UK
4686,Thomas,Martin,Female,1975-05-20,France
4687,Amelia,Martin,Male,2002-12-11,USA
4688,Ella,King,Female,1985-09-03,Singapore
4689,David,Harris,Male,1979-09-09,Japan
4690,Ava,King,Female,1988-06-09,Germany
4691,Thomas,Allen,Female,1970-05-08,Singapore
4692,Harper,Brown,Female,1985-03-21,Australia
4693,Isabella,Scott,Female,1973-09-12,UK
4694,Emily,Harris,Male,1993-04-03,France
4695,John,Jackson,Male,1974-09-24,Singapore
4696,Sophia,Jackson,Female,2000-01-03,UK
4697,Isabella,Scott,Male,2001-06-06,Canada
4698,Ava,King,Female,1960-02-29,Brazil
4699,Emma,Thomas,Male,1985-12-29,USA
4700,Isabella,Wilson,Female,1982-07-26,India
4701,Daniel,Wilson,Male,1970-05-21,Singapore
4702,Emily,Lee,Female,1978-08-14,Japan
4703,David,Hall,Female,1975-01-17,India
4704,Emma,Martin,Female,2001-01-25,Australia
4705,Emma,Anderson,Female,1998-10-04,France
4706,Amelia,Jackson,Male,1991-04-17,Singapore
4707,Isabella,Young,Male,1981-12-19,Brazil
4708,Olivia,White,Female,1975-05-28,UK
4709,John,Wright,Male,1965-05-24,Brazil
4710,Olivia,Martin,Male,1979-06-01,UK
4711,Amelia,Hall,Female,1967-02-16,Singapore
4712,Michael,Allen,Female,1962-12-29,UK
4713,Harper,King,Male,1994-08-08,Australia
4714,Harper,Harris,Male,1995-12-16,Brazil
4715,Ava,Young,Male,1974-09-17,Canada
4716,Sophia,King,Male,1985-06-14,Germany
4717,Sophia,King,Male,1990-12-06,India
4718,Thomas,Lee,Male,1991-05-16,Germany
4719,Joseph,Jackson,Female,1997-05-04,France
4720,James,Anderson,Male,2001-04-23,India
4721,Olivia,Wright,Male,1973-04-06,USA
4722,John,Walker,Male,1983-10-14,India
4723,Emily,Martin,Female,1978-04-24,USA
4724,Harper,Walker,Male,1975-01-17,Brazil
4725,James,Taylor,Male,1985-09-25,USA
4726,Joseph,Scott,Male,1969-06-21,UK
4727,Mia,Wilson,Male,1991-01-23,Japan
4728,James,Harris,Male,2003-09-21,USA
4729,Olivia,Lee,Female,1966-05-06,Brazil
4730,Harper,King,Male,1967-03-02,Canada
4731,Michael,Martin,Female,1960-06-27,India
4732,Isabella,Smith,Female,1999-11-25,Japan
4733,Michael,Harris,Female,1980-09-05,Australia
4734,Isabella,Hall,Male,2000-08-26,UK
4735,Matthew,White,Male,1980-03-02,Singapore
4736,Daniel,Hall,Male,1970-10-01,Canada
4737,Ava,Clark,Male,1962-09-05,Japan
4738,Robert,Smith,Female,1961-12-25,Canada
4739,Thomas,Martin,Male,1991-07-24,USA
4740,Ella,Taylor,Female,1966-03-08,Canada
4741,David,Anderson,Male,1992-04-20,Australia
4742,Ella,Jackson,Female,1964-03-19,India
4743,Olivia,Taylor,Female,1961-07-09,USA
4744,Daniel,Martin,Female,1965-07-17,France
4745,William,Smith,Male,1982-04-06,Canada
4746,Ava,Thomas,Female,1968-08-08,India
4747,Matthew,Hall,Male,1981-01-02,UK
4748,Robert,Walker,Male,1979-01-06,France
4749,Ella,Taylor,Female,1999-06-09,Brazil
4750,Emily,Lewis,Male,1991-09-03,Singapore
4751,Daniel,King,Female,1962-12-20,Germany
4752,Ella,Jackson,Female,1963-09-21,Australia
4753,John,Scott,Male,1980-05-20,Germany
4754,Emily,Anderson,Male,1969-07-27,Japan
4755,Ava,Martin,Female,1973-11-13,Germany
4756,Emma,Lee,Male,1978-05-06,France
4757,Ava,Taylor,Male,1980-10-17,Australia
4758,Emma,Smith,Male,1972-06-26,France
4759,Isabella,Scott,Female,1992-07-12,India
4760,Robert,Lewis,Male,1995-02-11,France
4761,William,Jackson,Female,1981-04-30,Australia
4762,Ava,Thomas,Female,1963-04-18,Canada
4763,David,Allen,Male,2001-06-24,Canada
4764,Robert,Lee,Male,1982-01-10,Germany
4765,Thomas,Anderson,Female,1977-12-20,USA
4766,Emily,Walker,Female,1977-11-02,Japan
4767,Ella,Jackson,Male,1975-01-27,Japan
4768,Ella,Lee,Female,1968-07-25,Singapore
4769,Thomas,Thomas,Female,1986-01-31,USA
4770,Mia,Harris,Female,1964-12-18,Brazil
4771,Mia,King,Male,1976-05-31,USA
4772,Emily,King,Female,1992-05-26,Australia
4773,Sophia,Young,Male,1986-10-07,Brazil
4774,Matthew,Wright,Female,1967-11-30,India
4775,Olivia,Harris,Female,1969-12-18,UK
4776,Olivia,Harris,Female,1980-10-14,USA
4777,Mia,Allen,Male,1993-01-20,USA
4778,Matthew,Walker,Male,1998-10-19,UK
4779,David,Allen,Male,1971-05-10,India
4780,Harper,Clark,Female,1999-11-01,France
4781,Ella,Thomas,Male,2001-06-07,India
4782,Michael,Wilson,Male,1968-04-20,Japan
4783,Matthew,Young,Female,1967-04-11,Canada
4784,Emily,Hall,Male,1984-07-14,UK
4785,Matthew,King,Female,1974-09-29,France
4786,James,Smith,Male,1998-06-08,USA
4787,Harper,Anderson,Male,1999-08-09,Singapore
4788,Robert,Young,Female,1997-06-27,Australia
4789,John,White,Male,1977-10-30,Germany
4790,Harper,Lee,Male,1964-09-13,USA
4791,Olivia,Clark,Male,1961-09-04,USA
4792,Daniel,Young,Male,1989-08-08,Germany
4793,Joseph,Allen,Male,1966-02-02,UK
4794,Amelia,Allen,Male,1977-07-29,France
4795,John,Taylor,Male,1980-01-21,Canada
4796,Daniel,Jackson,Female,1961-12-05,UK
4797,Amelia,Walker,Male,1972-05-31,Canada
4798,Thomas,Brown,Male,1971-10-16,Brazil
4799,Matthew,Lewis,Male,1993-10-29,India
4800,Mia,Thomas,Male,1964-05-30,India
4801,Mia,Jackson,Female,1979-09-10,USA
4802,Matthew,Harris,Female,1960-12-28,France
4803,Thomas,Wright,Male,1981-08-10,USA
4804,Ella,Brown,Male,1978-07-03,UK
4805,Isabella,Taylor,Male,1992-07-10,Singapore
4806,Isabella,Lee,Male,1960-11-24,UK
4807,David,Thomas,Male,1962-09-11,Singapore
4808,Mia,Lee,Male,1986-11-11,Australia
4809,David,Scott,Female,1962-08-07,Japan
4810,Ella,Smith,Male,1979-01-14,USA
4811,Amelia,Clark,Female,1970-12-17,UK
4812,Sophia,Clark,Male,1994-02-13,France
4813,Michael,Wilson,Male,1986-05-25,France
4814,William,Walker,Male,1969-03-15,India
4815,Mia,Hall,Female,1974-03-31,India
4816,Ella,Young,Male,1976-08-01,Brazil
4817,Isabella,White,Female,1997-11-02,Australia
4818,David,Hall,Female,1972-09-25,UK
4819,Emma,Brown,Male,1996-09-09,Australia
4820,Mia,Scott,Female,2002-06-07,Brazil
4821,Isabella,Smith,Female,1983-06-21,India
4822,Matthew,Lewis,Male,1979-12-25,Brazil
4823,Mia,Jackson,Male,1972-08-07,Japan
4824,James,Young,Male,1977-11-25,Canada
4825,William,Allen,Female,1997-08-15,India
4826,Joseph,Martin,Female,1987-07-04,Brazil
4827,Olivia,Clark,Male,2001-11-01,India
4828,Ella,Wright,Female,1987-05-07,Brazil
4829,Michael,Lewis,Female,1994-12-31,Australia
4830,David,Anderson,Female,1962-06-30,Japan
4831,Amelia,Hall,Female,1974-04-13,Japan
4832,Sophia,Hall,Male,1986-10-05,Brazil
4833,Ava,Jackson,Female,1977-01-21,Japan
4834,Michael,Clark,Male,1979-09-19,USA
4835,Michael,Allen,Female,1999-02-26,UK
4836,Robert,Wright,Male,1982-01-01,Singapore
4837,Olivia,Jackson,Male,1998-11-29,Germany
4838,David,Hall,Female,1998-11-08,Australia
4839,Ava,Brown,Female,1967-09-18,UK
4840,Ava,Taylor,Male,1984-03-07,Singapore
4841,Joseph,Anderson,Male,1964-12-02,India
4842,Daniel,Scott,Female,1990-10-06,USA
4843,Joseph,Harris,Female,1964-08-18,France
4844,Ella,Scott,Male,1973-01-21,Germany
4845,Mia,Wright,Female,1997-05-29,Singapore
4846,Matthew,King,Male,1978-03-03,Germany
4847,Ava,Walker,Female,1974-03-18,Australia
4848,John,Lewis,Male,1993-10-25,France
4849,Michael,Lewis,Female,1964-11-30,France
4850,Joseph,Lee,Female,1970-11-15,Brazil
4851,Matthew,Walker,Female,1990-03-20,UK
4852,David,King,Male,2003-06-10,Japan
4853,Daniel,Wilson,Female,1998-02-14,Australia
4854,William,Jackson,Male,1961-12-24,Germany
4855,Olivia,Scott,Female,1992-07-10,Singapore
4856,Thomas,Brown,Female,1995-05-16,Singapore
4857,Emily,Young,Male,1960-09-20,Germany
4858,Matthew,Lee,Female,1980-03-21,France
4859,Isabella,Brown,Female,1975-01-29,France
4860,John,Young,Male,1969-09-08,Germany
4861,Olivia,White,Male,1986-03-09,Japan
4862,John,Hall,Female,1975-02-13,UK
4863,William,Wilson,Female,1991-09-09,USA
4864,Harper,Jackson,Male,1963-01-15,Singapore
4865,David,Scott,Female,1999-02-10,Japan
4866,Daniel,Taylor,Male,1969-11-06,France
4867,Michael,Thomas,Female,1993-12-11,France
4868,Joseph,Young,Female,1962-01-02,USA
4869,Robert,Jackson,Male,1963-01-18,France
4870,William,Lewis,Male,1984-11-19,Brazil
4871,Olivia,Lee,Female,1979-06-06,UK
4872,Ella,King,Male,1973-12-31,Australia
4873,Emily,Scott,Female,1967-09-28,Brazil
4874,David,White,Female,1981-12-10,India
4875,Isabella,Walker,Female,1983-09-04,Germany
4876,John,Martin,Female,1973-09-12,USA
4877,Harper,Jackson,Male,1996-09-07,India
4878,Sophia,White,Female,1967-07-20,India
4879,William,Smith,Female,2003-01-31,USA
4880,Amelia,Jackson,Female,2002-11-05,Australia
4881,Amelia,Thomas,Female,1972-01-21,France
4882,Sophia,Anderson,Female,2003-06-02,Canada
4883,Harper,Allen,Female,2003-07-28,Singapore
4884,Olivia,Walker,Female,1994-04-23,Brazil
4885,Robert,Young,Male,1972-09-02,Japan
4886,Isabella,Taylor,Female,1975-04-15,Singapore
4887,Amelia,Brown,Male,1979-10-29,Japan
4888,Emma,Martin,Female,1994-08-20,Germany
4889,Thomas,Smith,Female,1989-06-12,India
4890,Harper,Walker,Female,1996-03-25,France
4891,David,Wilson,Male,1989-12-15,Singapore
4892,Michael,Hall,Male,1998-05-05,Japan
4893,James,Wilson,Male,1974-05-24,USA
4894,Isabella,Taylor,Female,1981-07-09,Canada
4895,James,Thomas,Female,1964-02-22,Australia
4896,Joseph,White,Male,2001-09-01,Brazil
4897,Olivia,Clark,Male,1986-12-26,USA
4898,Thomas,Lee,Female,1991-10-24,Canada
4899,James,Lewis,Female,1963-08-17,Germany
4900,John,Wright,Male,2003-06-07,USA
4901,Matthew,Anderson,Female,1993-04-01,Singapore
4902,Matthew,Taylor,Male,1981-07-31,France
4903,Michael,Walker,Male,1974-11-26,Singapore
4904,James,Clark,Female,1995-11-19,Japan
4905,William,Martin,Male,1960-08-27,India
4906,Thomas,King,Male,1960-10-31,Japan
4907,Mia,King,Female,1998-08-09,Japan
4908,Emma,Taylor,Female,1972-08-12,India
4909,William,Harris,Female,1963-06-28,Japan
4910,Mia,Smith,Male,1962-02-05,France
4911,Isabella,Walker,Female,1990-05-16,France
4912,Robert,Martin,Male,1992-10-20,Germany
4913,Emily,King,Male,1971-11-21,UK
4914,Ella,Allen,Female,1968-05-09,Germany
4915,Ella,Lewis,Male,1989-06-16,India
4916,John,Scott,Male,1962-12-30,India
4917,Joseph,Harris,Male,1988-06-01,Japan
4918,Emily,Wilson,Female,2002-10-03,Japan
4919,Matthew,Martin,Male,1994-02-11,Japan
4920,Robert,Clark,Female,1995-07-23,Canada
4921,Harper,Harris,Male,1970-04-07,Canada
4922,Isabella,White,Female,1997-02-16,Japan
4923,Ava,Allen,Male,1983-11-20,USA
4924,Thomas,Martin,Male,1988-12-23,Australia
4925,Ella,Young,Male,2002-03-21,Brazil
4926,Matthew,Hall,Female,1962-09-07,Brazil
4927,Thomas,Allen,Female,1975-05-24,Brazil
4928,Robert,White,Female,1974-06-23,UK
4929,John,White,Male,2001-03-24,Canada
4930,Mia,Taylor,Male,1995-09-02,India
4931,Ava,Allen,Male,2000-03-31,USA
4932,Thomas,Taylor,Male,1986-12-13,Australia
4933,Robert,Walker,Female,1971-11-02,India
4934,John,Smith,Female,1990-02-17,Japan
4935,John,Lewis,Male,2000-10-18,Brazil
4936,Emma,Harris,Female,1961-09-19,Singapore
4937,Matthew,Smith,Male,1967-12-14,USA
4938,Harper,Martin,Female,1978-07-17,Singapore
4939,Harper,Thomas,Male,1995-07-22,Australia
4940,James,Brown,Male,1994-05-08,Canada
4941,Emily,Lee,Female,1970-12-20,France
4942,David,Young,Male,1979-11-01,France
4943,Robert,White,Female,1961-03-28,Australia
4944,Ava,Wilson,Male,1992-12-28,UK
4945,Emma,Clark,Male,1961-02-26,Australia
4946,Robert,Walker,Female,1980-03-08,Germany
4947,Ava,Smith,Male,1974-10-18,Australia
4948,Michael,Lewis,Male,1986-08-05,Canada
4949,Ella,Young,Male,1970-02-11,France
4950,Michael,Wright,Male,1961-12-16,USA
4951,Sophia,Young,Male,1980-04-16,Singapore
4952,James,Allen,Male,1974-10-26,Canada
4953,Joseph,Scott,Male,1998-09-27,Singapore
4954,Harper,Wright,Male,1971-12-04,India
4955,Matthew,Walker,Female,1961-11-17,USA
4956,Daniel,King,Male,1996-12-10,Canada
4957,James,Lee,Female,2001-02-03,Japan
4958,Sophia,Scott,Male,1991-06-17,UK
4959,Michael,Scott,Female,1991-07-20,India
4960,Daniel,Anderson,Female,1971-03-27,Singapore
4961,Michael,White,Male,1999-12-02,Canada
4962,Joseph,Taylor,Male,1977-01-11,USA
4963,Joseph,Smith,Male,1973-03-05,UK
4964,Mia,Martin,Female,1983-06-21,USA
4965,Ella,Wright,Female,1987-04-09,France
4966,Ella,Lewis,Male,1969-03-05,Australia
4967,William,Wilson,Female,1964-02-23,Singapore
4968,Michael,Smith,Male,2003-05-12,Japan
4969,Matthew,Martin,Male,1980-01-28,Canada
4970,Emma,Wright,Female,2000-03-25,UK
4971,Isabella,Wright,Female,1981-10-24,Australia
4972,Joseph,Martin,Male,1960-01-12,Brazil
4973,Mia,Jackson,Female,1990-09-03,Canada
4974,Daniel,Jackson,Female,1992-06-12,Australia
4975,Daniel,Brown,Female,1962-07-27,Australia
4976,Mia,Lee,Male,1964-03-27,Germany
4977,John,Jackson,Male,1997-09-01,Australia
4978,Emma,Clark,Male,1986-05-29,USA
4979,John,Smith,Male,1997-06-11,UK
4980,John,Jackson,Female,1998-06-12,UK
4981,Isabella,Lee,Male,1967-04-24,France
4982,James,White,Male,1975-12-09,UK
4983,Ava,Harris,Female,1973-08-09,France
4984,Ava,Anderson,Male,1964-09-15,Canada
4985,Robert,Wilson,Male,1989-02-07,UK
4986,Joseph,Taylor,Female,1961-01-16,Japan
4987,Joseph,Wilson,Female,1997-03-08,Canada
4988,David,Lee,Male,1963-07-11,Japan
4989,William,White,Male,1971-04-25,India
4990,Ella,Harris,Female,1987-06-05,USA
4991,Amelia,Smith,Female,1999-04-01,Brazil
4992,David,Taylor,Male,1965-09-06,Canada
4993,Amelia,Clark,Male,2003-10-20,France
4994,James,Martin,Male,1976-12-22,Singapore
4995,Daniel,Harris,Male,1972-08-01,Germany
4996,Robert,Lewis,Female,1970-05-20,USA
4997,James,Walker,Female,1960-11-14,USA
4998,David,Martin,Male,1971-09-11,USA
4999,Harper,Allen,Female,1966-01-12,India
5000,Emily,Wilson,Female,1972-07-10,Japan
5001,Harper,Allen,Male,1964-07-11,Australia
5002,David,Hall,Female,1978-06-14,Australia
5003,Robert,Young,Female,1967-02-27,USA
5004,Isabella,Allen,Male,1981-03-30,Japan
5005,John,Wilson,Female,1977-10-29,India
5006,Sophia,Brown,Male,1965-07-15,Brazil
5007,Ella,Walker,Female,1966-05-21,UK
5008,Ava,Wright,Male,2002-06-18,France
5009,Ella,Lee,Female,1992-10-20,Canada
5010,Sophia,Taylor,Female,1970-09-01,France
5011,Emily,Thomas,Male,1981-09-03,Brazil
5012,John,King,Female,1968-11-17,Canada
5013,William,Lewis,Female,1994-11-27,India
5014,Isabella,Wilson,Male,1986-02-26,Singapore
5015,Mia,Wilson,Female,1972-09-04,Australia
5016,Ella,Lee,Female,1991-08-06,France
5017,Harper,Anderson,Male,1960-10-31,UK
5018,Robert,Wright,Male,1982-12-20,UK
5019,Ava,Thomas,Female,1966-05-21,Canada
5020,Ella,Martin,Male,1979-01-13,UK
5021,William,Scott,Male,1965-06-18,Australia
5022,Sophia,Young,Female,1964-10-01,Singapore
5023,David,Smith,Female,1981-06-09,Japan
5024,Ella,White,Female,1968-08-08,India
5025,Michael,Jackson,Male,1967-09-10,France
5026,Emma,Scott,Female,1981-09-06,Brazil
5027,Harper,Thomas,Male,1995-05-24,Brazil
5028,Emma,Scott,Female,1971-03-06,Japan
5029,Isabella,Smith,Female,1976-04-23,Australia
5030,William,Walker,Female,1960-07-12,UK
5031,Amelia,Martin,Male,1999-06-28,Canada
5032,Olivia,Brown,Male,1982-07-21,Japan
5033,Michael,Smith,Male,1994-09-12,India
5034,Michael,Clark,Male,1967-01-02,Brazil
5035,Emma,Scott,Female,1989-09-04,Germany
5036,Daniel,Anderson,Female,1980-05-25,France
5037,Emma,Taylor,Female,1984-07-24,Japan
5038,Emma,Anderson,Male,1976-06-11,Singapore
5039,Ella,Young,Male,1989-06-30,USA
5040,Emma,Clark,Male,1986-11-20,Brazil
5041,John,Jackson,Female,1990-12-08,Australia
5042,Amelia,Lee,Male,1998-05-09,USA
5043,Michael,Thomas,Female,1994-02-20,Australia
5044,Isabella,Hall,Female,1984-11-13,Canada
5045,Ava,Jackson,Female,1974-05-03,Brazil
5046,Harper,Smith,Male,1986-12-10,Australia
5047,Michael,Hall,Female,1963-10-04,Singapore
5048,Daniel,Lewis,Male,1973-08-31,France
5049,Michael,Walker,Male,1993-06-28,Germany
5050,Matthew,Taylor,Female,1999-06-15,Canada
5051,Joseph,Brown,Male,1976-07-17,Japan
5052,Isabella,Martin,Female,1975-09-01,USA
5053,Emily,Clark,Female,1994-05-09,Australia
5054,James,Anderson,Male,1983-12-27,UK
5055,Joseph,Walker,Male,1988-05-01,India
5056,David,Lewis,Female,1979-10-05,Singapore
5057,David,Walker,Female,1984-11-11,France
5058,Sophia,King,Female,1983-10-28,Singapore
5059,Mia,Taylor,Female,1998-08-10,India
5060,Amelia,Hall,Female,1992-10-09,UK
5061,Ella,Allen,Female,1975-03-26,USA
5062,Amelia,Walker,Male,2002-07-27,UK
5063,Olivia,Smith,Male,1983-06-21,Brazil
5064,John,Jackson,Female,1963-02-15,India
5065,Daniel,Brown,Female,1995-07-02,Singapore
5066,Olivia,Hall,Female,1974-02-01,France
5067,Amelia,Scott,Male,1995-02-16,France
5068,Robert,Scott,Male,1984-06-18,Singapore
5069,Robert,Allen,Female,1968-04-02,USA
5070,Emily,Young,Female,2001-07-05,Brazil
5071,Isabella,Harris,Male,1975-12-17,Singapore
5072,Michael,Wright,Male,1961-04-11,USA
5073,Amelia,Lewis,Female,1989-06-29,Australia
5074,Harper,Lee,Male,2000-04-28,Japan
5075,Mia,Harris,Female,1990-02-09,Germany
5076,Emily,Wilson,Female,1991-05-05,France
5077,Matthew,Martin,Female,1990-04-29,France
5078,James,King,Male,1986-06-06,Japan
5079,Daniel,Anderson,Male,1968-09-22,Singapore
5080,Ella,Walker,Male,1974-11-22,Brazil
5081,Mia,Allen,Male,1971-08-22,Brazil
5082,Olivia,Scott,Female,1961-08-21,Brazil
5083,William,Smith,Male,1971-05-08,Germany
5084,Matthew,Walker,Female,1988-12-07,Singapore
5085,Sophia,Clark,Female,1974-04-11,Germany
5086,Joseph,Thomas,Male,1979-03-07,Brazil
5087,Robert,Allen,Male,1963-02-07,Japan
5088,Isabella,Martin,Female,1969-01-22,India
5089,Ella,Clark,Female,1969-02-17,Japan
5090,Harper,Hall,Female,1960-09-07,USA
5091,Emily,Hall,Female,1988-09-26,Canada
5092,Michael,Young,Male,1994-12-27,Australia
5093,Ella,King,Male,1982-08-25,Japan
5094,Michael,Wilson,Female,1979-03-19,Singapore
5095,Harper,Thomas,Female,1978-04-23,India
5096,Michael,Brown,Female,1994-09-17,Canada
5097,Joseph,Walker,Male,1992-04-03,Germany
5098,Harper,Wilson,Male,1974-01-08,France
5099,Michael,Walker,Female,1980-11-21,USA
5100,James,Jackson,Female,1989-04-15,Brazil
5101,Joseph,Walker,Male,1970-06-17,Singapore
5102,Mia,Hall,Male,1982-11-14,Japan
5103,Sophia,Harris,Male,1961-03-15,Japan
5104,Thomas,Taylor,Female,1997-12-26,Australia
5105,Thomas,Clark,Female,2000-12-13,India
5106,Emma,Allen,Female,1971-09-07,Japan
5107,Daniel,Wilson,Female,1971-06-23,France
5108,Amelia,Brown,Female,1976-11-29,UK
5109,Ava,Jackson,Female,1994-07-30,UK
5110,Daniel,Smith,Female,1965-07-06,Germany
5111,Mia,White,Male,1999-10-07,USA
5112,Ella,Lee,Male,1974-12-17,Australia
5113,Emily,Brown,Female,1970-03-27,Singapore
5114,Isabella,Walker,Male,1973-11-02,Japan
5115,Joseph,King,Male,1969-10-09,India
5116,Joseph,Hall,Female,1968-05-03,Canada
5117,Joseph,Smith,Male,1969-07-26,Brazil
5118,Harper,Hall,Male,1965-08-20,Brazil
5119,John,Walker,Female,1998-02-05,Germany
5120,William,Brown,Female,2000-11-24,Japan
5121,John,Walker,Female,1990-06-20,Japan
5122,John,Wright,Female,1978-01-18,Canada
5123,Thomas,Smith,Male,1986-12-23,UK
5124,James,Allen,Male,1985-04-11,India
5125,Joseph,Allen,Female,2001-03-01,Singapore
5126,Ella,Walker,Male,1973-12-26,Germany
5127,Michael,Taylor,Female,2002-08-21,USA
5128,Isabella,Jackson,Male,1987-12-09,Germany
5129,Amelia,Lewis,Male,1982-11-20,Germany
5130,Michael,Thomas,Female,1984-09-14,India
5131,Matthew,Lewis,Male,1982-02-26,Canada
5132,Ella,Harris,Female,1991-12-01,UK
5133,Matthew,Brown,Female,1974-10-05,Japan
5134,Olivia,Clark,Male,1980-05-15,India
5135,Robert,Scott,Female,1960-04-01,USA
5136,Olivia,Allen,Male,1996-09-13,Japan
5137,Matthew,Thomas,Female,2003-03-02,Brazil
5138,Olivia,Martin,Female,1991-12-15,Australia
5139,Daniel,Martin,Male,1981-09-24,France
5140,Mia,Lewis,Female,1995-06-29,Australia
5141,Thomas,Walker,Male,1973-10-24,France
5142,Joseph,Hall,Female,1987-12-13,Australia
5143,William,Jackson,Male,1980-09-24,Germany
5144,Amelia,Scott,Female,2001-09-22,Germany
5145,Amelia,Wright,Female,1990-09-01,Germany
5146,Joseph,Wilson,Female,1981-06-07,India
5147,Ella,Clark,Male,1994-08-24,USA
5148,Matthew,Allen,Male,1993-04-11,France
5149,Matthew,Jackson,Male,1983-04-17,Japan
5150,Robert,Anderson,Male,2000-04-12,France
5151,Emily,Brown,Female,1978-08-17,UK
5152,Olivia,Hall,Female,1983-12-01,Germany
5153,Harper,Smith,Male,1963-05-20,Australia
5154,Isabella,Hall,Male,1973-03-24,USA
5155,Michael,Lee,Female,1982-12-31,Japan
5156,Matthew,Brown,Male,1991-07-11,India
5157,Robert,Wilson,Female,1975-05-31,Canada
5158,Michael,Wright,Female,1962-03-04,Singapore
5159,Emma,Thomas,Female,1987-04-16,Canada
5160,Thomas,Smith,Female,2002-10-14,Germany
5161,Robert,Allen,Female,1998-05-28,USA
5162,Robert,Martin,Female,1981-01-09,UK
5163,Emma,Hall,Male,1993-05-14,India
5164,Ella,Wilson,Male,2002-10-27,Germany
5165,Mia,Wright,Female,1995-05-23,Australia
5166,Sophia,Anderson,Female,1995-12-29,Brazil
5167,Robert,Lee,Male,1978-02-23,India
5168,Robert,Jackson,Male,1968-03-06,Brazil
5169,Thomas,Taylor,Female,1978-01-15,India
5170,Daniel,Young,Female,1999-04-14,Brazil
5171,William,Brown,Female,1998-07-16,USA
5172,John,Young,Female,1998-03-03,Germany
5173,Sophia,King,Male,1987-03-21,Germany
5174,Daniel,White,Male,1997-09-17,Singapore
5175,Emily,King,Male,1966-11-02,Japan
5176,Isabella,Scott,Female,1987-08-01,India
5177,Isabella,Anderson,Male,1976-09-14,Singapore
5178,John,Allen,Female,1975-01-19,France
5179,Ella,Smith,Female,1979-12-16,France
5180,Joseph,King,Female,1981-03-08,UK
5181,Daniel,Brown,Female,1963-12-16,UK
5182,Joseph,White,Male,1989-12-27,USA
5183,Robert,Brown,Female,2001-11-01,France
5184,Ava,Smith,Female,2002-11-05,Brazil
5185,John,Lee,Male,1993-02-28,Germany
5186,James,Clark,Female,1983-08-13,Brazil
5187,Ava,Wright,Female,1998-05-22,Japan
5188,Matthew,Brown,Female,1982-06-27,Canada
5189,Matthew,Wilson,Male,1993-11-04,India
5190,John,Allen,Male,1992-11-07,Singapore
5191,Robert,Jackson,Male,1983-09-13,Brazil
5192,Ella,Allen,Female,1971-11-25,USA
5193,Robert,Wilson,Female,1977-01-03,Brazil
5194,Ella,Taylor,Female,1966-03-11,Japan
5195,Isabella,Wright,Male,1981-11-13,USA
5196,Matthew,Jackson,Female,1984-12-30,Canada
5197,John,White,Female,1999-05-22,Canada
5198,Harper,Young,Female,1973-01-30,Canada
5199,Thomas,Taylor,Male,1998-08-29,USA
5200,John,Young,Male,1984-05-11,Australia
5201,Amelia,Lee,Female,1990-05-06,Canada
5202,Joseph,Smith,Male,1983-05-02,India
5203,Amelia,White,Male,1960-10-03,Germany
5204,John,Allen,Female,1973-11-19,Canada
5205,William,Anderson,Male,1998-05-31,Singapore
5206,Harper,Lee,Female,1967-11-19,Japan
5207,Emma,Lee,Female,1972-04-24,USA
5208,Mia,Anderson,Female,1996-09-27,UK
5209,Ella,Brown,Male,1984-09-11,Japan
5210,Emma,White,Female,1984-06-12,Germany
5211,Daniel,Anderson,Male,2000-08-31,UK
5212,Emily,Anderson,Female,1987-04-07,France
5213,Emma,Taylor,Male,1970-02-14,Australia
5214,James,Scott,Male,1963-06-08,Japan
5215,James,Smith,Male,1980-02-01,Japan
5216,Joseph,Thomas,Male,1998-02-12,Japan
5217,Sophia,Clark,Female,1990-08-10,Australia
5218,Robert,White,Female,1988-05-29,Brazil
5219,Matthew,Lee,Male,1989-07-01,Brazil
5220,Isabella,Martin,Female,1986-06-07,UK
5221,Harper,Lewis,Male,1999-01-06,Canada
5222,David,Wilson,Male,1961-02-01,France
5223,Matthew,Walker,Male,1989-07-17,UK
5224,David,Harris,Female,2000-08-24,Australia
5225,John,Anderson,Female,2001-10-23,Germany
5226,Isabella,Harris,Female,1986-03-26,Japan
5227,Daniel,Martin,Female,1981-04-14,USA
5228,Mia,Martin,Male,1978-03-22,Canada
5229,David,White,Male,1975-10-21,Germany
5230,Isabella,Jackson,Male,1991-09-15,Canada
5231,Robert,Walker,Female,2000-10-21,France
5232,Daniel,Young,Female,1982-07-03,Germany
5233,Joseph,King,Male,1965-08-14,France
5234,John,Anderson,Male,1969-09-23,France
5235,Daniel,Hall,Male,2000-02-04,USA
5236,James,Jackson,Male,1987-12-26,Germany
5237,Harper,White,Female,1990-06-12,Australia
5238,Sophia,Brown,Male,1997-05-11,Japan
5239,Harper,Taylor,Male,1977-02-03,Germany
5240,Thomas,Clark,Male,1972-09-18,USA
5241,Sophia,Lee,Female,1975-05-19,Germany
5242,James,Hall,Male,1962-05-02,Australia
5243,Michael,Scott,Male,1969-08-26,Canada
5244,Matthew,Lewis,Male,1972-02-07,India
5245,Michael,Martin,Female,1971-05-21,India
5246,Michael,Thomas,Male,1967-02-16,Singapore
5247,Emily,Anderson,Male,1960-06-02,UK
5248,Emily,Wilson,Male,1975-06-04,Singapore
5249,Joseph,Jackson,Male,1992-05-18,Germany
5250,Sophia,Young,Male,1964-05-09,Australia
5251,Joseph,Smith,Male,1963-08-17,India
5252,Mia,Brown,Male,1970-08-04,USA
5253,Thomas,Allen,Male,1996-08-21,UK
5254,Joseph,Walker,Male,1982-02-27,Germany
5255,Michael,Scott,Female,1973-05-27,India
5256,Michael,Allen,Male,1997-03-26,India
5257,Amelia,Thomas,Male,1962-02-17,India
5258,Robert,Brown,Female,1961-01-29,France
5259,Michael,Walker,Female,1965-05-17,Canada
5260,Ava,Wright,Female,1993-10-30,Singapore
5261,Emily,Martin,Male,1977-02-01,Australia
5262,Michael,Lee,Female,1965-04-29,Brazil
5263,David,Smith,Male,1975-12-20,Australia
5264,John,Lewis,Male,1976-09-30,USA
5265,Ava,Hall,Female,1995-01-15,UK
5266,Isabella,Walker,Female,1983-10-10,Singapore
5267,Isabella,Scott,Female,2000-08-27,Japan
5268,John,Martin,Female,1972-12-29,Japan
5269,Ella,Harris,Female,1973-09-24,USA
5270,Isabella,Young,Male,1964-10-26,USA
5271,Ella,Jackson,Female,1992-01-26,Australia
5272,Amelia,Hall,Female,1972-07-18,Singapore
5273,Ava,Lewis,Female,1988-07-01,Brazil
5274,Emily,King,Male,1975-05-06,Japan
5275,Daniel,Wilson,Male,1969-12-11,Canada
5276,Daniel,Scott,Male,1970-09-09,Japan
5277,James,Martin,Female,1994-02-06,Japan
5278,Daniel,White,Female,1992-10-14,Germany
5279,Matthew,Clark,Male,1976-05-13,Australia
5280,Daniel,Taylor,Male,1984-11-15,Singapore
5281,David,Lewis,Male,1995-01-31,Australia
5282,Olivia,Martin,Male,1990-01-13,Australia
5283,Olivia,Thomas,Male,1963-07-19,Canada
5284,Thomas,Wright,Female,1983-12-23,France
5285,Thomas,Hall,Female,1995-06-15,UK
5286,Thomas,Anderson,Male,1985-01-13,France
5287,Emma,Walker,Male,1960-10-06,UK
5288,Sophia,Young,Female,1993-02-03,Australia
5289,Matthew,Jackson,Female,1999-12-11,Germany
5290,Thomas,Walker,Male,1982-05-24,Japan
5291,David,Lee,Male,1998-09-11,Japan
5292,James,Harris,Female,1960-04-18,Brazil
5293,Matthew,Thomas,Male,1960-04-17,Canada
5294,Daniel,Clark,Female,1977-10-17,Japan
5295,Olivia,Wright,Female,1999-01-20,UK
5296,Amelia,White,Female,1988-08-19,Canada
5297,Matthew,Hall,Female,1961-02-10,USA
5298,Ava,Lewis,Female,1990-09-22,Singapore
5299,Sophia,Anderson,Female,1965-07-27,France
5300,Isabella,Scott,Female,1995-12-08,Singapore
5301,Olivia,Scott,Female,1997-06-28,Australia
5302,Joseph,Jackson,Female,1992-05-27,France
5303,Olivia,Young,Male,1984-09-05,Japan
5304,David,Lewis,Female,1975-08-18,Germany
5305,Matthew,Martin,Male,1977-06-14,Canada
5306,James,Walker,Female,1979-05-21,Canada
5307,Emma,Walker,Female,1974-02-05,Japan
5308,Matthew,Martin,Female,1977-07-28,Germany
5309,Emily,Taylor,Male,1981-11-23,France
5310,Sophia,Wright,Female,1980-05-06,Brazil
5311,Matthew,Lewis,Male,1983-07-19,USA
5312,Emma,Wright,Male,1999-03-28,USA
5313,Ella,Lewis,Male,1966-02-14,Brazil
5314,William,Hall,Male,1974-01-23,Japan
5315,Ella,Anderson,Female,1961-06-18,Germany
5316,Isabella,Allen,Female,1986-10-13,Brazil
5317,Joseph,Wilson,Female,1966-08-25,UK
5318,Harper,Hall,Male,1966-01-16,Singapore
5319,William,Thomas,Female,1981-01-08,Canada
5320,Emily,Taylor,Male,1964-03-06,Brazil
5321,Sophia,White,Female,1998-10-29,Japan
5322,Ava,Scott,Female,1964-04-13,Singapore
5323,Harper,Clark,Male,1992-08-01,Brazil
5324,Sophia,King,Female,1999-02-04,Australia
5325,Harper,Martin,Female,1976-08-19,Australia
5326,Joseph,Taylor,Male,1984-03-31,UK
5327,Daniel,Scott,Male,1972-12-26,Germany
5328,Emily,Anderson,Male,1999-02-27,Japan
5329,Emma,Taylor,Female,1983-02-25,UK
5330,Michael,Lewis,Female,1965-04-19,Australia
5331,Olivia,Hall,Male,1968-03-14,Japan
5332,Mia,Jackson,Female,1968-08-25,France
5333,William,White,Female,1988-09-02,Canada
5334,Ava,Thomas,Female,1985-05-01,Brazil
5335,Amelia,Lee,Male,1975-10-29,Australia
5336,Harper,Taylor,Female,1995-07-15,France
5337,Thomas,Allen,Female,2003-06-12,Singapore
5338,Isabella,Harris,Male,1960-04-19,Japan
5339,James,Lee,Female,1987-03-10,France
5340,Emma,Clark,Male,1967-02-04,Japan
5341,Michael,Clark,Female,1961-07-25,Australia
5342,Harper,Hall,Female,1973-02-27,Singapore
5343,Mia,Young,Female,1962-06-08,France
5344,Mia,Walker,Male,1961-02-13,Brazil
5345,Amelia,Young,Female,1960-08-30,USA
5346,Harper,Hall,Female,1961-10-17,Singapore
5347,Thomas,Brown,Male,1975-06-09,Brazil
5348,Michael,Allen,Female,1970-03-09,Singapore
5349,Thomas,Wilson,Female,1968-04-23,USA
5350,James,Walker,Female,2003-03-06,India
5351,Harper,Walker,Female,1971-11-27,Japan
5352,Mia,Scott,Female,1981-03-22,Australia
5353,Ava,Hall,Male,2000-12-03,Japan
5354,William,Allen,Female,1961-06-07,UK
5355,Amelia,Martin,Female,1984-09-07,UK
5356,Emma,Hall,Male,2003-05-24,Canada
5357,Michael,Clark,Male,1995-06-18,Australia
5358,John,Harris,Female,1985-11-13,Australia
5359,Emily,Clark,Female,1974-10-06,Brazil
5360,David,White,Male,1970-08-23,Canada
5361,Daniel,Lewis,Male,1979-04-06,Germany
5362,Amelia,Lewis,Male,1961-06-13,Japan
5363,Emma,Smith,Male,1981-09-12,Brazil
5364,Joseph,Allen,Male,2000-04-01,UK
5365,Amelia,Martin,Male,1966-04-27,Germany
5366,Daniel,Brown,Female,1990-07-29,France
5367,Matthew,Brown,Female,1966-01-05,UK
5368,David,Clark,Male,1980-06-11,Germany
5369,Ella,White,Male,1976-12-22,Singapore
5370,Amelia,Thomas,Male,1968-08-27,Brazil
5371,Michael,Walker,Female,1993-11-28,Canada
5372,Daniel,Wright,Female,1984-05-16,Brazil
5373,Daniel,Harris,Male,1999-07-05,USA
5374,Sophia,Harris,Male,1988-07-31,Canada
5375,Ella,Lee,Female,1977-04-12,UK
5376,Robert,Allen,Female,1976-05-26,UK
5377,Joseph,Wilson,Male,1997-08-20,Brazil
5378,James,King,Male,1960-01-20,Japan
5379,Robert,Walker,Female,1977-07-14,Japan
5380,John,Harris,Male,1994-05-15,India
5381,Sophia,Taylor,Female,1967-07-30,Brazil
5382,David,Wilson,Female,1980-04-16,Brazil
5383,Ava,Scott,Female,1960-10-05,USA
5384,Matthew,Harris,Male,1993-07-12,USA
5385,William,Walker,Male,1975-08-15,USA
5386,William,Walker,Female,1982-12-06,UK
5387,Ava,Hall,Female,1975-11-09,Singapore
5388,Amelia,Lewis,Male,1970-05-17,USA
5389,Emily,Martin,Female,1982-01-02,USA
5390,Matthew,King,Male,1972-07-31,Japan
5391,Harper,King,Male,1996-08-15,Singapore
5392,Isabella,White,Female,1971-06-10,India
5393,Thomas,Thomas,Male,1998-09-17,Brazil
5394,Matthew,Jackson,Female,1962-01-09,Brazil
5395,Sophia,Smith,Female,1980-08-24,Australia
5396,Mia,Wright,Male,1963-10-22,Canada
5397,Emma,Wright,Male,2002-05-17,France
5398,Olivia,Taylor,Female,1997-11-10,India
5399,Ava,King,Female,1980-11-22,Brazil
5400,Emma,Smith,Female,1962-03-02,Germany
5401,David,Martin,Male,1964-01-18,Japan
5402,Joseph,Lee,Male,1989-05-16,Australia
5403,Sophia,Martin,Male,1974-10-25,Singapore
5404,Matthew,Jackson,Male,1965-09-09,Brazil
5405,Sophia,Walker,Male,1964-07-17,Canada
5406,Joseph,Young,Female,1999-11-06,Japan
5407,Olivia,Scott,Female,1965-08-02,India
5408,Thomas,Harris,Female,2002-12-15,Australia
5409,Mia,Walker,Female,1976-12-03,Singapore
5410,Michael,White,Female,1985-07-23,Singapore
5411,Robert,Young,Male,1995-05-24,France
5412,Isabella,Thomas,Male,1985-05-15,USA
5413,Matthew,Taylor,Male,1972-11-23,Japan
5414,Joseph,Anderson,Male,2000-06-30,France
5415,John,Anderson,Female,1994-11-01,UK
5416,Emma,Lewis,Male,1995-07-13,Singapore
5417,James,Lee,Female,1971-08-06,USA
5418,Olivia,Anderson,Male,1972-10-12,Canada
5419,Ava,Smith,Male,1980-10-05,Germany
5420,Olivia,Thomas,Female,1995-11-03,Brazil
5421,David,Taylor,Male,2001-06-12,Canada
5422,David,Young,Female,1961-12-22,France
5423,Ella,Smith,Female,1964-06-12,Japan
5424,Michael,Scott,Male,1992-01-29,USA
5425,Matthew,Brown,Female,1985-05-14,France
5426,Emma,Walker,Male,1990-04-11,Australia
5427,Emily,Smith,Male,1982-06-11,Brazil
5428,David,Clark,Female,1984-05-05,India
5429,Sophia,Walker,Female,1962-12-14,Canada
5430,Emma,Martin,Male,1979-02-15,Canada
5431,Harper,King,Female,1987-01-10,USA
5432,Amelia,Walker,Male,1963-04-10,Brazil
5433,Amelia,Walker,Male,1988-10-12,USA
5434,Olivia,Wilson,Female,1960-04-29,France
5435,James,Allen,Male,1967-08-29,India
5436,William,Harris,Female,1992-09-17,Brazil
5437,Joseph,Lee,Female,1991-07-03,Germany
5438,Harper,Allen,Male,1989-02-06,Australia
5439,Joseph,Young,Male,1977-08-15,India
5440,Daniel,Smith,Female,1970-05-16,Brazil
5441,Emily,Hall,Male,1978-10-12,Brazil
5442,Michael,Brown,Female,1974-10-14,France
5443,John,Walker,Male,1982-07-25,Canada
5444,Matthew,Martin,Female,1977-09-19,Japan
5445,Thomas,Brown,Male,2000-11-27,Brazil
5446,John,Smith,Male,1969-05-01,UK
5447,Matthew,Lewis,Male,1988-05-31,UK
5448,Michael,Thomas,Male,1965-06-02,Brazil
5449,Ella,Scott,Male,1976-09-25,Japan
5450,John,Martin,Female,1995-04-09,UK
5451,Emily,Scott,Female,1996-05-05,Australia
5452,Mia,Jackson,Male,1983-03-07,Canada
5453,Daniel,Walker,Male,1999-01-19,India
5454,Amelia,Thomas,Female,1993-02-09,Japan
5455,David,Martin,Male,1982-05-22,Japan
5456,James,King,Male,1994-09-08,Japan
5457,Isabella,Clark,Male,1963-06-22,Germany
5458,Sophia,Harris,Male,1972-07-26,France
5459,David,Harris,Male,1961-08-09,Germany
5460,Michael,King,Male,1966-05-19,USA
5461,Michael,Clark,Female,1967-05-22,Canada
5462,Emma,Lee,Female,1961-06-08,Germany
5463,Harper,Hall,Female,1966-06-01,Australia
5464,James,Smith,Male,1978-05-19,Singapore
5465,Ava,Clark,Female,1960-02-01,India
5466,Mia,White,Female,1999-04-30,UK
5467,David,Lee,Female,1989-01-15,India
5468,Ava,Jackson,Male,1977-06-06,Brazil
5469,Sophia,Young,Male,1983-07-18,Germany
5470,Amelia,King,Male,1998-08-31,Australia
5471,William,White,Female,1981-01-29,France
5472,Michael,Allen,Male,1992-10-03,UK
5473,Isabella,Wilson,Male,1998-07-15,Canada
5474,John,Walker,Male,1962-03-20,Brazil
5475,James,Clark,Female,1969-02-01,Germany
5476,Ella,Lee,Female,1983-08-26,Brazil
5477,Mia,King,Female,1960-03-22,Canada
5478,Amelia,Young,Male,1991-02-10,Brazil
5479,William,Walker,Female,1982-06-07,Germany
5480,William,Walker,Male,1977-06-01,Germany
5481,Sophia,Anderson,Female,1985-06-19,Japan
5482,Mia,Scott,Female,1963-12-13,India
5483,Daniel,Wilson,Male,1982-05-12,USA
5484,Emma,Hall,Male,1992-06-15,USA
5485,Harper,Harris,Male,1985-06-03,Australia
5486,Joseph,Lee,Female,2001-04-30,Singapore
5487,Emma,Martin,Female,1972-01-16,Germany
5488,David,Thomas,Male,2003-01-10,UK
5489,Thomas,Wilson,Female,1990-10-23,Japan
5490,Daniel,Clark,Male,1996-11-28,France
5491,Harper,Young,Male,2003-02-15,Canada
5492,Matthew,Walker,Male,1997-08-06,Germany
5493,Emily,Anderson,Male,1961-09-13,Brazil
5494,Sophia,Wilson,Female,1976-10-04,UK
5495,Mia,Scott,Male,1979-09-07,USA
5496,Emily,Smith,Female,1979-04-07,Brazil
5497,Thomas,Wilson,Female,1961-08-19,India
5498,Daniel,Thomas,Male,1969-07-15,USA
5499,Harper,Thomas,Male,2000-04-27,Brazil
5500,Emily,Scott,Male,1965-10-10,France
5501,John,White,Female,1988-03-01,UK
5502,Mia,Wilson,Female,1983-09-05,France
5503,Joseph,Hall,Female,1999-05-30,Australia
5504,Michael,Anderson,Female,1968-02-01,India
5505,David,Jackson,Male,1980-07-04,Japan
5506,Isabella,Young,Male,1964-12-25,USA
5507,Emily,Smith,Female,1996-01-29,Japan
5508,Amelia,Harris,Female,1985-11-10,UK
5509,Isabella,Anderson,Male,1996-09-03,Australia
5510,Emily,Anderson,Male,1974-12-06,Singapore
5511,William,Young,Male,1993-09-12,Canada
5512,David,Wright,Male,1981-01-06,Brazil
5513,James,Wright,Male,1995-03-01,India
5514,Isabella,King,Female,1979-12-19,Japan
5515,Ava,Allen,Female,1965-08-28,India
5516,Robert,Scott,Female,1962-10-04,France
5517,James,Lewis,Male,1965-03-23,USA
5518,James,Lewis,Male,1966-02-27,Australia
5519,Matthew,Anderson,Male,1970-04-08,Australia
5520,William,Allen,Female,1980-08-28,Japan
5521,Michael,White,Female,1976-06-02,Brazil
5522,Ella,Taylor,Male,1990-12-31,India
5523,Isabella,Jackson,Male,2002-12-01,Australia
5524,Thomas,Jackson,Male,1969-03-12,Brazil
5525,Thomas,Martin,Female,1991-08-26,USA
5526,Joseph,Hall,Male,1978-06-18,UK
5527,Michael,Lewis,Female,1963-07-24,Canada
5528,Olivia,King,Male,1971-11-16,Germany
5529,Emma,Clark,Female,1990-12-03,Brazil
5530,Amelia,Thomas,Female,1968-03-17,Germany
5531,Matthew,King,Female,1980-11-23,Singapore
5532,Emma,Wilson,Female,1993-10-18,Japan
5533,Ella,Clark,Male,1998-05-16,USA
5534,Joseph,Taylor,Female,1998-02-04,Brazil
5535,Emma,Thomas,Male,1972-08-12,Australia
5536,David,Jackson,Female,1999-01-15,Canada
5537,Emma,Young,Male,1971-05-22,Singapore
5538,James,Clark,Female,1973-10-25,Singapore
5539,Amelia,Jackson,Male,1962-11-07,USA
5540,Robert,Clark,Female,1977-06-08,USA
5541,Sophia,Taylor,Female,2003-04-14,Japan
5542,Robert,Walker,Female,1964-08-19,UK
5543,William,Taylor,Male,1975-07-21,Japan
5544,James,Martin,Female,1963-05-09,Japan
5545,Matthew,Lee,Male,1995-01-17,India
5546,Daniel,Anderson,Male,1975-08-12,Australia
5547,Emily,Brown,Female,1968-03-14,India
5548,Matthew,King,Male,1998-12-08,Singapore
5549,Emma,Taylor,Female,1989-03-22,France
5550,William,Wilson,Male,1973-04-13,UK
5551,Emily,Smith,Male,1990-05-07,Singapore
5552,James,Walker,Female,1993-05-07,USA
5553,Sophia,Hall,Male,1992-05-04,Brazil
5554,Emily,Lee,Male,1962-01-13,Germany
5555,Harper,Brown,Male,1985-03-28,Brazil
5556,Emily,Lee,Male,1990-07-05,Germany
5557,Emily,Lee,Female,1984-05-09,Brazil
5558,Isabella,Brown,Female,1971-01-05,Australia
5559,Daniel,Harris,Female,1981-03-26,USA
5560,Ella,Scott,Male,1977-03-07,Singapore
5561,Emily,Young,Female,1973-11-04,USA
5562,Emma,Anderson,Female,2002-02-10,Australia
5563,Isabella,Walker,Female,2003-02-25,Brazil
5564,Matthew,Thomas,Male,1986-01-25,France
5565,Isabella,Brown,Female,1977-01-06,Singapore
5566,Harper,Thomas,Male,1967-10-23,Singapore
5567,Olivia,Smith,Male,1968-10-27,India
5568,Ava,Allen,Female,1991-03-20,Canada
5569,Joseph,Walker,Male,1978-04-22,Canada
5570,Olivia,Scott,Male,1982-05-21,Canada
5571,David,Clark,Female,1974-05-18,USA
5572,Emily,Brown,Female,1998-01-21,Singapore
5573,Amelia,Hall,Male,1963-02-06,India
5574,Emma,Jackson,Male,1989-07-14,Germany
5575,James,Allen,Male,1962-03-04,Australia
5576,Thomas,Young,Female,1962-09-05,Germany
5577,William,Wright,Male,2002-04-09,Canada
5578,Michael,Harris,Male,1982-02-10,Brazil
5579,Emily,Harris,Male,1980-07-07,Canada
5580,Harper,Taylor,Female,2000-02-19,Germany
5581,William,Allen,Male,1975-08-20,France
5582,Emma,Clark,Female,2003-08-07,USA
5583,Amelia,Clark,Male,1969-03-31,Germany
5584,Emily,Smith,Male,1994-06-24,India
5585,Sophia,King,Male,1990-06-21,Canada
5586,Olivia,Brown,Male,1989-06-09,Singapore
5587,David,Wilson,Male,1990-06-08,Canada
5588,Robert,White,Female,2002-12-05,Japan
5589,Mia,Hall,Female,1970-10-18,Canada
5590,John,King,Male,1983-02-16,India
5591,Amelia,Taylor,Female,1980-04-07,Germany
5592,Robert,Harris,Female,1990-11-29,USA
5593,Isabella,Lee,Female,1973-12-17,Canada
5594,David,Walker,Female,1961-01-09,UK
5595,Thomas,Anderson,Female,1979-03-07,Singapore
5596,Olivia,Young,Male,1962-11-28,Brazil
5597,Harper,Wright,Female,1972-03-08,UK
5598,Olivia,Smith,Male,1984-02-12,Australia
5599,Robert,Clark,Female,1995-09-26,Australia
5600,William,Young,Female,1992-02-01,Singapore
5601,Ava,Wright,Male,1993-12-24,Japan
5602,Thomas,King,Male,1968-01-15,France
5603,William,King,Male,1990-04-24,USA
5604,James,Harris,Female,1975-02-18,Japan
5605,Thomas,Brown,Female,1995-09-05,Germany
5606,Emma,Allen,Male,1968-05-27,Japan
5607,John,Thomas,Male,1984-12-26,Japan
5608,Joseph,Clark,Male,1973-10-30,Australia
5609,Emma,Lewis,Male,1962-12-09,USA
5610,Sophia,Clark,Female,1962-09-19,India
5611,Emily,Smith,Female,1985-09-10,UK
5612,Robert,Taylor,Male,1998-08-16,Singapore
5613,Emma,Thomas,Male,1983-03-17,India
5614,Emily,Clark,Female,1985-01-13,UK
5615,Thomas,Wilson,Female,1980-02-07,Canada
5616,Ava,Martin,Female,1979-09-23,Germany
5617,Olivia,Scott,Female,1965-04-21,Singapore
5618,David,Allen,Male,1995-11-06,UK
5619,William,Walker,Male,1967-04-29,Japan
5620,Ava,White,Male,1961-04-21,Japan
5621,William,White,Male,1985-12-27,Singapore
5622,Michael,Martin,Male,1970-09-17,Japan
5623,Thomas,Clark,Male,1960-05-10,Australia
5624,Daniel,King,Male,1975-10-06,USA
5625,Emily,Hall,Male,1972-03-01,Singapore
5626,Harper,Anderson,Male,1979-10-30,Japan
5627,Joseph,Harris,Male,1980-11-07,France
5628,Isabella,Thomas,Female,1971-02-03,Australia
5629,Emily,Young,Male,1990-07-02,France
5630,Matthew,Anderson,Female,1998-04-23,Germany
5631,Isabella,Anderson,Female,1999-07-04,Australia
5632,Sophia,Walker,Male,1996-12-13,Australia
5633,Emma,Taylor,Female,1978-07-02,Canada
5634,Ella,Thomas,Male,1979-12-27,UK
5635,Joseph,Martin,Female,1987-11-08,Japan
5636,Olivia,Scott,Female,1981-02-20,France
5637,Isabella,Scott,Female,1990-08-02,India
5638,Harper,Brown,Female,1989-11-06,India
5639,Ava,Smith,Female,1993-05-14,Germany
5640,Sophia,Anderson,Male,1968-10-23,UK
5641,Joseph,Clark,Female,1961-12-03,USA
5642,John,Young,Female,1992-05-24,Australia
5643,Emma,Lee,Female,1995-11-09,Singapore
5644,Thomas,Taylor,Male,1995-05-24,Brazil
5645,Ella,Anderson,Female,1990-06-20,Singapore
5646,Sophia,Martin,Female,1996-09-06,UK
5647,Isabella,Smith,Male,1960-04-15,France
5648,Ava,Brown,Male,2001-03-05,Brazil
5649,Harper,Walker,Female,1995-02-01,UK
5650,Ella,Allen,Female,1996-06-11,Australia
5651,Matthew,White,Female,1973-05-16,Australia
5652,Ella,Young,Male,1996-08-12,UK
5653,Matthew,Martin,Male,1976-07-01,France
5654,Ava,White,Male,1968-03-24,France
5655,Daniel,Walker,Female,1966-04-06,Brazil
5656,Ava,Allen,Male,1978-07-05,Japan
5657,Sophia,Smith,Male,1970-08-10,Singapore
5658,Isabella,King,Male,1977-10-17,Japan
5659,Ava,Wilson,Female,2003-07-31,USA
5660,Emma,Thomas,Male,1995-03-15,Canada
5661,James,Lewis,Female,1990-08-30,UK
5662,Robert,White,Female,1992-02-27,India
5663,Robert,Thomas,Male,1985-07-31,India
5664,James,Young,Female,1974-11-05,Japan
5665,Matthew,King,Female,1975-01-19,Canada
5666,Amelia,Martin,Male,1984-12-15,Canada
5667,Thomas,Taylor,Male,1965-05-14,Australia
5668,William,Hall,Female,1976-09-08,USA
5669,Ava,Anderson,Male,1991-05-23,Germany
5670,Michael,Brown,Female,1971-07-15,Germany
5671,Thomas,Jackson,Female,1980-02-14,France
5672,Emma,Thomas,Male,1991-02-15,India
5673,Sophia,King,Female,2000-05-22,Japan
5674,Matthew,Anderson,Female,1972-01-28,UK
5675,Harper,Smith,Female,1972-07-07,France
5676,Robert,Wright,Female,1969-06-15,France
5677,Emily,Hall,Male,1980-12-10,Japan
5678,Michael,Taylor,Female,1970-02-14,Brazil
5679,Emma,Thomas,Male,2000-09-04,Japan
5680,Emma,White,Male,1996-04-02,France
5681,Robert,Taylor,Female,1974-02-25,Singapore
5682,Emma,King,Female,1985-02-11,Singapore
5683,Joseph,Martin,Male,1974-03-14,USA
5684,James,Anderson,Female,1975-10-07,Canada
5685,Mia,Martin,Female,1973-01-27,Australia
5686,Daniel,Walker,Female,1998-06-25,Japan
5687,John,Wright,Male,1990-07-30,Japan
5688,Ava,Anderson,Male,1994-05-03,Germany
5689,Michael,Young,Female,1995-10-19,India
5690,Michael,White,Male,1968-07-10,Australia
5691,Sophia,Smith,Male,1970-02-18,Germany
5692,Ella,Lee,Male,1999-05-04,Singapore
5693,Emily,Lewis,Female,2003-07-29,USA
5694,Michael,Walker,Female,1969-10-21,UK
5695,Thomas,Jackson,Male,1997-09-22,USA
5696,Robert,Wright,Male,1985-11-16,Canada
5697,Amelia,Allen,Female,1994-03-08,Australia
5698,Isabella,Brown,Female,1992-04-13,UK
5699,James,Hall,Female,1982-03-30,UK
5700,Ella,Jackson,Male,1961-09-21,Singapore
5701,Isabella,Lewis,Female,1998-07-10,Germany
5702,Matthew,Jackson,Female,1977-09-22,UK
5703,Matthew,Scott,Female,1978-08-16,Japan
5704,Thomas,White,Female,1979-03-08,Singapore
5705,David,Young,Female,1972-03-22,Germany
5706,Emma,Wilson,Female,1961-03-29,Germany
5707,Emma,Clark,Male,1993-04-06,UK
5708,Ella,Allen,Male,1999-08-08,Australia
5709,Sophia,White,Male,1969-05-18,Singapore
5710,Mia,White,Male,1971-02-26,Australia
5711,Matthew,Anderson,Female,1978-10-15,Canada
5712,Olivia,Jackson,Male,1976-04-25,India
5713,Matthew,Scott,Male,1988-05-13,UK
5714,Daniel,Hall,Male,1973-01-24,Germany
5715,Robert,Walker,Female,1973-09-06,Japan
5716,Joseph,Lewis,Female,1967-10-10,USA
5717,David,Martin,Female,1982-04-09,Japan
5718,Joseph,Hall,Female,1990-04-20,UK
5719,Harper,Lee,Female,1973-11-17,Germany
5720,Emma,Clark,Female,1976-01-26,Brazil
5721,Amelia,Taylor,Female,1999-10-28,Australia
5722,Daniel,Anderson,Male,1995-03-23,India
5723,Joseph,White,Male,1962-12-29,Australia
5724,Mia,Walker,Female,1960-09-29,USA
5725,John,Thomas,Male,1975-07-30,Brazil
5726,Joseph,Young,Male,1969-01-22,Canada
5727,Harper,Wright,Female,1993-10-15,Canada
5728,Ella,Young,Female,1982-06-18,France
5729,David,Taylor,Male,1981-12-04,Australia
5730,Ella,Wright,Female,1994-05-20,Japan
5731,Sophia,Brown,Female,1962-05-07,Japan
5732,William,Walker,Male,1979-08-01,UK
5733,Joseph,King,Male,1983-05-09,India
5734,James,Allen,Female,1993-04-27,Singapore
5735,Ava,Thomas,Male,1986-04-04,UK
5736,Emma,Taylor,Male,2001-01-07,India
5737,Sophia,Smith,Male,1984-12-17,USA
5738,Harper,Brown,Male,1968-02-17,Australia
5739,David,Allen,Male,1999-11-29,Germany
5740,Harper,Martin,Male,1978-04-26,Brazil
5741,Emily,Taylor,Male,1977-11-11,Australia
5742,David,Martin,Female,1981-12-23,France
5743,David,Lee,Male,1976-07-18,Japan
5744,Harper,King,Male,1976-10-11,Japan
5745,Amelia,Clark,Male,2001-11-25,Canada
5746,John,Anderson,Female,1973-06-11,USA
5747,Sophia,Lewis,Female,1981-10-16,Canada
5748,Matthew,Hall,Male,1971-12-15,USA
5749,Robert,Anderson,Female,1981-05-18,Canada
5750,David,Harris,Female,1996-11-12,Australia
5751,Olivia,King,Male,1969-11-22,Japan
5752,Sophia,Clark,Male,1980-04-27,Australia
5753,Amelia,Allen,Male,1964-02-15,Australia
5754,Emily,Young,Male,2003-05-06,Canada
5755,Michael,Wilson,Male,1978-08-14,UK
5756,David,Allen,Male,1974-03-29,Canada
5757,John,Taylor,Female,1971-02-28,USA
5758,Emma,Lee,Male,1975-11-12,USA
5759,Matthew,Wilson,Female,1979-09-22,Singapore
5760,Robert,Clark,Male,1979-01-31,Australia
5761,Emma,Young,Female,1971-06-27,France
5762,Emily,Allen,Female,1999-06-01,USA
5763,Matthew,Hall,Female,1963-09-26,UK
5764,Sophia,Harris,Male,1971-06-09,Brazil
5765,James,Harris,Female,2000-07-27,Germany
5766,Sophia,Wright,Female,2002-06-24,Singapore
5767,Harper,Hall,Female,1991-11-07,Brazil
5768,Harper,Thomas,Male,1996-12-10,Australia
5769,David,Clark,Male,1966-02-12,France
5770,Daniel,Wilson,Female,1974-06-16,France
5771,Ava,Lewis,Male,1960-12-02,India
5772,John,Anderson,Female,1972-02-09,France
5773,Ava,Young,Female,2001-06-29,Japan
5774,Olivia,Brown,Female,1989-04-17,UK
5775,Robert,Young,Female,1972-11-28,Japan
5776,James,King,Male,1971-01-18,Australia
5777,Joseph,King,Female,2002-10-20,Canada
5778,Harper,Harris,Male,1999-10-01,France
5779,Matthew,Wilson,Male,1964-10-16,Germany
5780,Ava,Smith,Male,1999-02-03,USA
5781,Joseph,Smith,Male,2002-03-19,India
5782,John,Taylor,Male,1961-02-17,Germany
5783,Emily,Anderson,Male,1988-07-17,India
5784,Emily,Martin,Male,1995-10-29,Singapore
5785,Ava,Smith,Female,1981-01-24,Japan
5786,Matthew,Martin,Female,1984-01-19,UK
5787,Thomas,Wilson,Female,1975-11-15,USA
5788,Joseph,Allen,Male,1962-02-15,France
5789,Sophia,Smith,Female,1960-08-05,USA
5790,John,Harris,Male,1999-06-21,Singapore
5791,David,Allen,Male,2002-12-16,France
5792,David,Wright,Male,1969-11-18,Australia
5793,Joseph,Scott,Male,1998-08-04,Brazil
5794,Michael,King,Female,1982-11-02,UK
5795,John,Walker,Female,1986-09-09,India
5796,Mia,Hall,Male,1971-12-15,Germany
5797,Michael,Allen,Female,1975-07-13,Brazil
5798,Emily,Walker,Female,1962-04-03,UK
5799,Daniel,Lee,Female,1997-12-04,Japan
5800,Isabella,Clark,Male,1963-05-25,India
5801,Robert,King,Female,1960-08-25,USA
5802,Harper,Taylor,Female,1972-06-18,Japan
5803,David,Smith,Female,1995-02-18,India
5804,Michael,Wilson,Female,1981-06-08,Singapore
5805,Thomas,Smith,Male,1987-10-20,Singapore
5806,Matthew,Hall,Male,1992-06-22,Germany
5807,Sophia,King,Male,1976-08-11,Australia
5808,Olivia,Walker,Female,1977-02-15,France
5809,Matthew,Martin,Male,1967-03-18,Japan
5810,Olivia,Brown,Male,1982-08-18,Australia
5811,Mia,Clark,Female,1979-03-04,France
5812,James,Lewis,Female,2003-10-08,Japan
5813,Amelia,Hall,Female,1976-03-17,Singapore
5814,Joseph,Lee,Male,1980-01-20,France
5815,Michael,Taylor,Female,1972-01-16,India
5816,Sophia,Allen,Female,1961-02-04,Canada
5817,Mia,Hall,Female,1987-12-01,Brazil
5818,Amelia,Martin,Male,1966-08-10,India
5819,Amelia,Thomas,Male,1991-06-24,UK
5820,Emma,Lee,Male,1970-12-02,Canada
5821,William,White,Male,2002-07-06,UK
5822,David,Thomas,Male,1998-01-16,USA
5823,Isabella,Wilson,Male,1992-08-25,Germany
5824,Joseph,Walker,Female,2000-07-14,Australia
5825,Thomas,Taylor,Male,1978-08-26,Canada
5826,Emma,Hall,Male,1992-02-12,Brazil
5827,Mia,King,Male,1989-10-11,Canada
5828,John,Young,Male,1987-10-23,Singapore
5829,Mia,Wright,Male,1976-09-21,USA
5830,David,Clark,Female,1997-12-02,Brazil
5831,Ava,Thomas,Male,1967-10-05,Australia
5832,Harper,Hall,Male,1985-01-02,Germany
5833,Amelia,King,Male,1985-11-21,Canada
5834,William,Young,Female,1997-06-13,Canada
5835,David,Jackson,Male,1977-09-03,Singapore
5836,Michael,Lewis,Male,1990-09-01,Canada
5837,Joseph,Allen,Male,1990-02-05,Brazil
5838,Olivia,Anderson,Male,1963-02-04,Canada
5839,James,Scott,Male,1999-10-09,Japan
5840,Harper,Martin,Male,1966-05-23,Germany
5841,Emily,Anderson,Male,1984-10-03,France
5842,Emma,Thomas,Male,1974-03-19,Brazil
5843,Michael,Anderson,Male,2001-11-22,Singapore
5844,David,Lewis,Female,1991-04-03,Australia
5845,James,Clark,Female,1977-03-14,USA
5846,William,Taylor,Female,1988-09-17,India
5847,Sophia,Lewis,Male,1992-02-15,Brazil
5848,Daniel,Brown,Female,2002-02-21,India
5849,Emily,Hall,Male,1989-08-09,USA
5850,William,Martin,Female,1963-11-03,USA
5851,Thomas,Jackson,Male,1992-11-01,Brazil
5852,Joseph,King,Male,1982-11-03,UK
5853,David,Brown,Male,1993-06-08,India
5854,Amelia,Walker,Male,1972-07-07,Australia
5855,Emma,Lewis,Male,1973-09-03,France
5856,Harper,Wilson,Female,1969-02-24,UK
5857,Olivia,Jackson,Male,1969-09-08,USA
5858,Olivia,Scott,Female,1992-06-05,Brazil
5859,Sophia,Hall,Male,1978-05-31,Brazil
5860,William,Walker,Female,1995-03-11,Japan
5861,David,Lee,Female,1986-06-24,India
5862,Emily,Wilson,Female,1985-07-08,India
5863,Harper,Smith,Female,2000-02-08,Singapore
5864,Olivia,King,Female,1999-04-26,Australia
5865,Mia,Brown,Female,1978-01-09,Germany
5866,David,Taylor,Male,1997-02-02,Japan
5867,Michael,King,Female,1960-08-17,Australia
5868,Joseph,Wilson,Male,1972-07-21,Brazil
5869,William,Anderson,Male,1984-11-11,Australia
5870,Emma,Jackson,Female,1977-05-14,Australia
5871,Ava,Martin,Female,1998-06-29,Germany
5872,Harper,Thomas,Female,1968-04-16,India
5873,Michael,Allen,Male,1977-08-21,Brazil
5874,Michael,Jackson,Female,2002-12-03,Singapore
5875,Mia,Clark,Female,1969-07-15,UK
5876,Olivia,Lewis,Female,1973-11-02,Japan
5877,Ella,Taylor,Female,1978-04-10,Australia
5878,Joseph,King,Female,1991-09-21,Australia
5879,James,Scott,Male,1976-01-20,UK
5880,William,White,Female,1972-12-11,Australia
5881,Olivia,Walker,Male,1984-05-30,France
5882,Daniel,Smith,Male,1991-05-17,Canada
5883,David,White,Female,1976-11-25,USA
5884,Michael,Hall,Female,1998-05-18,Brazil
5885,Robert,Harris,Male,1999-10-21,India
5886,Joseph,Young,Male,1964-11-05,Singapore
5887,David,Martin,Female,1996-07-01,India
5888,Ella,Martin,Male,1984-05-02,Brazil
5889,Robert,Allen,Female,1990-11-20,Brazil
5890,John,Martin,Male,1997-01-16,Canada
5891,John,Clark,Female,1984-12-09,Germany
5892,Ella,Scott,Male,1997-12-18,France
5893,Mia,Thomas,Male,1975-11-15,Australia
5894,Olivia,Wright,Female,1993-02-23,USA
5895,David,Harris,Male,2000-06-09,Canada
5896,Michael,Scott,Male,1981-02-19,Australia
5897,William,Allen,Male,1971-10-07,USA
5898,Isabella,Thomas,Female,1986-05-09,France
5899,Olivia,Young,Female,1984-08-26,India
5900,Matthew,King,Male,1974-08-14,Germany
5901,Ella,Allen,Female,2001-10-10,USA
5902,Isabella,Harris,Male,2002-10-29,Singapore
5903,William,Young,Male,1963-01-25,India
5904,Ella,Wright,Male,1998-03-09,Brazil
5905,John,Lee,Male,1994-12-27,USA
5906,Michael,Wilson,Male,1973-10-27,Singapore
5907,Michael,Smith,Female,1963-10-03,USA
5908,Emily,Clark,Female,1984-05-29,Japan
5909,Olivia,Hall,Male,1969-01-31,Singapore
5910,Isabella,Harris,Female,2002-07-03,Germany
5911,John,Lee,Male,1995-09-23,Brazil
5912,John,Hall,Male,1994-02-04,USA
5913,Ava,Walker,Female,1996-01-10,France
5914,William,Allen,Male,1968-07-10,Australia
5915,Emma,Young,Male,1974-06-09,Brazil
5916,Harper,Martin,Female,1994-12-13,France
5917,Ella,Anderson,Male,1961-10-09,Germany
5918,Robert,Wright,Male,1994-01-27,Canada
5919,Isabella,Jackson,Female,1981-11-12,India
5920,Robert,Taylor,Male,2002-06-05,Singapore
5921,Amelia,Lewis,Male,1987-08-21,USA
5922,Harper,Clark,Male,2002-05-14,Japan
5923,James,Lewis,Male,1980-03-06,Australia
5924,Matthew,Martin,Female,1963-02-08,USA
5925,Michael,Scott,Male,1997-05-24,Australia
5926,John,King,Male,1986-01-02,Brazil
5927,Joseph,Anderson,Female,1976-08-11,India
5928,Michael,Clark,Female,1963-01-05,Japan
5929,Olivia,Wright,Male,1977-01-23,India
5930,James,Lewis,Female,1997-11-05,USA
5931,Olivia,Wright,Female,1986-06-15,Japan
5932,Robert,White,Male,1998-04-19,Brazil
5933,James,Jackson,Female,1961-08-12,Australia
5934,James,Lee,Male,1989-11-08,Canada
5935,Sophia,Walker,Male,1989-11-12,India
5936,Amelia,Allen,Male,1996-10-24,Canada
5937,John,King,Female,1971-01-07,UK
5938,Harper,Jackson,Female,1962-01-23,Australia
5939,Michael,Lewis,Female,1977-08-22,France
5940,Harper,Harris,Female,1977-07-10,Japan
5941,William,Scott,Female,1978-07-31,USA
5942,Thomas,Lee,Male,1969-03-08,Japan
5943,Ella,Lewis,Male,1982-05-16,Brazil
5944,Mia,Wright,Female,1980-03-08,UK
5945,Isabella,Wright,Male,1977-09-24,Germany
5946,William,Brown,Female,1985-10-08,UK
5947,Daniel,Smith,Female,1985-12-05,Japan
5948,Emily,Scott,Male,1977-12-18,India
5949,John,Wright,Male,1990-12-23,Germany
5950,Michael,Taylor,Male,1977-07-11,Singapore
5951,Matthew,Martin,Male,1988-02-17,UK
5952,Joseph,Lewis,Male,1994-09-12,Singapore
5953,Harper,Wilson,Male,1963-07-14,Singapore
5954,Daniel,Clark,Male,1964-08-26,France
5955,Isabella,Taylor,Male,1993-01-13,Japan
5956,Ava,White,Male,1984-09-30,Germany
5957,Matthew,Brown,Male,1963-07-29,France
5958,Mia,Jackson,Female,1965-05-04,USA
5959,Olivia,Wilson,Female,1972-03-25,Singapore
5960,Mia,Clark,Male,1966-11-29,USA
5961,James,Young,Female,1990-02-14,Canada
5962,Daniel,Walker,Female,1983-02-01,Germany
5963,William,Thomas,Male,1994-08-07,France
5964,David,Lewis,Female,1960-02-08,Australia
5965,William,Anderson,Female,1998-03-12,Germany
5966,Michael,Scott,Female,1981-02-25,France
5967,David,Wright,Female,1982-04-09,Germany
5968,Ella,Lewis,Female,1992-11-10,Brazil
5969,Harper,Smith,Male,1998-04-16,Brazil
5970,David,White,Female,2002-05-20,Singapore
5971,Harper,Lewis,Female,2003-01-01,Japan
5972,David,Lewis,Male,1960-06-20,Brazil
5973,Thomas,Clark,Male,1988-08-13,UK
5974,Sophia,Anderson,Male,1969-06-17,France
5975,Robert,King,Male,1969-12-12,India
5976,Daniel,Taylor,Male,1988-03-19,Canada
5977,Harper,Hall,Male,1984-09-14,Australia
5978,Michael,Hall,Male,1960-12-23,Japan
5979,Emma,King,Male,1998-01-25,Brazil
5980,Emma,King,Male,1990-09-09,UK
5981,Joseph,Jackson,Male,1996-03-07,Australia
5982,Harper,Lewis,Male,1998-04-02,India
5983,Olivia,Anderson,Male,1984-02-26,USA
5984,Robert,Lee,Male,1986-06-12,Japan
5985,Michael,Harris,Male,2001-04-26,UK
5986,Isabella,Anderson,Male,1986-09-08,Japan
5987,Michael,Lewis,Male,1988-05-15,Australia
5988,Daniel,Wright,Female,1987-01-16,India
5989,William,Jackson,Male,2000-09-07,France
5990,James,Lewis,Female,1977-11-20,UK
5991,Daniel,Scott,Male,1979-03-07,Japan
5992,John,Wright,Female,1962-05-28,USA
5993,Harper,Martin,Female,1986-11-16,USA
5994,Michael,Anderson,Female,1976-09-19,Australia
5995,Robert,Walker,Male,1967-09-07,Japan
5996,David,Anderson,Female,1979-06-26,Australia
5997,Michael,Wright,Male,1960-06-06,India
5998,Olivia,Wilson,Female,1964-01-12,Brazil
5999,William,Wright,Male,1998-12-18,Brazil
6000,Ava,Wright,Female,1996-04-22,Germany
6001,William,Walker,Female,1981-03-25,UK
6002,Matthew,Scott,Male,1996-09-01,Singapore
6003,Emma,Wright,Female,1962-09-23,UK
6004,Emma,Lewis,Male,1996-04-12,Brazil
6005,William,Clark,Female,1986-06-07,Brazil
6006,Ella,Scott,Female,1972-12-28,India
6007,Michael,Lewis,Male,1978-05-05,Germany
6008,Harper,Hall,Female,1961-08-20,UK
6009,Matthew,Lewis,Female,1964-04-16,USA
6010,Matthew,Taylor,Female,1974-08-05,Canada
6011,Emma,Smith,Female,1986-01-16,Germany
6012,William,Clark,Female,1985-06-06,Canada
6013,Olivia,Allen,Female,1967-04-05,Germany
6014,Sophia,Wright,Female,1963-01-31,France
6015,Joseph,Taylor,Female,1978-11-16,Japan
6016,John,Smith,Male,1973-11-15,Singapore
6017,Ava,Anderson,Male,1967-12-06,Brazil
6018,Ella,Brown,Male,1968-01-03,UK
6019,Joseph,Walker,Male,1986-01-08,UK
6020,Michael,Hall,Male,1969-08-19,Germany
6021,Emma,Hall,Female,1989-06-28,USA
6022,Daniel,Wilson,Male,1996-08-02,Singapore
6023,David,Thomas,Female,1987-10-22,Brazil
6024,William,Anderson,Female,1966-10-28,Australia
6025,Thomas,Walker,Female,1968-05-31,Japan
6026,Michael,Allen,Female,1972-01-04,USA
6027,William,Walker,Male,1979-05-22,Singapore
6028,Amelia,Anderson,Female,1996-05-16,France
6029,Sophia,King,Female,1996-10-28,Canada
6030,Emma,Harris,Female,1982-05-24,UK
6031,Daniel,Young,Male,1977-01-21,Singapore
6032,Emma,King,Male,1973-11-17,Brazil
6033,Emily,Thomas,Male,1971-01-05,UK
6034,Emily,Thomas,Female,1962-07-21,Australia
6035,Emma,Walker,Male,1987-06-26,Brazil
6036,Olivia,Smith,Male,1969-03-13,Germany
6037,Robert,Wright,Male,1992-07-07,USA
6038,Emily,Taylor,Male,1997-09-29,Singapore
6039,Isabella,Clark,Male,1986-10-23,Brazil
6040,Robert,Hall,Male,1993-07-28,Singapore
6041,Amelia,Jackson,Female,1990-08-29,France
6042,Amelia,Anderson,Female,1994-02-20,India
6043,Isabella,Clark,Female,1960-03-09,Brazil
6044,Matthew,Jackson,Female,1999-12-06,Canada
6045,David,Young,Male,1987-07-07,USA
6046,Michael,Jackson,Female,1962-09-15,Germany
6047,Robert,Smith,Male,1993-03-20,France
6048,Ava,Wright,Male,2002-10-10,Australia
6049,Ava,King,Male,1994-05-23,UK
6050,Mia,Young,Male,1996-11-30,India
6051,Olivia,Harris,Female,2001-07-30,Australia
6052,James,Young,Female,1991-05-15,France
6053,Emma,Brown,Male,2001-11-15,Singapore
6054,Thomas,Anderson,Male,1973-05-18,Germany
6055,Thomas,Hall,Male,1996-02-08,Singapore
6056,William,Walker,Male,1973-01-11,Singapore
6057,Matthew,Wright,Female,1976-08-14,Japan
6058,John,Young,Male,1981-08-10,Brazil
6059,Joseph,Martin,Female,2003-09-28,India
6060,Robert,Hall,Male,1964-07-05,Germany
6061,Olivia,Young,Female,1992-01-01,Australia
6062,David,Wright,Female,1984-10-15,India
6063,Sophia,Smith,Female,2002-03-05,Singapore
6064,Harper,King,Male,1995-01-27,Germany
6065,Ava,Allen,Male,1989-02-19,Germany
6066,Olivia,Walker,Female,1993-11-09,Japan
6067,Matthew,Taylor,Male,1990-01-26,Canada
6068,Robert,Young,Male,2000-01-31,Singapore
6069,Ava,Lewis,Female,1966-06-29,India
6070,Emily,Brown,Female,1995-01-25,India
6071,Robert,Clark,Female,1988-07-20,India
6072,Daniel,Allen,Male,1969-02-24,Canada
6073,Emma,Harris,Female,1998-04-08,Japan
6074,Isabella,Taylor,Male,1964-02-08,Germany
6075,Ella,Scott,Female,1977-08-14,India
6076,Joseph,Taylor,Male,1991-07-22,Australia
6077,Thomas,White,Female,1981-03-12,USA
6078,William,Young,Male,1975-08-01,Brazil
6079,Emma,Wilson,Female,1998-11-16,USA
6080,Thomas,Jackson,Female,1981-05-08,Singapore
6081,Sophia,Walker,Male,1963-02-03,USA
6082,Ella,Harris,Male,1960-03-20,UK
6083,Harper,Harris,Male,2000-07-09,Australia
6084,Matthew,Young,Male,1995-09-18,Singapore
6085,Michael,Anderson,Male,2000-04-12,USA
6086,Robert,Anderson,Male,1998-03-28,Brazil
6087,Amelia,Lewis,Female,1995-12-28,UK
6088,James,Lewis,Female,1963-03-12,Canada
6089,David,Lee,Male,1984-11-04,Singapore
6090,David,King,Male,1972-09-10,Australia
6091,Michael,Smith,Female,1971-02-19,Brazil
6092,Olivia,Thomas,Male,1970-10-03,Germany
6093,Thomas,Young,Female,1965-01-10,UK
6094,Thomas,Taylor,Female,1979-09-29,India
6095,Thomas,Harris,Male,1982-05-18,France
6096,Ella,Taylor,Male,1991-06-11,France
6097,Robert,Wilson,Male,1983-06-26,Brazil
6098,Matthew,Allen,Male,1978-02-19,Canada
6099,Harper,Anderson,Female,1969-07-30,Singapore
6100,William,White,Male,1997-11-22,Singapore
6101,Sophia,Jackson,Female,1967-06-19,Australia
6102,Isabella,Hall,Male,1990-09-21,Australia
6103,David,Allen,Male,1996-01-08,USA
6104,James,Anderson,Male,1982-02-19,Australia
6105,Michael,Harris,Male,1973-10-12,Brazil
6106,John,Wilson,Female,1999-04-21,Brazil
6107,Emma,King,Male,1986-03-16,India
6108,Amelia,Scott,Male,1971-01-11,Japan
6109,David,Scott,Male,1983-02-20,Australia
6110,Harper,Lee,Male,1971-01-16,UK
6111,Harper,White,Male,1964-04-25,Canada
6112,Ella,Jackson,Male,1965-07-01,Germany
6113,Emma,Thomas,Male,1981-07-01,Australia
6114,John,Harris,Male,1988-05-16,Australia
6115,William,Clark,Male,1974-10-24,France
6116,James,Anderson,Male,1991-12-10,USA
6117,Robert,White,Female,1977-12-04,Japan
6118,David,Harris,Female,1963-10-10,France
6119,John,Thomas,Female,1982-08-14,USA
6120,Amelia,Martin,Female,1964-07-16,Germany
6121,James,Taylor,Female,1972-03-23,Germany
6122,William,Anderson,Female,1996-08-29,Germany
6123,Emily,Anderson,Male,1973-08-03,Singapore
6124,Matthew,Lewis,Female,1968-06-01,Australia
6125,John,Thomas,Male,1995-04-03,Germany
6126,Mia,Thomas,Male,1975-05-24,India
6127,Matthew,Smith,Female,1972-10-25,Singapore
6128,Amelia,Martin,Male,1964-05-13,Canada
6129,Matthew,White,Female,1975-11-27,India
6130,Ella,Lewis,Male,1989-07-15,Japan
6131,Emma,Harris,Female,1979-10-29,Canada
6132,Daniel,Thomas,Male,1994-06-24,Germany
6133,Sophia,Scott,Male,1962-08-04,Japan
6134,Isabella,King,Female,1972-02-25,Japan
6135,Thomas,Harris,Female,1973-06-25,France
6136,Daniel,Hall,Male,1980-01-16,Canada
6137,William,Taylor,Female,1962-10-30,Canada
6138,Olivia,Anderson,Male,1968-04-16,India
6139,Isabella,Anderson,Male,1992-11-09,Canada
6140,Thomas,Walker,Female,1975-06-14,Germany
6141,Thomas,Taylor,Female,1999-06-09,India
6142,Emma,Hall,Female,1972-10-24,Brazil
6143,Robert,White,Female,1969-07-19,USA
6144,Amelia,Clark,Male,1975-10-14,Japan
6145,John,Smith,Male,1961-06-03,Brazil
6146,Robert,Jackson,Female,1965-11-27,Singapore
6147,Daniel,Wright,Male,1995-04-12,France
6148,Emily,Lewis,Male,2003-02-17,USA
6149,Michael,Taylor,Male,1963-12-30,Australia
6150,James,King,Male,1961-03-13,UK
6151,Emma,Jackson,Female,1979-11-24,USA
6152,Daniel,Lewis,Male,1987-12-21,Canada
6153,Emma,Lewis,Female,1978-04-07,Singapore
6154,Ella,Harris,Female,1995-10-28,France
6155,Sophia,Smith,Female,1997-03-09,Australia
6156,Thomas,Wright,Female,1984-11-03,USA
6157,Thomas,Jackson,Male,1988-04-28,France
6158,James,Jackson,Male,1968-05-08,India
6159,Mia,Brown,Female,1996-01-05,Japan
6160,Emma,Anderson,Male,1991-04-23,Canada
6161,Harper,Brown,Male,1970-06-06,France
6162,Harper,Walker,Male,1963-06-30,Brazil
6163,Emma,Brown,Male,1973-02-04,Australia
6164,Sophia,Wright,Male,1972-06-06,Germany
6165,Isabella,Clark,Female,2002-09-02,India
6166,Emily,Lee,Male,1967-07-13,India
6167,John,Smith,Female,1988-04-02,India
6168,James,Wright,Male,1987-11-13,Brazil
6169,Emma,Harris,Female,1997-03-09,Australia
6170,Emma,Taylor,Female,1965-04-30,Canada
6171,Emma,Allen,Male,1965-09-09,Germany
6172,Emily,King,Male,1970-11-05,UK
6173,Matthew,Clark,Female,1992-11-13,France
6174,Harper,Lewis,Female,1965-06-23,Singapore
6175,David,Hall,Female,1992-05-15,UK
6176,Joseph,Taylor,Male,1986-08-09,Australia
6177,David,Smith,Female,1988-04-21,Canada
6178,Sophia,Thomas,Male,2003-05-04,India
6179,Mia,Clark,Female,1996-11-26,Japan
6180,Ava,Lee,Male,1968-01-19,India
6181,Joseph,Jackson,Female,1961-12-19,Australia
6182,Sophia,Lewis,Male,1989-03-16,Brazil
6183,Mia,Lewis,Female,1974-12-14,Australia
6184,Thomas,Lee,Male,1980-03-03,Brazil
6185,Amelia,Harris,Male,1993-01-16,USA
6186,Robert,Lee,Male,1997-02-19,Brazil
6187,Emily,Harris,Male,1965-11-23,UK
6188,Olivia,King,Female,2001-02-03,USA
6189,Mia,Thomas,Male,1996-06-13,UK
6190,William,King,Female,1995-02-25,UK
6191,Mia,Smith,Male,1989-02-15,Singapore
6192,Joseph,Wright,Male,1972-10-03,Germany
6193,John,Allen,Male,1995-06-01,France
6194,Ella,Brown,Female,1977-10-04,Australia
6195,Matthew,Allen,Male,1985-06-29,France
6196,Emily,Anderson,Male,1972-09-28,Australia
6197,Ella,Allen,Male,1995-01-01,France
6198,Robert,Brown,Female,1988-07-20,Australia
6199,Sophia,Wilson,Male,1999-03-03,UK
6200,Mia,Scott,Female,1988-07-27,Japan
6201,Harper,Allen,Female,1984-12-19,Canada
6202,Emma,Harris,Female,1965-01-05,Brazil
6203,Mia,Scott,Male,1966-12-06,France
6204,Matthew,Scott,Male,1979-05-03,UK
6205,John,White,Female,1983-12-08,France
6206,Olivia,Anderson,Male,1963-05-24,France
6207,David,King,Female,1972-08-15,Japan
6208,John,Wilson,Female,1975-10-15,Japan
6209,Matthew,Thomas,Male,1983-04-22,USA
6210,Sophia,White,Male,1978-01-24,India
6211,Amelia,Hall,Female,1981-08-19,Brazil
6212,Olivia,King,Female,1974-09-25,Japan
6213,Emily,White,Female,2001-05-27,USA
6214,Emily,Young,Male,1967-10-09,France
6215,Michael,Scott,Male,1975-08-10,UK
6216,Isabella,White,Female,1979-08-22,USA
6217,David,Walker,Male,1982-11-29,USA
6218,Daniel,Smith,Female,1962-06-24,Canada
6219,Emily,Wright,Female,1993-04-06,Germany
6220,Michael,Clark,Male,1984-10-11,UK
6221,Joseph,Young,Male,1962-02-13,Australia
6222,William,Harris,Female,1962-11-19,France
6223,William,Clark,Female,1973-12-20,UK
6224,Sophia,Allen,Female,1969-03-11,UK
6225,David,Smith,Male,1971-02-07,Japan
6226,Matthew,Lee,Male,1984-08-30,Canada
6227,Michael,Taylor,Female,2003-02-28,Canada
6228,Daniel,King,Male,2002-08-31,France
6229,Isabella,Lewis,Male,1996-10-06,Canada
6230,William,Young,Male,1999-10-10,Canada
6231,Robert,Young,Female,1973-11-08,UK
6232,Ava,Scott,Male,1964-02-29,Singapore
6233,Ava,Clark,Female,1974-04-20,Singapore
6234,Olivia,Scott,Male,1999-02-23,Germany
6235,Emma,Scott,Female,1988-07-24,Australia
6236,Emma,Wilson,Female,1998-11-07,Canada
6237,James,White,Male,1971-01-24,USA
6238,Sophia,Anderson,Male,1981-10-17,Brazil
6239,Michael,Harris,Male,1974-09-04,USA
6240,Olivia,Lewis,Male,1989-12-16,Australia
6241,Emily,Thomas,Female,1996-04-15,Singapore
6242,Michael,Clark,Female,1973-06-12,Japan
6243,John,Clark,Female,1992-12-07,India
6244,Olivia,Walker,Male,1971-04-13,Canada
6245,Matthew,Young,Female,1997-09-26,USA
6246,Thomas,Lee,Male,1960-06-29,Germany
6247,Harper,Lee,Female,1976-09-19,Brazil
6248,Emma,King,Male,1985-04-29,France
6249,Ava,Brown,Male,1989-06-20,Japan
6250,Emma,White,Female,1993-08-27,India
6251,Emma,Wright,Female,1981-09-09,Brazil
6252,Emma,Harris,Female,1962-10-08,Japan
6253,Sophia,Lee,Female,1966-05-09,Germany
6254,William,Hall,Male,1963-10-11,UK
6255,Emily,Hall,Female,1981-03-01,Singapore
6256,Thomas,Brown,Male,1983-04-10,Germany
6257,Amelia,King,Female,1963-09-30,Canada
6258,Emma,Smith,Female,1989-02-08,Japan
6259,Sophia,Wilson,Female,2003-03-07,Canada
6260,Matthew,Young,Female,2000-03-27,Singapore
6261,Mia,Brown,Male,1965-12-12,USA
6262,Sophia,Walker,Female,1989-09-05,Singapore
6263,James,Smith,Male,1972-04-09,USA
6264,Mia,Young,Female,1979-11-04,Germany
6265,Thomas,Jackson,Male,1970-01-24,Australia
6266,David,Allen,Female,1962-06-25,USA
6267,Ava,Martin,Male,1983-09-16,Japan
6268,Isabella,Taylor,Male,1992-10-01,India
6269,Matthew,Walker,Male,1963-01-11,UK
6270,Emily,Thomas,Female,1974-12-23,USA
6271,Mia,White,Male,1978-09-22,Germany
6272,Olivia,Wright,Female,1980-09-23,USA
6273,Mia,Clark,Female,1980-11-18,Germany
6274,Olivia,Walker,Female,1988-05-08,UK
6275,Joseph,Lee,Female,1978-02-21,Singapore
6276,Sophia,Lewis,Female,1986-10-06,Brazil
6277,James,Brown,Male,1968-08-25,Australia
6278,Matthew,Lee,Male,1973-01-11,Singapore
6279,David,Martin,Female,1993-01-09,Japan
6280,James,Scott,Female,2003-02-12,UK
6281,Michael,Clark,Male,1990-11-22,Germany
6282,David,Scott,Female,1990-11-16,Japan
6283,David,Clark,Female,1986-09-26,Singapore
6284,John,Brown,Male,1980-10-05,Canada
6285,John,Walker,Male,1998-05-30,Australia
6286,Amelia,Young,Male,1974-10-28,Australia
6287,John,Wright,Male,1987-12-01,Canada
6288,Ella,Brown,Female,1984-12-13,USA
6289,David,Martin,Female,1982-10-28,USA
6290,Thomas,Jackson,Female,1993-05-13,France
6291,Ella,Smith,Male,1962-07-22,India
6292,John,Taylor,Male,1963-08-24,USA
6293,Michael,Harris,Male,1968-04-08,Germany
6294,Olivia,Lewis,Male,2003-04-21,Germany
6295,Emma,Thomas,Female,1979-09-15,Australia
6296,Sophia,King,Male,1992-04-24,India
6297,Matthew,King,Female,1981-03-07,Germany
6298,Mia,King,Male,1962-02-04,UK
6299,David,Young,Male,1978-11-28,UK
6300,Thomas,White,Female,1989-06-28,Germany
6301,Thomas,Harris,Female,1970-01-17,Japan
6302,Ava,Jackson,Male,1992-08-03,Singapore
6303,Emily,Anderson,Male,1991-05-04,Japan
6304,Ava,Young,Male,1988-02-18,India
6305,Harper,King,Male,1998-03-12,Australia
6306,Sophia,Thomas,Male,1999-01-09,France
6307,Sophia,Hall,Male,1966-09-30,USA
6308,Sophia,Wright,Male,2003-04-01,USA
6309,Joseph,Thomas,Male,1994-02-18,India
6310,Emma,Allen,Female,2001-11-21,Singapore
6311,Robert,Harris,Female,1993-08-03,France
6312,Isabella,Harris,Female,1992-02-22,Japan
6313,Matthew,King,Female,1983-09-17,UK
6314,Ella,King,Female,1995-05-22,Singapore
6315,Isabella,Brown,Female,1978-05-26,Singapore
6316,Ava,White,Male,1989-04-11,Japan
6317,Thomas,Brown,Male,1991-08-14,India
6318,John,Lewis,Female,1963-06-30,Brazil
6319,Olivia,Scott,Male,1991-02-14,France
6320,Ella,Lewis,Male,1984-11-26,Canada
6321,Sophia,Young,Male,1972-05-30,France
6322,William,Scott,Male,1975-08-23,UK
6323,Michael,White,Female,1960-02-17,Brazil
6324,Sophia,Anderson,Male,1998-05-05,India
6325,Ella,Harris,Male,1994-11-22,Singapore
6326,Sophia,Lewis,Male,1970-07-19,Brazil
6327,Daniel,Young,Male,1977-10-19,Singapore
6328,Robert,Smith,Male,1967-12-01,Canada
6329,Sophia,Lewis,Female,1982-01-17,India
6330,Amelia,Hall,Male,1983-07-31,Singapore
6331,Amelia,Walker,Female,1977-01-02,Singapore
6332,David,Lewis,Female,1966-09-02,France
6333,Mia,Lewis,Male,1973-12-02,USA
6334,Emma,Taylor,Male,1964-05-06,Singapore
6335,Emma,White,Male,1964-10-11,Australia
6336,Ava,Young,Female,1986-07-19,Singapore
6337,Olivia,Taylor,Male,2003-09-16,Canada
6338,Emily,Lee,Female,1975-09-13,Germany
6339,Robert,Taylor,Female,1987-08-23,Canada
6340,Isabella,Smith,Male,1993-07-30,Japan
6341,Olivia,Allen,Male,1979-07-24,India
6342,Ava,King,Female,1998-07-16,Canada
6343,Emily,Anderson,Male,2000-02-23,UK
6344,Harper,Martin,Male,1974-08-03,Singapore
6345,Joseph,Smith,Male,1984-01-21,Singapore
6346,James,Walker,Male,1969-09-09,Brazil
6347,Isabella,Allen,Female,1968-11-22,USA
6348,James,Taylor,Female,1996-06-13,Canada
6349,David,White,Male,1994-09-01,France
6350,Olivia,Lewis,Male,1982-03-27,Brazil
6351,John,Martin,Male,1991-12-23,France
6352,Robert,White,Male,1994-01-29,UK
6353,Joseph,Anderson,Male,1960-01-20,France
6354,Amelia,Walker,Female,1970-05-03,UK
6355,Olivia,Jackson,Female,1971-09-28,France
6356,Harper,Wilson,Male,1979-03-13,Japan
6357,David,Wilson,Male,1996-08-10,Singapore
6358,David,Harris,Female,1989-03-12,Singapore
6359,Isabella,Anderson,Female,1969-12-12,Australia
6360,Olivia,Martin,Male,1986-11-05,Brazil
6361,Matthew,Lewis,Male,1997-01-02,Canada
6362,Emily,Jackson,Male,1977-07-14,Singapore
6363,David,King,Male,1962-12-18,Australia
6364,Olivia,Scott,Male,1990-06-06,Brazil
6365,Isabella,Clark,Female,1969-07-17,Germany
6366,Emily,Brown,Male,1960-01-14,Japan
6367,Sophia,Young,Male,1971-11-16,Australia
6368,Emma,Allen,Male,1989-04-16,UK
6369,Sophia,Taylor,Female,1967-08-23,India
6370,Daniel,Wilson,Female,1961-11-06,India
6371,Amelia,Lee,Female,1987-03-02,Singapore
6372,John,Thomas,Male,1963-08-14,Germany
6373,Emily,Scott,Female,1987-10-15,USA
6374,Matthew,White,Male,1986-03-14,Germany
6375,Michael,Harris,Male,1966-07-04,Singapore
6376,Ava,Brown,Female,1985-07-18,Canada
6377,Mia,Anderson,Female,1975-05-25,Germany
6378,Daniel,Jackson,Male,1966-10-28,Germany
6379,William,Taylor,Male,2002-03-03,Australia
6380,David,Lewis,Male,1967-12-13,Singapore
6381,Michael,Lewis,Male,1960-05-26,USA
6382,Thomas,Harris,Male,1967-04-13,Brazil
6383,Emma,Scott,Male,1974-03-28,USA
6384,Michael,Young,Female,1977-04-21,Canada
6385,Daniel,Lewis,Female,1999-12-01,France
6386,Robert,Brown,Female,1997-08-20,France
6387,Amelia,Harris,Male,1973-01-04,Germany
6388,Emma,White,Female,1994-08-24,India
6389,Ava,Walker,Female,1960-12-26,Japan
6390,Matthew,Anderson,Female,1963-06-10,Japan
6391,Robert,Harris,Male,1982-12-22,Canada
6392,Joseph,Jackson,Male,1982-07-06,USA
6393,Daniel,Young,Female,1969-07-17,Brazil
6394,Robert,Brown,Female,2000-09-14,Singapore
6395,Robert,Allen,Female,1982-08-03,USA
6396,John,Walker,Female,2002-10-20,India
6397,David,Taylor,Male,1967-11-21,UK
6398,William,Brown,Female,1983-01-30,India
6399,Amelia,Harris,Male,1972-12-20,USA
6400,James,Walker,Male,1995-08-17,Singapore
6401,Amelia,Brown,Female,1997-03-13,Japan
6402,Matthew,White,Female,1987-10-01,Canada
6403,Mia,Lewis,Female,1991-02-07,Brazil
6404,Robert,Allen,Male,1992-03-11,Singapore
6405,Michael,Wright,Male,1999-03-09,France
6406,Harper,Brown,Male,1961-12-25,Japan
6407,Mia,Thomas,Female,1981-04-01,USA
6408,Ella,White,Female,1983-02-18,Canada
6409,Olivia,Walker,Female,1997-05-10,France
6410,Robert,Walker,Male,1974-11-21,UK
6411,Harper,Lewis,Male,1976-06-01,France
6412,Harper,Hall,Male,1992-04-01,Germany
6413,Mia,Hall,Male,2000-05-19,Brazil
6414,Joseph,Scott,Male,1974-11-27,UK
6415,Amelia,Taylor,Male,1987-03-03,Singapore
6416,Michael,Smith,Male,1994-08-28,India
6417,Emily,Allen,Female,1992-04-06,USA
6418,Isabella,Jackson,Male,1971-06-29,Australia
6419,Harper,Jackson,Female,1982-08-15,Singapore
6420,James,Lewis,Male,1979-02-19,Germany
6421,Michael,Martin,Female,1995-06-22,Japan
6422,John,Taylor,Female,1990-11-14,Germany
6423,Amelia,Thomas,Male,2000-11-18,India
6424,Sophia,Hall,Female,1980-06-08,Japan
6425,William,Allen,Male,1988-11-01,Brazil
6426,Emma,Lee,Male,1978-06-14,UK
6427,David,Lewis,Male,1994-11-10,Canada
6428,Emma,Jackson,Male,1974-09-14,UK
6429,Ella,Brown,Male,1986-08-31,Japan
6430,William,Young,Male,1996-06-26,Australia
6431,James,Taylor,Male,2003-03-09,India
6432,James,Wright,Male,1991-11-09,Japan
6433,Emma,King,Male,1960-11-07,India
6434,James,Hall,Male,1991-05-04,India
6435,Matthew,Thomas,Male,1968-12-28,Australia
6436,Sophia,Scott,Male,2001-07-21,India
6437,Harper,Scott,Female,1979-10-24,Australia
6438,Ava,White,Female,1987-08-20,Japan
6439,Harper,Allen,Male,1971-02-08,Germany
6440,James,Taylor,Female,1995-10-15,Singapore
6441,Emma,Brown,Female,1963-02-07,Germany
6442,Joseph,Wilson,Female,1969-11-09,Brazil
6443,Robert,Scott,Female,1977-09-13,Australia
6444,Thomas,Wright,Female,1998-08-11,Australia
6445,Isabella,Jackson,Female,1960-01-19,USA
6446,Ella,Scott,Female,1984-10-20,Singapore
6447,Thomas,Smith,Male,1998-08-26,India
6448,David,Scott,Male,1978-07-03,France
6449,Emma,Harris,Male,1990-11-03,Singapore
6450,Joseph,Lee,Male,1977-12-15,Brazil
6451,Emily,Brown,Female,1985-10-12,UK
6452,David,Young,Female,1973-07-25,Australia
6453,Matthew,Thomas,Male,1966-03-02,India
6454,Michael,Scott,Male,1979-06-26,Canada
6455,Emma,Scott,Male,1995-03-02,Singapore
6456,Ava,Wright,Female,1964-11-24,France
6457,Olivia,Anderson,Male,1977-12-18,Canada
6458,Joseph,Thomas,Female,1961-03-02,France
6459,James,Young,Male,1982-01-18,Japan
6460,Matthew,Wilson,Male,1969-12-16,Japan
6461,Olivia,Walker,Male,1982-06-23,USA
6462,Matthew,Martin,Female,1960-06-18,Japan
6463,Michael,Scott,Female,1979-08-12,Canada
6464,John,Clark,Female,1990-12-09,UK
6465,James,Jackson,Male,1964-10-03,France
6466,Emily,Brown,Female,1981-01-29,UK
6467,Emma,Harris,Male,1968-08-10,USA
6468,David,Wilson,Male,1999-07-01,France
6469,Matthew,Wright,Male,1977-01-30,Germany
6470,Ava,Walker,Male,1998-01-10,Singapore
6471,Matthew,Lewis,Male,2000-06-24,Singapore
6472,Ella,Scott,Female,2002-02-20,Singapore
6473,Robert,Walker,Female,1999-01-25,France
6474,Daniel,Walker,Male,1975-06-15,France
6475,David,Wright,Male,1976-11-05,Brazil
6476,Ella,Clark,Male,1971-04-17,Australia
6477,Ella,Hall,Female,1965-06-26,USA
6478,Robert,Wright,Female,1990-02-11,France
6479,Mia,Walker,Female,2000-03-03,Singapore
6480,William,Clark,Male,1968-11-11,USA
6481,Matthew,Scott,Female,1991-12-03,Singapore
6482,Matthew,Jackson,Female,1985-08-10,Brazil
6483,Sophia,Clark,Male,2000-06-25,Canada
6484,Isabella,Wilson,Male,1978-03-20,UK
6485,Sophia,Martin,Female,1982-10-22,UK
6486,Ava,Brown,Female,1967-03-03,Japan
6487,Isabella,Jackson,Female,1996-10-07,Brazil
6488,Matthew,Clark,Male,1978-03-07,Japan
6489,Robert,Lewis,Female,1995-12-27,India
6490,Matthew,Lewis,Male,1966-10-08,Australia
6491,Emily,Allen,Female,1976-06-28,France
6492,Robert,Allen,Male,1985-07-06,Canada
6493,David,Wright,Female,1962-01-10,UK
6494,John,Harris,Female,1986-12-07,Australia
6495,David,Thomas,Female,1992-05-26,UK
6496,James,Wright,Female,1981-10-09,France
6497,Daniel,Smith,Female,1977-12-06,Germany
6498,Matthew,Thomas,Male,1973-05-31,USA
6499,Harper,Scott,Male,1991-11-23,Germany
6500,Amelia,Martin,Male,1995-03-12,France
6501,Sophia,Hall,Female,1974-05-12,Germany
6502,David,Wright,Male,1977-11-03,Singapore
6503,Isabella,Anderson,Female,1978-04-17,Germany
6504,Emma,Allen,Male,1996-06-15,UK
6505,Amelia,Scott,Male,2003-01-13,India
6506,James,Jackson,Male,1999-12-22,Singapore
6507,Harper,Young,Male,1977-07-16,Brazil
6508,Daniel,Walker,Female,1982-12-27,Singapore
6509,Daniel,Thomas,Female,1989-07-21,India
6510,Ava,Brown,Male,1969-05-11,Brazil
6511,Ella,White,Male,1962-06-13,Brazil
6512,William,Smith,Female,1993-11-30,Germany
6513,Emma,Clark,Female,1973-05-13,Canada
6514,James,Brown,Male,1974-12-27,Brazil
6515,Mia,Young,Male,1973-04-07,Australia
6516,Michael,Wright,Male,1989-01-01,Singapore
6517,William,Thomas,Female,1983-04-10,India
6518,Joseph,Martin,Female,1995-03-13,India
6519,Thomas,Jackson,Female,1973-04-07,UK
6520,David,Wilson,Female,1997-10-22,Australia
6521,David,Harris,Male,2000-06-02,India
6522,Ava,Clark,Male,1966-06-17,Germany
6523,Olivia,Brown,Male,1982-11-25,France
6524,Michael,Lewis,Female,1972-12-31,USA
6525,Amelia,Harris,Female,1973-04-10,UK
6526,Emma,Taylor,Female,1998-02-02,UK
6527,Ella,Jackson,Female,1982-03-12,Germany
6528,Michael,Young,Female,1977-04-10,Japan
6529,Michael,Walker,Male,1981-10-04,Singapore
6530,Emma,Lee,Male,1986-08-18,Australia
6531,Joseph,Young,Female,1993-03-17,Australia
6532,Joseph,White,Male,1993-02-04,Australia
6533,Michael,Walker,Male,1978-12-16,USA
6534,Mia,Wright,Female,1994-07-03,Brazil
6535,Emily,Taylor,Female,1973-05-15,Germany
6536,Thomas,Brown,Female,1979-04-03,Australia
6537,William,Brown,Male,1977-05-04,Germany
6538,Daniel,Brown,Male,1977-04-18,Brazil
6539,Daniel,Wilson,Female,1967-12-29,UK
6540,Ella,Lee,Male,1965-10-20,Singapore
6541,James,Anderson,Female,1978-12-13,Singapore
6542,David,Taylor,Female,2002-11-03,India
6543,Sophia,Harris,Female,1980-01-26,Germany
6544,Thomas,Brown,Male,1998-04-19,Australia
6545,Matthew,King,Female,1964-02-25,India
6546,David,Scott,Female,1996-09-09,France
6547,David,Wright,Female,2001-11-11,Brazil
6548,David,Martin,Female,1960-08-29,Germany
6549,Michael,Martin,Female,1971-09-22,Brazil
6550,Daniel,Martin,Male,1983-05-07,Australia
6551,Michael,Jackson,Female,1989-11-11,Japan
6552,Ella,Lee,Female,1963-04-20,Germany
6553,James,Harris,Female,1993-05-05,France
6554,Isabella,Brown,Female,1968-04-01,Germany
6555,Isabella,King,Male,1999-09-15,Canada
6556,James,Lewis,Female,1975-08-30,India
6557,William,White,Female,1971-02-15,Australia
6558,Mia,Lewis,Female,1980-01-27,UK
6559,Harper,Young,Male,1983-11-24,UK
6560,Amelia,White,Male,1984-10-10,Singapore
6561,Olivia,Clark,Female,1999-11-30,Singapore
6562,James,Wilson,Male,1964-11-25,Japan
6563,Matthew,Martin,Male,1962-05-04,India
6564,Olivia,Hall,Male,1977-12-09,Brazil
6565,Emily,Young,Female,1984-12-14,Germany
6566,Michael,Smith,Female,1964-12-30,USA
6567,Robert,Thomas,Male,2000-01-23,France
6568,John,Walker,Male,1998-10-26,USA
6569,Matthew,Brown,Male,1981-09-16,Germany
6570,Ava,Hall,Female,1968-08-23,Brazil
6571,William,Anderson,Female,1988-12-06,India
6572,John,Lewis,Female,1999-01-09,UK
6573,James,Anderson,Female,1972-01-12,Australia
6574,Ella,White,Female,1970-06-05,France
6575,Mia,White,Male,1973-08-18,USA
6576,Ella,Young,Male,2000-03-12,Australia
6577,Daniel,Scott,Male,1984-09-08,Brazil
6578,Emily,Young,Male,1960-01-11,UK
6579,Emily,Taylor,Male,1980-01-20,Germany
6580,William,Jackson,Male,2002-06-22,Australia
6581,Robert,Young,Male,1983-11-23,Germany
6582,David,Hall,Male,1976-10-12,Germany
6583,Harper,Jackson,Male,2000-11-28,Australia
6584,Amelia,Taylor,Female,1971-09-09,Germany
6585,James,Harris,Female,2001-09-21,Australia
6586,Ella,Wright,Female,1960-11-13,Brazil
6587,John,Clark,Female,1969-07-25,UK
6588,Michael,Lewis,Female,1996-04-09,India
6589,Emily,Jackson,Male,1961-01-07,Japan
6590,Robert,Thomas,Male,2002-08-17,India
6591,Sophia,Lee,Male,1970-01-17,France
6592,Matthew,King,Male,1991-10-27,Canada
6593,Ella,Clark,Male,1973-11-29,USA
6594,Michael,Lee,Female,1963-10-27,Canada
6595,John,Smith,Female,1964-12-02,France
6596,Thomas,Martin,Female,1975-03-04,Canada
6597,Ava,Brown,Female,2003-10-12,Brazil
6598,Amelia,Walker,Female,1989-08-15,India
6599,Amelia,Allen,Male,1963-07-09,Canada
6600,Ava,King,Male,2000-08-21,Brazil
6601,Joseph,Allen,Female,1983-03-14,Canada
6602,Sophia,Harris,Female,1962-11-19,Singapore
6603,Ava,Wright,Male,1961-01-29,Germany
6604,John,Clark,Female,1961-10-27,Singapore
6605,Thomas,Anderson,Female,1971-01-30,USA
6606,Ella,King,Male,1994-04-29,Brazil
6607,Mia,Clark,Female,1968-11-11,UK
6608,James,Thomas,Female,1974-10-18,Japan
6609,Thomas,Smith,Male,1965-08-01,UK
6610,Daniel,Young,Male,1969-10-03,Japan
6611,James,Clark,Female,2000-03-29,USA
6612,Daniel,Young,Female,1991-08-02,USA
6613,Harper,Lee,Female,1977-01-01,India
6614,John,Thomas,Female,1978-12-31,Canada
6615,Matthew,Lewis,Male,1964-10-01,UK
6616,James,Thomas,Female,1961-12-24,France
6617,Sophia,Lewis,Female,1981-02-28,UK
6618,Isabella,King,Male,1989-07-09,France
6619,Joseph,Young,Male,1972-09-18,Germany
6620,Thomas,Anderson,Female,2001-02-19,Australia
6621,Daniel,King,Male,1991-10-07,UK
6622,Isabella,Harris,Male,1998-07-22,India
6623,Michael,Allen,Female,1964-02-23,USA
6624,David,Hall,Male,1978-12-18,Canada
6625,Ella,Wilson,Female,2001-10-22,USA
6626,William,Walker,Male,2003-03-18,Germany
6627,Emma,Walker,Female,1965-05-27,Japan
6628,Olivia,Anderson,Female,1990-10-02,Brazil
6629,Ava,Allen,Male,1979-10-22,Canada
6630,Isabella,Wilson,Female,1980-09-18,Japan
6631,Olivia,Smith,Male,1962-10-04,Singapore
6632,Emma,Allen,Female,1961-10-31,Canada
6633,William,Brown,Female,1964-07-10,Japan
6634,Robert,Walker,Male,1980-06-01,Canada
6635,Isabella,Brown,Female,1973-01-11,Canada
6636,David,Hall,Female,1983-05-25,Canada
6637,Sophia,Clark,Male,1998-01-31,India
6638,Joseph,King,Male,1971-09-24,Germany
6639,Emily,White,Female,1995-04-12,USA
6640,Daniel,Hall,Male,1994-01-28,Japan
6641,Robert,Brown,Female,2000-11-11,Japan
6642,William,Hall,Male,1971-12-07,Canada
6643,Ava,King,Male,1989-02-20,Germany
6644,Ava,Clark,Female,1990-12-14,Singapore
6645,Sophia,Lewis,Male,1999-09-17,Australia
6646,Olivia,Hall,Female,1992-08-16,USA
6647,Robert,Wilson,Female,1971-06-10,Canada
6648,Sophia,Scott,Male,1991-09-14,India
6649,Isabella,Clark,Male,1979-06-24,Singapore
6650,Matthew,Scott,Female,1986-12-05,UK
6651,Harper,Hall,Female,1981-12-03,Australia
6652,William,Smith,Male,1982-09-29,Australia
6653,Olivia,Lewis,Male,1964-07-15,Brazil
6654,Olivia,Lee,Female,1990-09-18,Canada
6655,Robert,Anderson,Male,1993-06-20,Canada
6656,Robert,Anderson,Female,1979-07-09,Japan
6657,Amelia,White,Male,1984-03-20,Australia
6658,David,Young,Male,1965-11-16,Brazil
6659,Emily,Anderson,Female,1960-05-06,France
6660,Mia,Smith,Female,1990-12-07,UK
6661,Emily,Anderson,Female,2002-03-12,Singapore
6662,Thomas,Jackson,Female,1969-09-23,India
6663,Michael,Wright,Female,1965-06-02,France
6664,John,Scott,Male,1976-12-22,UK
6665,Amelia,Lewis,Female,2003-07-13,India
6666,Ava,Walker,Female,1971-10-27,India
6667,Daniel,Young,Male,1983-04-30,France
6668,Amelia,Thomas,Female,1976-06-12,Australia
6669,Sophia,Jackson,Female,1992-06-09,India
6670,Joseph,Young,Male,1973-11-20,Australia
6671,Emma,Brown,Male,1969-09-07,UK
6672,Sophia,Wilson,Female,1977-07-17,Japan
6673,Mia,Lee,Female,1974-11-06,UK
6674,Isabella,Wright,Female,1967-06-13,Singapore
6675,William,Taylor,Female,1972-03-27,Singapore
6676,Olivia,Wright,Female,2001-09-14,UK
6677,Thomas,Allen,Female,1981-05-18,Australia
6678,Mia,Lee,Male,1975-01-27,Germany
6679,John,Lewis,Male,1992-05-09,Germany
6680,Harper,Lewis,Male,1994-06-26,USA
6681,Ella,Lewis,Female,1998-06-28,India
6682,Joseph,Clark,Male,2003-07-31,Germany
6683,William,Clark,Female,1981-04-08,France
6684,Michael,Scott,Female,1979-02-02,Germany
6685,Mia,Lewis,Female,1974-02-16,Canada
6686,William,Walker,Female,1981-10-04,Canada
6687,Robert,Brown,Male,1998-02-22,Brazil
6688,Ella,Lee,Male,1975-03-14,India
6689,Mia,Smith,Female,1965-11-08,Australia
6690,Robert,Martin,Male,1986-09-09,Singapore
6691,Isabella,Wilson,Male,1962-07-15,India
6692,Joseph,Clark,Male,1967-09-20,UK
6693,Harper,King,Male,1967-05-08,India
6694,John,Anderson,Female,1975-11-03,Australia
6695,David,Young,Male,1997-01-24,Canada
6696,Ella,Taylor,Female,1984-04-29,India
6697,Olivia,Jackson,Male,1998-04-04,India
6698,David,Wilson,Male,1992-01-19,USA
6699,Michael,Martin,Male,1975-04-18,Canada
6700,Emily,Allen,Female,1978-01-31,UK
6701,Ella,Hall,Female,1998-08-10,Australia
6702,Isabella,Taylor,Female,1967-05-29,Singapore
6703,Emily,Wright,Female,1962-12-12,India
6704,Daniel,Martin,Male,1999-11-18,Germany
6705,Olivia,Hall,Male,1974-03-15,India
6706,Emily,Hall,Female,1976-02-02,Australia
6707,Daniel,Wright,Male,1967-02-21,Canada
6708,Emily,White,Female,1990-04-23,Singapore
6709,Sophia,Anderson,Male,1993-04-01,Canada
6710,James,King,Female,1995-12-24,USA
6711,Harper,Wright,Female,1990-11-28,Brazil
6712,Michael,Wright,Male,1971-04-23,India
6713,Harper,King,Female,1973-07-07,Canada
6714,Emily,Harris,Female,1991-12-14,France
6715,Robert,Martin,Male,1965-07-04,Japan
6716,Joseph,Hall,Female,1992-03-13,Brazil
6717,Sophia,Brown,Female,1973-05-07,USA
6718,Olivia,Brown,Male,1996-07-13,USA
6719,Michael,Wilson,Male,1986-04-10,Brazil
6720,Ava,Lewis,Female,1986-03-26,Canada
6721,Joseph,King,Male,1969-03-22,Brazil
6722,Emma,Lee,Female,1984-04-11,USA
6723,Thomas,Lewis,Female,2001-07-08,Canada
6724,Amelia,White,Male,1999-09-29,France
6725,William,Anderson,Female,1989-10-11,India
6726,William,Hall,Female,2003-10-17,Singapore
6727,Mia,King,Female,1967-07-01,Germany
6728,Robert,Jackson,Male,1966-10-16,France
6729,Emily,Taylor,Female,1971-08-21,France
6730,James,Anderson,Female,1961-07-06,Brazil
6731,Ava,Lewis,Female,1969-03-02,Canada
6732,Amelia,Scott,Male,1986-01-23,UK
6733,James,Anderson,Female,1978-09-13,France
6734,Harper,Harris,Female,1981-07-09,USA
6735,Olivia,Martin,Female,1997-07-26,UK
6736,Amelia,Taylor,Female,1966-01-04,UK
6737,Ella,White,Female,1997-02-13,USA
6738,Sophia,Lee,Male,1965-08-19,Australia
6739,John,Jackson,Male,1985-10-21,Australia
6740,Sophia,Allen,Female,1975-08-10,UK
6741,Michael,Allen,Female,1999-06-28,France
6742,Thomas,Hall,Female,1976-12-13,India
6743,Ella,Anderson,Female,2001-10-19,Brazil
6744,James,Jackson,Male,1993-12-23,Japan
6745,Amelia,Lee,Male,1966-10-07,France
6746,Ella,Brown,Female,1992-06-03,Japan
6747,John,Clark,Male,1985-04-14,Brazil
6748,Ava,Anderson,Female,1970-05-09,USA
6749,Amelia,Taylor,Female,1979-01-27,Germany
6750,Ava,Taylor,Female,1964-02-06,Germany
6751,Harper,White,Male,1984-10-04,UK
6752,Ava,Jackson,Male,1966-11-07,Australia
6753,David,Walker,Male,1969-06-12,UK
6754,Emma,Anderson,Female,1972-08-11,France
6755,Thomas,Thomas,Male,1978-05-06,Australia
6756,Ava,Smith,Male,2001-10-28,Brazil
6757,Thomas,Walker,Female,1965-04-15,France
6758,Emily,Scott,Male,1960-08-11,Australia
6759,Ava,Anderson,Female,1989-06-07,Brazil
6760,Daniel,Lee,Male,1989-09-25,USA
6761,Harper,Jackson,Male,1982-07-09,UK
6762,Thomas,Martin,Male,1999-02-25,USA
6763,Amelia,Lee,Male,1988-05-04,Australia
6764,John,Martin,Male,1995-04-28,Singapore
6765,James,Lee,Female,1961-06-03,USA
6766,Robert,Allen,Female,1973-02-13,Canada
6767,Sophia,Harris,Male,1989-10-27,Canada
6768,Emily,Wilson,Male,1973-03-22,Japan
6769,Emily,White,Female,1973-07-11,Australia
6770,Amelia,Taylor,Male,1991-07-01,UK
6771,James,Lee,Male,1960-02-28,UK
6772,Isabella,White,Male,1972-03-22,UK
6773,Thomas,Anderson,Female,1978-08-22,USA
6774,Emma,Clark,Female,1969-04-30,Japan
6775,Daniel,Thomas,Male,1970-03-17,USA
6776,Ava,Jackson,Female,2003-08-26,USA
6777,Emma,Anderson,Female,1960-04-13,USA
6778,Emma,Harris,Male,1971-12-23,Brazil
6779,Harper,Smith,Male,1999-05-11,Japan
6780,Daniel,Brown,Male,2001-04-30,India
6781,Isabella,Harris,Female,1972-07-31,Germany
6782,Emily,Jackson,Female,1986-10-27,Germany
6783,James,Jackson,Male,1996-08-17,Canada
6784,Thomas,King,Male,1991-06-24,USA
6785,Emma,Brown,Female,1990-10-01,UK
6786,David,Walker,Male,1996-10-01,Japan
6787,John,Young,Female,1969-08-22,Singapore
6788,Amelia,Lewis,Female,1991-08-14,Canada
6789,David,King,Male,1978-09-20,Canada
6790,Joseph,Hall,Female,1996-05-18,France
6791,John,Brown,Male,1963-03-20,India
6792,Joseph,Anderson,Male,1964-07-15,UK
6793,Harper,Smith,Male,1978-02-28,USA
6794,Isabella,Taylor,Female,1973-05-08,Japan
6795,Ella,Young,Female,1994-10-07,UK
6796,Joseph,Wilson,Female,1990-03-12,Germany
6797,Ava,Clark,Male,1967-07-20,Brazil
6798,Amelia,Clark,Male,2003-05-10,Australia
6799,Mia,Taylor,Female,1980-12-01,France
6800,David,Anderson,Female,2002-11-30,India
6801,Amelia,Harris,Male,1985-09-29,Japan
6802,John,Scott,Female,1972-05-05,Japan
6803,Mia,King,Female,1985-08-20,Singapore
6804,David,Taylor,Male,1998-11-22,Canada
6805,Michael,Lewis,Female,1994-04-14,Brazil
6806,Matthew,Harris,Male,1996-02-05,USA
6807,Thomas,Thomas,Male,1986-10-25,Australia
6808,Isabella,Lee,Male,1996-12-18,India
6809,Mia,Scott,Male,1979-10-05,Singapore
6810,James,Smith,Male,1984-04-11,India
6811,Harper,Martin,Male,1982-01-21,Canada
6812,Matthew,Scott,Male,1986-08-13,Australia
6813,Olivia,Smith,Male,1999-06-22,UK
6814,Emily,Thomas,Female,1979-04-06,Japan
6815,Isabella,Lee,Female,1970-10-13,Singapore
6816,Matthew,Wright,Male,1980-12-05,Germany
6817,Isabella,Taylor,Male,1983-06-17,France
6818,Harper,Hall,Female,1976-03-08,Germany
6819,Matthew,Wright,Female,1971-09-26,Canada
6820,James,Wright,Male,2002-04-06,Japan
6821,John,White,Male,1961-07-23,Germany
6822,William,Scott,Female,1983-03-23,Canada
6823,James,Taylor,Female,1977-06-25,India
6824,Mia,Young,Male,1980-08-17,India
6825,Ava,Scott,Female,1992-08-29,UK
6826,Michael,Lee,Female,1987-12-30,Brazil
6827,David,King,Male,1961-07-19,Canada
6828,David,King,Male,1993-09-15,UK
6829,Mia,Lewis,Male,1991-01-12,Canada
6830,Isabella,Lewis,Male,1999-03-10,Brazil
6831,Daniel,Wilson,Female,1974-09-03,Singapore
6832,Daniel,White,Female,1980-03-04,UK
6833,Michael,Clark,Male,1970-04-21,Germany
6834,Thomas,Smith,Female,1960-01-22,Japan
6835,Mia,Brown,Male,1988-06-05,India
6836,John,Allen,Female,1982-05-13,USA
6837,Joseph,Wright,Female,1993-12-23,India
6838,Matthew,Young,Female,1985-08-05,Canada
6839,Sophia,Allen,Female,1964-07-28,Australia
6840,Daniel,Brown,Female,1974-12-28,Brazil
6841,Ella,King,Female,1997-11-26,Canada
6842,Emma,Hall,Female,1961-01-03,India
6843,Thomas,Wilson,Male,1990-04-07,Singapore
6844,David,Wilson,Male,1983-05-19,Brazil
6845,Mia,Young,Female,1993-07-21,France
6846,Emily,Jackson,Male,1961-04-21,USA
6847,John,Martin,Male,1968-12-21,Germany
6848,Sophia,White,Male,1975-04-02,France
6849,James,Scott,Male,1988-09-11,Australia
6850,John,King,Female,1984-02-17,India
6851,Olivia,Young,Male,1981-11-08,Germany
6852,Sophia,Taylor,Male,1989-04-11,Japan
6853,Mia,Allen,Male,1968-06-30,Australia
6854,Emma,Hall,Female,1965-07-21,France
6855,Joseph,Jackson,Male,2000-08-23,USA
6856,William,Young,Male,1983-06-15,France
6857,Thomas,White,Female,1999-10-14,USA
6858,William,Martin,Female,1981-10-01,Singapore
6859,Daniel,Hall,Male,1993-12-22,Japan
6860,Amelia,Martin,Male,2002-12-26,USA
6861,Emily,Young,Male,1995-10-23,Germany
6862,Emily,Harris,Female,2000-01-06,France
6863,Robert,Thomas,Male,1978-06-28,USA
6864,Robert,Lewis,Male,1991-03-18,Singapore
6865,Isabella,Martin,Female,1999-04-17,Australia
6866,Joseph,Wilson,Female,1983-01-04,Singapore
6867,Sophia,Jackson,Male,1983-11-03,Germany
6868,Thomas,White,Male,2000-06-26,UK
6869,Mia,Jackson,Male,1983-02-27,Canada
6870,Emily,Anderson,Male,1975-03-18,Brazil
6871,James,Anderson,Female,1991-01-18,UK
6872,Amelia,Harris,Female,1977-11-11,Singapore
6873,Joseph,Martin,Female,1995-07-11,Brazil
6874,Mia,Lee,Male,1970-12-22,Singapore
6875,Robert,Lewis,Male,1974-04-05,Brazil
6876,Michael,White,Male,1960-09-07,USA
6877,David,King,Male,1975-04-14,France
6878,Michael,Young,Female,1977-09-15,USA
6879,Ella,Allen,Female,1992-10-11,UK
6880,Mia,Smith,Male,1971-10-26,USA
6881,David,King,Male,1992-09-28,USA
6882,Mia,Wright,Male,1982-06-20,UK
6883,Isabella,Anderson,Female,1973-09-20,Germany
6884,Sophia,Lewis,Male,1990-07-23,USA
6885,Sophia,Wilson,Female,1979-02-14,UK
6886,Matthew,Young,Female,2001-07-07,Singapore
6887,James,King,Male,1999-02-19,India
6888,David,Anderson,Female,1974-03-22,Japan
6889,Robert,Taylor,Female,1967-07-13,Brazil
6890,Olivia,Taylor,Male,1987-09-02,France
6891,Daniel,White,Male,1984-03-29,Singapore
6892,Michael,Hall,Male,1968-02-17,Australia
6893,John,Taylor,Female,1963-06-13,Germany
6894,Matthew,Lewis,Female,1976-02-19,Australia
6895,Ava,Martin,Female,1992-01-02,Brazil
6896,James,Martin,Male,1998-02-27,Brazil
6897,Emily,Thomas,Male,1981-07-28,Japan
6898,Emma,Martin,Female,1969-06-22,Canada
6899,Amelia,King,Male,1993-06-22,UK
6900,Ava,Jackson,Male,1983-02-20,Japan
6901,Olivia,White,Male,1994-08-17,USA
6902,Olivia,White,Male,2002-12-16,USA
6903,James,Walker,Female,1985-02-08,Singapore
6904,Olivia,Anderson,Male,1997-02-05,Germany
6905,Ella,Allen,Male,1999-07-24,UK
6906,Ella,Clark,Male,1969-07-01,Australia
6907,Daniel,Martin,Female,1972-06-13,Japan
6908,Isabella,Wright,Male,1961-10-27,UK
6909,David,Harris,Male,1989-02-04,Australia
6910,David,Hall,Female,1990-08-31,Brazil
6911,Emma,Wright,Male,1993-08-12,USA
6912,Sophia,Clark,Female,1982-03-10,India
6913,David,Jackson,Male,2001-05-19,Brazil
6914,James,Young,Female,1974-04-24,Singapore
6915,Sophia,Allen,Male,1993-04-17,Singapore
6916,Harper,Smith,Male,1968-01-24,Australia
6917,Emma,Wilson,Female,1999-09-21,Japan
6918,Ella,Walker,Female,1968-07-31,Singapore
6919,Amelia,Lewis,Male,1982-11-19,Australia
6920,Ava,Taylor,Male,1993-02-06,Brazil
6921,Daniel,Thomas,Female,1987-12-12,Brazil
6922,Michael,Clark,Male,1968-05-08,Japan
6923,Olivia,Wilson,Female,2003-10-10,Japan
6924,Ella,Harris,Male,1962-05-27,Australia
6925,Emma,Martin,Female,1990-03-07,Japan
6926,David,Young,Female,1969-01-02,Brazil
6927,Emily,Clark,Male,1987-05-13,Brazil
6928,Matthew,Young,Male,1973-02-11,France
6929,John,Scott,Male,1982-07-25,Germany
6930,Thomas,Brown,Male,2003-05-23,India
6931,Ella,Smith,Male,1966-12-05,Japan
6932,Ella,Scott,Female,1971-12-29,France
6933,Emma,Lewis,Female,1984-03-09,Germany
6934,John,Hall,Male,1961-10-27,Australia
6935,Robert,Lewis,Female,1983-11-20,Japan
6936,Thomas,Brown,Female,1971-01-10,Canada
6937,Harper,Smith,Male,2003-06-07,Singapore
6938,David,Walker,Male,1965-06-14,Germany
6939,Ella,Lee,Female,1972-12-25,Japan
6940,Isabella,Smith,Female,1980-05-07,Germany
6941,Matthew,Anderson,Female,1975-01-16,Japan
6942,Emma,Wright,Female,1981-11-15,Canada
6943,Ava,Scott,Female,1965-10-27,India
6944,James,Jackson,Female,1986-11-03,Singapore
6945,Amelia,Brown,Male,2000-04-13,Japan
6946,Harper,Young,Male,1975-09-18,Singapore
6947,William,Anderson,Female,2003-01-20,France
6948,Robert,Walker,Male,1996-03-12,Japan
6949,Emily,Young,Female,1975-11-13,Japan
6950,Daniel,Martin,Female,1967-05-28,Singapore
6951,Ella,Young,Female,1960-10-13,Brazil
6952,Ella,Brown,Female,1992-02-29,India
6953,Michael,Allen,Male,1993-09-24,Singapore
6954,William,Lewis,Male,1987-09-30,Brazil
6955,William,Walker,Male,1974-01-21,Canada
6956,John,Taylor,Female,1960-11-05,Brazil
6957,Emily,King,Female,1976-08-06,Australia
6958,William,Allen,Female,2003-02-06,Brazil
6959,Mia,Martin,Male,1973-03-01,Japan
6960,Amelia,Martin,Male,1968-08-23,Canada
6961,Mia,Walker,Male,1970-07-13,Australia
6962,Amelia,Lee,Male,1988-10-28,Japan
6963,James,Allen,Male,1983-04-21,UK
6964,Matthew,Jackson,Male,1975-01-15,Australia
6965,Robert,Harris,Female,1996-04-06,Singapore
6966,James,Lee,Female,1996-09-05,USA
6967,Ava,White,Male,2002-07-13,Australia
6968,David,Allen,Male,1986-08-07,France
6969,Sophia,Harris,Male,1986-12-05,India
6970,Ava,Smith,Female,1984-11-13,Germany
6971,Ava,Brown,Female,1981-10-30,Japan
6972,Joseph,Young,Male,1992-05-06,France
6973,Ava,Martin,Female,1960-04-02,USA
6974,Robert,Anderson,Male,1996-04-07,Canada
6975,Thomas,Wright,Female,1983-06-14,Germany
6976,Joseph,Hall,Male,2003-07-14,Canada
6977,Harper,Walker,Male,1965-04-29,Brazil
6978,Robert,Scott,Female,1969-04-25,India
6979,John,Thomas,Male,1986-04-06,Canada
6980,Emma,Clark,Female,1995-08-15,France
6981,Thomas,White,Male,1970-03-14,Canada
6982,John,Wilson,Male,1987-08-01,Brazil
6983,Daniel,Thomas,Male,1971-11-17,Brazil
6984,Daniel,Anderson,Female,1965-02-21,Canada
6985,David,Thomas,Female,1965-07-08,India
6986,William,White,Male,1964-07-09,Germany
6987,David,Jackson,Female,1974-12-06,Canada
6988,Matthew,Martin,Female,2001-04-03,UK
6989,Sophia,Walker,Female,1992-06-07,France
6990,Joseph,Jackson,Female,1966-01-16,Australia
6991,Robert,Jackson,Female,1989-05-02,Canada
6992,Amelia,Lewis,Female,1975-01-04,UK
6993,Robert,King,Female,1984-05-12,UK
6994,Joseph,Young,Male,1966-07-14,Japan
6995,David,Young,Female,1987-12-18,Australia
6996,Matthew,Wright,Female,1976-08-26,Singapore
6997,Sophia,Wilson,Male,1987-05-24,UK
6998,Michael,Clark,Male,1984-03-08,France
6999,Ava,Walker,Female,1998-10-22,France
7000,Mia,King,Male,1977-03-29,UK
7001,Sophia,Taylor,Female,1995-07-19,Germany
7002,William,Wilson,Female,1961-12-15,India
7003,Matthew,White,Female,1979-07-19,UK
7004,Harper,Hall,Male,1997-03-16,India
7005,Ava,Allen,Male,1967-11-18,Australia
7006,James,Brown,Female,1971-04-24,Germany
7007,David,Young,Male,1979-06-12,India
7008,Daniel,Wright,Male,1997-09-30,UK
7009,Olivia,Allen,Male,1986-01-30,USA
7010,Amelia,Taylor,Female,1966-03-03,Australia
7011,Joseph,Anderson,Male,1967-10-23,France
7012,Joseph,Hall,Female,1997-05-18,France
7013,Isabella,Allen,Male,1995-04-01,Canada
7014,Joseph,White,Male,1965-09-29,UK
7015,Mia,Scott,Female,1993-02-01,Australia
7016,Sophia,Allen,Male,1990-01-27,Australia
7017,Ava,Lewis,Female,1965-07-11,Australia
7018,Sophia,Wright,Male,1987-02-22,USA
7019,William,Clark,Male,1997-08-02,Singapore
7020,Harper,Walker,Female,1993-09-24,Canada
7021,Michael,Lee,Female,2000-12-01,France
7022,Michael,Clark,Male,1997-08-18,Japan
7023,Olivia,Allen,Female,1991-09-16,Brazil
7024,Joseph,Taylor,Male,1990-08-22,UK
7025,Emily,Young,Male,2001-04-12,Brazil
7026,William,Walker,Male,2001-06-23,USA
7027,Ella,Brown,Male,1964-06-04,Japan
7028,James,Smith,Male,1976-02-17,India
7029,Joseph,Clark,Female,1985-04-11,France
7030,Joseph,Hall,Male,1992-06-27,UK
7031,Amelia,Martin,Male,1997-07-25,Australia
7032,Isabella,King,Male,1985-01-13,Brazil
7033,Daniel,Hall,Male,2001-06-27,UK
7034,Robert,Taylor,Female,1966-04-27,Singapore
7035,Michael,Clark,Male,1967-08-06,Japan
7036,Thomas,Wright,Male,1960-09-22,Germany
7037,Emma,Jackson,Male,1967-08-02,France
7038,Sophia,Martin,Male,1960-02-28,Australia
7039,Amelia,Anderson,Female,1996-10-17,Singapore
7040,Robert,Wright,Female,1981-01-04,Japan
7041,Thomas,Martin,Male,1960-03-22,Australia
7042,William,Allen,Male,1989-04-24,UK
7043,Thomas,Anderson,Male,1993-05-28,France
7044,Olivia,Martin,Male,2000-11-12,France
7045,David,Scott,Male,2003-10-13,France
7046,Sophia,Walker,Female,1981-08-30,Australia
7047,Isabella,Brown,Male,1966-07-30,USA
7048,William,Clark,Male,1998-08-11,USA
7049,Harper,Lewis,Male,1977-02-09,Germany
7050,Ella,Brown,Female,1974-01-09,Germany
7051,Matthew,Lewis,Female,1960-08-17,India
7052,Ella,Lewis,Male,1968-04-26,India
7053,Isabella,Taylor,Male,1974-10-03,Japan
7054,Joseph,King,Male,2002-10-27,India
7055,David,Harris,Male,1983-08-10,Canada
7056,Michael,Clark,Male,2001-10-05,Brazil
7057,Olivia,Thomas,Male,1964-08-09,USA
7058,Sophia,White,Female,1971-05-24,India
7059,Harper,Scott,Female,1964-09-04,Canada
7060,Joseph,Wilson,Female,1994-02-19,India
7061,William,Smith,Male,1990-10-07,Brazil
7062,Thomas,Allen,Female,1968-07-19,Japan
7063,Ava,Lewis,Female,1971-04-18,France
7064,Joseph,Hall,Male,1983-01-20,Canada
7065,Olivia,Martin,Male,1961-10-21,Brazil
7066,Ella,Brown,Male,1982-06-27,Germany
7067,William,Hall,Female,2000-09-17,USA
7068,Mia,Jackson,Female,1966-03-29,India
7069,Daniel,Thomas,Male,1991-12-02,India
7070,Sophia,Taylor,Female,1967-04-28,Australia
7071,Matthew,Allen,Male,1994-09-22,India
7072,Michael,Walker,Male,1975-04-24,USA
7073,Joseph,Taylor,Female,1989-11-06,UK
7074,Olivia,Clark,Male,1968-06-02,Japan
7075,Harper,Wright,Female,1983-07-21,India
7076,Matthew,Scott,Male,1968-12-06,Japan
7077,James,White,Female,1962-01-10,Canada
7078,Isabella,White,Female,1979-04-02,Singapore
7079,Ava,Brown,Male,1967-06-08,Brazil
7080,Emma,Young,Female,2003-08-13,USA
7081,Thomas,Young,Female,1988-10-11,USA
7082,Matthew,Thomas,Male,1985-02-08,Canada
7083,Emily,Scott,Male,1970-01-20,India
7084,Daniel,Hall,Female,1966-03-17,USA
7085,Sophia,Lee,Male,1969-01-25,UK
7086,James,Martin,Female,1989-06-06,Germany
7087,Ella,Young,Male,1984-08-14,Brazil
7088,Michael,Lewis,Female,1972-12-05,Canada
7089,Ava,King,Female,1960-07-02,Singapore
7090,Amelia,Clark,Male,1978-08-12,Japan
7091,Harper,Young,Female,1992-02-17,Japan
7092,William,Wilson,Male,1961-07-05,Canada
7093,Emily,White,Male,1994-06-09,India
7094,Isabella,Harris,Male,1996-08-22,Japan
7095,Amelia,Allen,Female,1976-06-03,Germany
7096,James,Hall,Male,1986-03-23,UK
7097,Joseph,Lewis,Male,1995-05-06,Japan
7098,Amelia,Smith,Male,1960-01-03,Germany
7099,Matthew,Wilson,Female,1988-06-01,Australia
7100,Ella,Wilson,Female,1968-06-23,Japan
7101,Thomas,Allen,Female,2000-08-27,USA
7102,William,Wilson,Male,1982-10-24,Japan
7103,John,Allen,Female,1963-01-12,India
7104,James,Thomas,Female,1970-08-27,India
7105,Amelia,King,Male,1976-12-14,Japan
7106,Ella,King,Female,1973-05-07,France
7107,Thomas,Wright,Male,1987-02-09,Australia
7108,Robert,Taylor,Male,1999-12-30,USA
7109,James,Hall,Female,1989-10-09,UK
7110,Emma,Walker,Female,1986-03-12,France
7111,James,Brown,Male,1992-12-12,USA
7112,Amelia,Wilson,Female,1990-01-23,Australia
7113,James,Young,Male,1960-06-23,France
7114,David,Taylor,Male,1986-01-20,Singapore
7115,Mia,Brown,Male,1995-12-28,Brazil
7116,Emily,Smith,Male,1983-09-11,USA
7117,Joseph,Taylor,Male,2003-06-01,India
7118,William,Clark,Female,1963-08-10,Brazil
7119,Emily,Scott,Female,1998-12-25,India
7120,Thomas,King,Male,1992-03-11,Canada
7121,John,Lewis,Female,1973-09-20,Canada
7122,David,Wilson,Male,1964-01-12,USA
7123,Emma,Wright,Female,1968-02-14,Germany
7124,Daniel,White,Female,1989-04-04,Brazil
7125,David,White,Male,1987-04-18,Germany
7126,William,Young,Male,1998-09-23,India
7127,Ava,Jackson,Female,2000-04-01,USA
7128,David,Young,Male,1966-11-23,UK
7129,Robert,Brown,Male,1982-03-06,Brazil
7130,Daniel,Scott,Male,1963-05-22,USA
7131,Ava,Taylor,Male,1963-11-20,Canada
7132,Daniel,Young,Female,1995-11-16,Australia
7133,John,King,Female,1970-04-23,Australia
7134,Harper,Clark,Male,1984-07-08,Brazil
7135,Sophia,Harris,Female,1971-11-06,Japan
7136,Joseph,King,Male,1962-03-09,Germany
7137,John,Young,Female,1971-11-11,USA
7138,Joseph,Jackson,Female,1981-10-29,Brazil
7139,John,Anderson,Male,1982-02-06,India
7140,Daniel,Thomas,Male,1998-10-13,Germany
7141,Thomas,Scott,Female,1998-12-13,Australia
7142,Ella,King,Female,1984-01-29,Canada
7143,Ava,Martin,Female,1994-06-10,France
7144,Joseph,Brown,Male,2002-07-16,Singapore
7145,Joseph,Wright,Female,2001-08-24,Germany
7146,Emma,Brown,Male,1991-01-03,Singapore
7147,Matthew,Wilson,Female,1994-12-22,Australia
7148,David,Brown,Female,1960-12-27,Germany
7149,Daniel,Clark,Female,1986-07-28,Australia
7150,Mia,Jackson,Male,1977-09-02,France
7151,William,Scott,Female,1985-10-17,Australia
7152,Ella,Smith,Male,1999-07-09,USA
7153,Ella,Martin,Male,1966-10-23,France
7154,Sophia,Thomas,Female,1982-08-05,Japan
7155,Amelia,Jackson,Male,2003-06-19,Japan
7156,Daniel,Clark,Female,1974-05-04,France
7157,Emma,Lee,Female,1999-07-25,India
7158,Amelia,Hall,Female,1967-01-04,India
7159,Ava,Allen,Female,1989-09-08,Australia
7160,Daniel,Allen,Female,1994-06-16,Australia
7161,David,Wright,Male,2000-09-30,Australia
7162,Ella,Clark,Male,1982-03-15,France
7163,Harper,Harris,Male,1964-07-27,Australia
7164,John,Jackson,Female,1979-08-05,Brazil
7165,Olivia,Taylor,Female,1992-05-31,Canada
7166,Matthew,Taylor,Male,1989-01-01,India
7167,Daniel,Allen,Male,1994-09-29,Brazil
7168,Joseph,King,Male,1998-01-28,Australia
7169,Mia,Walker,Male,1991-08-03,India
7170,William,Brown,Male,1983-12-04,Germany
7171,Olivia,Wilson,Female,1984-09-02,UK
7172,Daniel,Allen,Male,1964-07-30,India
7173,Isabella,Jackson,Female,2000-06-08,Singapore
7174,Amelia,Walker,Female,1975-11-05,Japan
7175,Robert,White,Male,1987-09-07,Germany
7176,William,White,Male,1972-07-11,France
7177,Emily,Smith,Female,1967-08-10,Germany
7178,Joseph,Harris,Male,1969-07-27,India
7179,James,Scott,Female,1996-11-14,Brazil
7180,Ava,Clark,Female,1989-09-16,UK
7181,Thomas,Thomas,Female,1988-05-06,USA
7182,Daniel,Young,Male,1964-11-28,Japan
7183,Robert,Thomas,Male,1998-09-21,Japan
7184,Sophia,Thomas,Female,1970-03-20,France
7185,Joseph,Smith,Male,1998-10-07,USA
7186,Mia,Lee,Female,1976-04-14,France
7187,Emily,Lee,Male,1969-07-19,Singapore
7188,Emily,Jackson,Male,1987-11-25,Brazil
7189,Emma,Smith,Male,1966-10-02,Brazil
7190,Emma,Hall,Male,1960-11-05,Germany
7191,Michael,Clark,Female,1976-04-03,Australia
7192,James,King,Female,1986-09-23,Canada
7193,Emily,King,Female,1981-12-17,USA
7194,Harper,Taylor,Male,1989-11-09,India
7195,Michael,Brown,Female,1999-09-13,India
7196,Sophia,Taylor,Female,1985-08-31,USA
7197,Olivia,Lee,Male,1988-04-20,Germany
7198,Thomas,Smith,Male,1986-07-02,UK
7199,Isabella,King,Male,1972-10-07,France
7200,Sophia,Martin,Female,1971-08-24,Brazil
7201,Olivia,Hall,Female,1980-10-18,Australia
7202,John,Allen,Female,2001-10-04,USA
7203,Joseph,Allen,Female,2002-08-31,Singapore
7204,William,Smith,Female,1978-07-28,India
7205,Daniel,Hall,Male,1972-01-22,India
7206,James,Lee,Male,1962-07-21,Brazil
7207,Thomas,Wilson,Male,1990-01-07,Japan
7208,Harper,Lewis,Male,1993-04-17,Canada
7209,Daniel,Anderson,Male,2001-05-30,France
7210,Isabella,Wilson,Female,1987-10-15,USA
7211,David,Thomas,Female,2001-11-18,India
7212,Isabella,Jackson,Female,1980-08-05,Singapore
7213,Robert,Walker,Male,2002-10-07,UK
7214,Ava,Clark,Male,1981-04-05,UK
7215,Robert,Allen,Female,1971-10-14,Brazil
7216,Ava,Scott,Female,1977-12-02,India
7217,Daniel,Wilson,Male,1972-02-02,India
7218,Harper,Thomas,Male,1998-05-01,Australia
7219,James,Hall,Female,1965-02-06,Canada
7220,Emma,Wright,Male,1963-12-24,Brazil
7221,Sophia,Harris,Female,1983-06-05,USA
7222,Mia,Walker,Male,1977-02-06,India
7223,Thomas,Scott,Female,1968-04-15,Australia
7224,Amelia,Lee,Female,1973-05-18,Singapore
7225,John,Lewis,Female,1991-02-03,USA
7226,Emily,Thomas,Male,1970-01-10,Japan
7227,Emily,Thomas,Male,2000-04-20,Canada
7228,Thomas,Anderson,Female,1988-11-07,Japan
7229,Thomas,Scott,Male,1978-05-10,Japan
7230,Emily,King,Female,1996-04-05,UK
7231,Amelia,King,Female,1986-11-23,Singapore
7232,John,Wilson,Male,1978-09-30,USA
7233,Joseph,Allen,Male,1999-04-13,Australia
7234,Mia,Wilson,Male,1994-05-09,Japan
7235,Ella,Taylor,Male,2000-04-23,India
7236,Ava,King,Male,1994-04-07,France
7237,Michael,White,Male,1967-02-26,Australia
7238,Ella,Thomas,Female,1964-08-08,Canada
7239,Ava,Clark,Male,1982-03-11,Singapore
7240,Isabella,Brown,Female,1984-05-11,India
7241,Joseph,Thomas,Female,1972-01-30,Singapore
7242,Daniel,Lewis,Male,1985-06-06,UK
7243,Mia,Lee,Male,1962-06-05,Canada
7244,Joseph,Smith,Female,1962-05-28,UK
7245,David,Walker,Male,1963-03-03,USA
7246,Ava,Martin,Male,1994-01-28,Canada
7247,Harper,Brown,Female,1962-03-13,Singapore
7248,John,Allen,Female,2000-08-08,France
7249,Amelia,White,Male,1984-11-15,USA
7250,Emily,Smith,Male,1986-05-22,USA
7251,Robert,Lewis,Male,1994-02-13,Japan
7252,Joseph,Martin,Female,1976-02-20,France
7253,John,Taylor,Female,1993-06-06,UK
7254,Isabella,Anderson,Female,1995-06-03,India
7255,Harper,Walker,Male,1965-04-28,UK
7256,Sophia,Martin,Female,1977-09-04,Germany
7257,Thomas,Allen,Male,1970-06-20,Canada
7258,Ella,Young,Female,1977-04-30,Singapore
7259,Isabella,White,Male,1962-06-20,France
7260,Michael,Taylor,Male,1962-01-20,Singapore
7261,Ella,White,Male,1995-07-09,Germany
7262,Ava,White,Female,2003-01-20,Brazil
7263,James,Taylor,Male,1990-12-10,Japan
7264,Emma,Lee,Female,2001-06-08,India
7265,James,Allen,Female,1975-11-30,India
7266,Thomas,Young,Male,1963-08-02,USA
7267,William,Taylor,Male,1983-03-05,UK
7268,John,Taylor,Male,2002-02-10,Singapore
7269,Ava,Thomas,Female,1962-05-16,USA
7270,Daniel,Allen,Male,1978-05-15,USA
7271,Harper,Martin,Female,1980-05-30,France
7272,Isabella,Clark,Female,1965-11-02,Germany
7273,James,Clark,Male,1995-05-23,Australia
7274,Harper,King,Male,1983-03-04,UK
7275,Robert,Harris,Female,1976-07-26,France
7276,James,Walker,Male,1973-05-18,Singapore
7277,James,Wright,Female,1999-02-23,Australia
7278,Ava,Taylor,Female,1973-02-03,Singapore
7279,Ava,Lewis,Male,1978-01-09,Australia
7280,Emily,Taylor,Male,1962-12-10,UK
7281,John,Clark,Female,1961-01-05,UK
7282,John,Young,Male,1986-02-24,Germany
7283,Emily,Allen,Female,1988-07-22,Canada
7284,Robert,Jackson,Female,1964-07-20,India
7285,Isabella,Wilson,Female,1978-07-10,Canada
7286,John,Jackson,Female,1962-12-17,France
7287,Ava,Scott,Female,1986-03-20,UK
7288,Mia,Wilson,Male,1964-09-03,USA
7289,Joseph,Clark,Male,1969-08-17,Canada
7290,Matthew,Lee,Male,1961-01-19,USA
7291,Sophia,Smith,Male,1972-06-13,Brazil
7292,Harper,Smith,Female,1998-01-02,Brazil
7293,Ava,Lee,Female,1976-05-21,Brazil
7294,Matthew,Martin,Female,1985-09-10,USA
7295,Emily,White,Male,2000-11-04,France
7296,Joseph,Martin,Male,1990-01-09,Japan
7297,David,Young,Female,1997-10-07,USA
7298,Ava,Martin,Female,1985-11-25,France
7299,James,Wilson,Male,1998-02-09,Singapore
7300,Emma,Allen,Female,1960-05-26,Australia
7301,Emily,Hall,Female,1962-09-24,Australia
7302,Ella,Wright,Male,1972-05-05,USA
7303,Emma,Taylor,Female,1980-12-29,Brazil
7304,Emily,Smith,Female,1995-06-21,France
7305,Sophia,Anderson,Male,1990-12-27,Canada
7306,Isabella,Lee,Female,1978-04-30,India
7307,Robert,Allen,Female,2001-10-24,India
7308,William,White,Female,1980-11-06,Brazil
7309,Daniel,Taylor,Female,1998-09-20,Japan
7310,Isabella,Martin,Female,1974-04-20,Brazil
7311,Mia,Smith,Female,1966-02-27,France
7312,John,Scott,Female,1962-04-08,Canada
7313,David,Taylor,Male,1975-06-17,Canada
7314,James,Brown,Male,1964-04-28,India
7315,Daniel,Clark,Female,1972-09-16,Canada
7316,John,Brown,Male,2000-08-27,Japan
7317,Emily,Taylor,Female,1960-08-07,Brazil
7318,Emily,White,Female,1975-08-20,Germany
7319,Ava,Lewis,Male,1995-02-26,Singapore
7320,Robert,Young,Male,1994-07-12,Canada
7321,Emma,Jackson,Male,1980-01-15,Singapore
7322,Emma,White,Male,1983-08-31,Brazil
7323,Emily,Taylor,Female,1987-06-08,USA
7324,Emma,Lewis,Female,1975-08-16,Australia
7325,Michael,Brown,Female,1980-05-16,Brazil
7326,Ella,Wilson,Male,1992-02-10,Japan
7327,James,Anderson,Male,1986-12-06,Japan
7328,Matthew,Brown,Male,1997-10-24,Brazil
7329,David,King,Female,1990-07-30,UK
7330,James,White,Female,1994-05-25,Canada
7331,Sophia,Lewis,Female,1995-09-06,UK
7332,Daniel,Scott,Male,1986-12-25,Australia
7333,Thomas,Brown,Male,1981-11-12,UK
7334,Robert,Scott,Male,1970-09-30,Canada
7335,John,Wright,Female,1977-08-13,USA
7336,Daniel,Wilson,Male,1976-02-06,Japan
7337,Amelia,Lewis,Male,2003-02-11,Canada
7338,Amelia,Walker,Female,1987-11-19,USA
7339,Ava,Taylor,Female,2003-07-16,Canada
7340,Sophia,Thomas,Female,2002-08-27,India
7341,Emma,Allen,Female,1968-12-08,USA
7342,Ava,Thomas,Female,1968-02-11,Japan
7343,Michael,Martin,Female,1984-08-10,Australia
7344,Matthew,Allen,Female,1961-12-03,Australia
7345,Thomas,Wright,Female,1969-08-11,India
7346,James,Scott,Male,1998-03-08,India
7347,Michael,Scott,Female,1983-12-04,Germany
7348,Robert,Harris,Male,1964-01-01,Germany
7349,Thomas,Jackson,Female,1994-12-30,Canada
7350,Michael,Hall,Female,1965-12-18,Japan
7351,Harper,Brown,Male,1989-12-12,Singapore
7352,William,Brown,Male,1986-06-19,Canada
7353,David,King,Female,1962-06-26,Germany
7354,Ella,Anderson,Male,1982-11-25,Singapore
7355,Isabella,Taylor,Male,1966-10-07,USA
7356,William,Wright,Female,2003-04-19,Australia
7357,Daniel,Taylor,Female,1973-06-29,Japan
7358,John,Jackson,Male,1995-03-15,UK
7359,Sophia,Wilson,Male,1967-01-10,Germany
7360,Sophia,Hall,Male,1998-12-31,France
7361,Michael,Clark,Male,1961-04-19,Brazil
7362,Mia,Scott,Female,1990-06-09,Brazil
7363,Isabella,Smith,Male,1988-09-26,USA
7364,Michael,Walker,Male,2000-07-03,UK
7365,Harper,Taylor,Male,1960-10-29,UK
7366,John,Lee,Male,1969-09-08,Japan
7367,Emma,Martin,Male,1961-12-17,Japan
7368,William,Young,Male,1977-01-14,Germany
7369,William,Taylor,Female,2002-09-25,Japan
7370,Thomas,Harris,Female,1963-11-04,Brazil
7371,Ava,Wilson,Male,1973-01-30,UK
7372,Robert,Taylor,Female,1969-02-14,Australia
7373,Harper,Allen,Female,1969-11-15,France
7374,Emily,Anderson,Female,1998-05-31,Australia
7375,David,Taylor,Female,1986-07-30,USA
7376,Daniel,Lee,Male,1962-10-12,UK
7377,Matthew,Wilson,Male,1992-09-23,USA
7378,Sophia,Harris,Male,1986-02-21,Japan
7379,Sophia,Taylor,Male,1998-06-25,Brazil
7380,James,Hall,Male,1992-03-05,Singapore
7381,Daniel,Smith,Female,1977-11-13,UK
7382,James,Martin,Male,1987-04-29,Germany
7383,Emily,Lewis,Male,1964-07-30,France
7384,Olivia,Hall,Female,1975-04-16,USA
7385,Ella,White,Male,1972-12-26,Brazil
7386,Robert,Clark,Male,1979-11-24,UK
7387,Michael,Taylor,Male,1979-05-15,USA
7388,Ella,Wright,Male,1962-09-15,Brazil
7389,Harper,Lewis,Female,2000-07-26,France
7390,Sophia,Anderson,Male,2001-03-08,Germany
7391,Robert,Thomas,Male,1961-02-24,Japan
7392,Emma,Martin,Male,1987-09-13,Germany
7393,Joseph,White,Female,2001-11-07,UK
7394,Daniel,Wright,Male,1993-11-21,Australia
7395,Joseph,Lee,Female,1994-10-14,Japan
7396,Daniel,Lee,Male,1975-11-12,Singapore
7397,William,Taylor,Male,1996-03-06,Japan
7398,William,Martin,Male,1962-07-22,Australia
7399,Ava,Lewis,Female,2002-01-08,Germany
7400,Emily,Clark,Female,2000-07-05,Singapore
7401,Mia,Thomas,Male,1987-12-03,Brazil
7402,Emma,Martin,Male,1978-11-10,UK
7403,Thomas,Walker,Female,1976-08-03,Australia
7404,David,Walker,Female,1969-03-21,Australia
7405,John,Wilson,Female,1975-03-12,Germany
7406,Michael,Taylor,Male,2001-08-05,Brazil
7407,Ava,Taylor,Female,1964-02-02,Germany
7408,Matthew,Brown,Female,1988-05-22,Singapore
7409,Robert,Young,Male,2000-12-17,Singapore
7410,Ava,Lewis,Female,1992-04-03,India
7411,Thomas,King,Female,1992-05-07,Canada
7412,John,Scott,Male,1999-05-19,UK
7413,Joseph,Martin,Female,1976-03-27,Singapore
7414,Thomas,Lee,Female,1968-11-10,Australia
7415,Michael,Brown,Female,1995-08-18,Germany
7416,Emma,Smith,Female,1991-04-06,France
7417,Sophia,Walker,Female,1994-05-01,Canada
7418,Joseph,Brown,Female,1981-02-19,UK
7419,Robert,Wright,Male,1973-11-15,USA
7420,Mia,Scott,Female,1963-04-13,Singapore
7421,Michael,Smith,Male,1982-06-04,Australia
7422,Mia,Lewis,Male,1997-10-05,USA
7423,Ava,Martin,Female,1973-01-28,Germany
7424,Robert,Lee,Female,1977-10-24,Japan
7425,Daniel,Harris,Female,1997-09-10,USA
7426,Amelia,Anderson,Female,1985-12-02,Singapore
7427,James,Jackson,Male,1964-08-31,Canada
7428,Olivia,Clark,Female,1960-09-29,USA
7429,Thomas,Allen,Female,1971-07-27,UK
7430,Emily,Anderson,Female,1985-01-04,Germany
7431,John,Anderson,Male,1997-12-20,UK
7432,James,Walker,Female,1964-03-19,Japan
7433,William,Young,Male,1993-07-07,India
7434,Emma,Allen,Female,2000-02-07,USA
7435,Sophia,Harris,Female,1981-06-28,UK
7436,Olivia,Scott,Male,2000-09-22,Australia
7437,Emma,White,Female,1966-04-12,Brazil
7438,Ava,Young,Female,1986-08-15,UK
7439,David,Clark,Male,1989-12-22,France
7440,Thomas,Clark,Male,1992-12-28,UK
7441,Emma,Martin,Male,1968-01-01,Australia
7442,Thomas,Lewis,Male,1996-11-30,Singapore
7443,Olivia,Jackson,Male,1975-06-14,Australia
7444,Amelia,Jackson,Female,1979-04-11,USA
7445,Amelia,Scott,Male,1993-12-28,Australia
7446,David,Clark,Male,1965-11-24,Germany
7447,Harper,Smith,Male,2002-05-25,Australia
7448,Michael,Young,Male,1996-11-24,Brazil
7449,Daniel,Jackson,Female,1987-06-13,India
7450,Mia,Taylor,Male,1997-11-21,Brazil
7451,William,King,Male,1980-11-15,India
7452,Amelia,Jackson,Male,1978-08-30,France
7453,James,Anderson,Female,1976-09-27,Germany
7454,Ava,Brown,Female,1990-12-03,Germany
7455,Emma,Wilson,Female,1997-08-02,UK
7456,Robert,Brown,Male,1997-10-24,USA
7457,Joseph,Young,Male,1996-01-20,Canada
7458,Ava,Clark,Male,1972-02-24,USA
7459,David,Martin,Female,1967-04-28,Germany
7460,Joseph,King,Male,1965-12-11,France
7461,Michael,Harris,Male,1969-10-13,Japan
7462,William,Wright,Female,1966-01-23,France
7463,Robert,Wright,Female,1962-11-26,Germany
7464,Michael,Hall,Male,1989-05-25,UK
7465,David,Wilson,Male,1971-06-12,Germany
7466,Ava,Harris,Male,1975-06-14,Japan
7467,David,Harris,Male,2001-10-10,France
7468,Amelia,King,Male,1984-01-21,France
7469,Michael,Young,Female,2000-01-05,UK
7470,Matthew,Young,Male,1996-12-15,India
7471,Matthew,Thomas,Female,1960-10-03,UK
7472,John,Young,Female,1978-07-28,Australia
7473,Michael,Martin,Female,1994-03-17,Australia
7474,David,Wright,Male,1997-05-09,Brazil
7475,Emily,Scott,Male,1997-12-29,Brazil
7476,Mia,White,Male,2000-11-06,UK
7477,Ella,White,Female,1997-08-05,USA
7478,Amelia,Taylor,Male,1988-11-21,Brazil
7479,Matthew,Walker,Female,1974-02-08,Germany
7480,Harper,Thomas,Female,1998-07-29,Germany
7481,Michael,Harris,Male,1989-10-18,India
7482,Robert,Wilson,Female,1962-09-25,India
7483,David,Smith,Male,1970-10-10,Canada
7484,Daniel,Young,Male,1974-06-12,Germany
7485,Daniel,Lewis,Male,1984-11-22,Canada
7486,Emma,Taylor,Male,1974-05-14,Australia
7487,William,King,Female,1994-11-26,France
7488,John,Clark,Female,1961-05-28,UK
7489,Ella,Harris,Male,1978-07-11,UK
7490,Mia,Wilson,Female,2000-12-06,Germany
7491,Thomas,Clark,Male,1961-03-20,Japan
7492,John,Wright,Male,1964-05-26,Canada
7493,Sophia,Jackson,Female,1987-12-27,USA
7494,Sophia,Clark,Male,1988-04-26,Germany
7495,Ella,King,Male,1985-01-24,Japan
7496,Robert,Lee,Male,1998-05-02,UK
7497,Amelia,Walker,Male,1996-03-01,Japan
7498,Ella,King,Male,1973-08-10,USA
7499,Ella,Jackson,Male,1988-07-13,USA
7500,Matthew,Thomas,Female,1972-05-25,UK
7501,Emma,Jackson,Male,2003-03-18,Brazil
7502,Emily,Harris,Female,1966-03-11,USA
7503,John,King,Female,1969-12-28,Australia
7504,Amelia,Wilson,Female,1996-10-14,UK
7505,Michael,Hall,Female,1968-04-05,USA
7506,Emily,Wilson,Male,1987-11-07,Japan
7507,Emma,Jackson,Male,1973-10-16,Japan
7508,Thomas,Lee,Female,1991-09-22,Australia
7509,Daniel,Hall,Female,1979-05-16,Canada
7510,Emma,Smith,Female,1983-09-05,Australia
7511,Matthew,Scott,Male,2001-10-15,Japan
7512,Ella,White,Female,1991-12-04,Canada
7513,Ella,Smith,Female,1982-02-11,Singapore
7514,Emma,Brown,Male,1969-04-01,Japan
7515,Ava,King,Female,1988-05-08,UK
7516,William,King,Male,1985-08-27,India
7517,Ava,Wilson,Female,1977-04-21,UK
7518,Harper,Wilson,Male,1993-02-22,Germany
7519,Amelia,Clark,Female,1982-08-27,Japan
7520,David,Taylor,Female,1960-06-12,Japan
7521,Amelia,Taylor,Male,1995-10-04,USA
7522,Emma,Wilson,Female,1975-08-25,France
7523,John,Anderson,Male,1969-08-08,UK
7524,Thomas,White,Male,1978-04-30,Germany
7525,Michael,Martin,Male,1985-08-04,Brazil
7526,Ava,Smith,Female,1998-01-24,Singapore
7527,Emily,Smith,Female,1965-03-26,Japan
7528,Emma,Young,Male,1961-08-28,Germany
7529,Daniel,Scott,Male,1988-05-28,France
7530,Isabella,Scott,Female,1990-05-28,France
7531,Michael,Allen,Female,1995-12-14,Singapore
7532,James,Walker,Male,1990-09-09,India
7533,Isabella,Martin,Male,1986-11-17,Singapore
7534,Harper,Hall,Female,1961-06-17,USA
7535,Emily,Wright,Male,1983-07-11,USA
7536,Joseph,Scott,Male,1963-07-19,Japan
7537,Daniel,Scott,Female,2002-11-07,France
7538,Ava,Scott,Female,1997-10-11,USA
7539,David,Hall,Male,1981-08-09,Singapore
7540,James,Walker,Female,1986-10-07,USA
7541,Robert,Hall,Male,1996-09-23,UK
7542,James,Smith,Female,1970-07-13,USA
7543,Ava,Anderson,Female,1967-10-22,USA
7544,David,Lewis,Female,1990-11-10,Singapore
7545,Daniel,Lee,Female,1978-03-15,India
7546,Ella,Wilson,Male,1994-09-01,France
7547,John,Young,Female,1976-06-25,Japan
7548,Harper,Harris,Male,1961-11-03,Australia
7549,Mia,Lee,Male,1987-09-29,France
7550,Harper,Smith,Male,1968-01-26,Japan
7551,Matthew,Taylor,Female,1991-06-03,USA
7552,Ella,King,Male,1962-10-12,Japan
7553,Olivia,King,Female,1986-03-24,USA
7554,Michael,Harris,Male,2002-05-12,Japan
7555,Emily,White,Female,1974-05-02,Germany
7556,Daniel,White,Female,1982-12-17,UK
7557,John,Lewis,Female,1975-10-04,UK
7558,Daniel,Wilson,Male,1984-10-06,Singapore
7559,Emma,Thomas,Female,1992-07-19,Japan
7560,Matthew,Wilson,Female,1976-12-31,Australia
7561,Joseph,Walker,Female,1982-04-12,Singapore
7562,Sophia,Jackson,Female,1986-01-07,USA
7563,Olivia,Smith,Male,1994-05-20,India
7564,Ava,Scott,Male,1971-10-30,Australia
7565,Daniel,King,Male,1961-09-30,France
7566,Olivia,Brown,Male,1997-09-04,Canada
7567,Olivia,Lewis,Male,1979-11-04,Australia
7568,Amelia,Anderson,Male,1976-04-18,India
7569,Sophia,Brown,Male,1984-03-15,India
7570,Joseph,Smith,Female,1979-02-10,India
7571,Joseph,Smith,Male,1961-03-06,India
7572,Ella,Martin,Male,1962-10-05,UK
7573,Ava,Smith,Male,1976-04-30,UK
7574,Ella,Allen,Male,1970-07-09,Singapore
7575,Matthew,Wilson,Female,1970-08-26,Germany
7576,Emily,Lewis,Male,1986-07-19,USA
7577,Isabella,Lee,Female,1985-08-06,Singapore
7578,Michael,Wilson,Male,1996-12-23,Australia
7579,Joseph,Taylor,Female,1967-12-25,India
7580,Sophia,Thomas,Female,1995-02-06,Canada
7581,Isabella,Anderson,Female,2002-07-24,France
7582,William,Young,Male,1989-10-19,Germany
7583,Emma,Wilson,Female,1962-09-11,UK
7584,Olivia,Martin,Female,1997-08-20,Japan
7585,Sophia,Harris,Male,1996-10-12,Australia
7586,Emily,White,Male,1971-07-14,Australia
7587,David,Clark,Female,1977-09-30,Canada
7588,Michael,Clark,Female,1990-10-16,Japan
7589,John,Brown,Male,1960-02-01,France
7590,James,Lewis,Male,1967-09-06,Germany
7591,Mia,Brown,Female,1968-02-02,Singapore
7592,Emily,Wilson,Female,1963-02-15,France
7593,Ella,Allen,Female,1991-07-25,Germany
7594,Robert,Martin,Male,1991-05-07,UK
7595,Olivia,Martin,Male,1993-08-27,India
7596,Amelia,King,Male,1965-10-11,Brazil
7597,Daniel,Wright,Male,1969-04-16,France
7598,Thomas,Harris,Male,1972-08-13,France
7599,Ava,Walker,Female,1996-04-21,Singapore
7600,Isabella,Lewis,Male,1981-09-24,Germany
7601,Daniel,Jackson,Male,1971-04-27,Canada
7602,David,Jackson,Male,1997-12-11,UK
7603,Harper,Walker,Female,1969-12-31,Singapore
7604,Sophia,Martin,Male,1985-03-19,Singapore
7605,David,Thomas,Female,1992-11-02,Australia
7606,Ava,White,Female,1967-09-09,Canada
7607,Michael,King,Male,1972-12-08,Japan
7608,William,White,Female,1996-05-06,UK
7609,Sophia,Walker,Female,1975-12-26,UK
7610,Sophia,Jackson,Female,1971-10-17,Canada
7611,Daniel,King,Female,1993-01-12,Australia
7612,Olivia,Martin,Female,1988-01-27,France
7613,William,Smith,Female,2003-10-20,Canada
7614,Emily,Lewis,Female,1972-04-20,France
7615,Olivia,Lewis,Male,1971-03-15,Germany
7616,Isabella,Anderson,Female,1976-09-20,Germany
7617,Matthew,Lewis,Female,1990-07-01,Japan
7618,Olivia,Smith,Male,1987-01-16,USA
7619,Mia,Smith,Female,1983-02-22,Canada
7620,James,Lee,Male,1975-08-13,Canada
7621,Isabella,Clark,Female,1984-01-05,Japan
7622,Joseph,Scott,Male,1967-06-21,Australia
7623,Sophia,Anderson,Male,1971-08-01,India
7624,Michael,Taylor,Female,2000-01-17,Germany
7625,Ella,Lee,Male,1980-10-09,Singapore
7626,Harper,Lee,Female,1989-02-22,Australia
7627,Sophia,King,Female,2003-03-24,UK
7628,David,Walker,Female,1970-12-21,Germany
7629,Joseph,Hall,Male,1967-01-04,France
7630,Sophia,Lewis,Female,1977-04-22,Singapore
7631,William,Harris,Female,1973-05-14,Canada
7632,Robert,Smith,Male,1987-03-26,USA
7633,Amelia,Wilson,Female,1974-04-08,Australia
7634,Michael,Lewis,Male,1967-10-10,France
7635,Mia,Lee,Male,1997-02-03,Australia
7636,David,Clark,Male,1984-08-24,France
7637,Isabella,Walker,Male,1960-01-13,USA
7638,Isabella,Young,Male,1994-05-13,India
7639,Thomas,Anderson,Male,1997-03-18,Canada
7640,Robert,Wilson,Female,1978-08-02,France
7641,Joseph,Thomas,Female,1961-10-06,Canada
7642,Harper,Harris,Male,1991-04-16,France
7643,David,Harris,Female,1980-01-29,Canada
7644,Thomas,Lewis,Female,1997-11-10,Germany
7645,Ava,King,Female,1992-08-29,Singapore
7646,William,Brown,Female,1983-10-24,Australia
7647,Ella,Young,Male,1995-05-19,India
7648,James,Young,Female,1983-07-12,Canada
7649,Olivia,Thomas,Male,1980-04-13,Australia
7650,Amelia,White,Male,1974-03-17,USA
7651,John,Taylor,Male,1974-06-21,UK
7652,John,Young,Male,1974-11-07,USA
7653,Isabella,Brown,Male,1981-01-01,India
7654,Emma,Clark,Male,1963-11-27,Germany
7655,Sophia,Hall,Female,1974-06-01,Germany
7656,Matthew,Young,Male,1976-11-07,Japan
7657,James,Walker,Female,1965-05-30,Germany
7658,Emma,Wilson,Male,1978-02-06,Germany
7659,Michael,Smith,Female,1967-10-06,Brazil
7660,Thomas,Young,Female,1970-01-10,France
7661,Thomas,Anderson,Male,1969-02-11,UK
7662,Amelia,Wilson,Male,1968-06-27,USA
7663,Ella,Hall,Female,2002-08-04,USA
7664,Amelia,King,Female,1968-10-18,Japan
7665,Michael,Martin,Female,1998-12-03,Australia
7666,Isabella,Jackson,Male,1975-12-22,USA
7667,Thomas,Walker,Female,1980-04-08,Singapore
7668,Sophia,Smith,Male,1979-07-01,Canada
7669,Harper,Lee,Male,1983-05-07,Canada
7670,Thomas,Wilson,Female,1997-04-01,Brazil
7671,Isabella,Walker,Female,1999-04-08,Germany
7672,Isabella,Scott,Female,1988-01-03,Germany
7673,Ella,Scott,Female,1960-04-02,Canada
7674,Ella,Clark,Female,1980-06-22,USA
7675,Harper,White,Male,1980-03-13,Germany
7676,Michael,Hall,Female,1972-07-29,UK
7677,John,Jackson,Female,2000-03-29,USA
7678,James,Thomas,Female,1969-01-28,USA
7679,Michael,Lewis,Male,1973-04-16,Germany
7680,Michael,Brown,Male,1965-09-27,Australia
7681,Robert,White,Male,1976-11-18,USA
7682,Emma,Clark,Female,1978-12-19,France
7683,Mia,Smith,Male,2002-08-10,Brazil
7684,David,Wilson,Female,1967-07-08,India
7685,William,Martin,Female,1989-07-08,Germany
7686,Michael,Young,Male,1990-12-23,USA
7687,Mia,King,Female,1988-11-20,USA
7688,Olivia,Walker,Female,2003-07-06,USA
7689,William,Jackson,Female,1984-06-24,USA
7690,William,Clark,Male,1992-10-16,UK
7691,Daniel,Allen,Female,1960-05-12,Singapore
7692,Emily,Harris,Male,1985-03-06,USA
7693,Joseph,Clark,Female,1985-11-16,Australia
7694,Thomas,Jackson,Female,1966-03-26,Germany
7695,Matthew,Scott,Male,1991-11-03,Canada
7696,Mia,Smith,Male,1969-11-03,USA
7697,Emma,Taylor,Male,1968-12-20,Brazil
7698,Harper,Clark,Female,1980-03-16,Japan
7699,Emily,Young,Female,1962-09-15,India
7700,Daniel,Lee,Male,1975-03-15,Canada
7701,David,White,Female,1976-12-31,Japan
7702,David,Lee,Male,1989-08-10,Canada
7703,Emma,Anderson,Female,1992-05-06,UK
7704,Mia,Martin,Male,1982-04-25,Germany
7705,John,Harris,Male,1967-03-29,Singapore
7706,Michael,Taylor,Female,1974-07-09,UK
7707,Isabella,Thomas,Female,1976-04-07,Canada
7708,Michael,Anderson,Female,1965-01-11,India
7709,Harper,Brown,Female,1974-09-23,USA
7710,Daniel,Lewis,Female,1984-08-19,Brazil
7711,Olivia,Martin,Female,1993-06-15,Australia
7712,Ella,Allen,Male,1961-06-17,India
7713,William,Allen,Male,1962-06-29,France
7714,John,Martin,Female,1990-06-26,UK
7715,Ella,Jackson,Female,1974-10-29,UK
7716,David,Allen,Male,1961-09-27,France
7717,Thomas,Martin,Male,1984-11-30,Australia
7718,James,Wilson,Female,1975-01-11,Germany
7719,Harper,Smith,Male,1968-03-08,India
7720,Thomas,Wilson,Female,1973-05-23,Germany
7721,Matthew,Anderson,Female,1997-07-20,France
7722,James,White,Female,1972-12-30,UK
7723,Emily,Smith,Female,1975-09-15,Japan
7724,James,Young,Female,1978-05-03,Singapore
7725,Ava,Anderson,Male,1989-06-29,Germany
7726,Ella,White,Male,1982-10-06,France
7727,Amelia,Lee,Male,1987-03-02,USA
7728,William,Lewis,Female,2001-08-02,Germany
7729,John,Smith,Female,1962-03-28,Canada
7730,Emily,Harris,Female,1992-07-06,Japan
7731,Ava,Jackson,Male,1973-10-17,USA
7732,John,Martin,Female,1964-11-27,USA
7733,Ella,Martin,Male,1999-12-19,Japan
7734,Olivia,Hall,Female,1984-09-16,Singapore
7735,Isabella,Brown,Female,2001-02-27,Canada
7736,William,Allen,Female,1990-08-10,Canada
7737,Olivia,Anderson,Female,1970-05-11,Germany
7738,David,Wilson,Female,1963-01-19,Brazil
7739,Robert,Thomas,Female,1996-12-16,Australia
7740,Isabella,Harris,Male,1992-11-13,Germany
7741,Mia,Taylor,Female,1964-07-25,Canada
7742,James,Thomas,Male,1995-01-21,Japan
7743,Michael,Thomas,Female,1976-07-21,Australia
7744,William,Jackson,Female,1979-03-15,Brazil
7745,Daniel,Brown,Male,1968-06-14,France
7746,William,King,Male,1962-10-25,Canada
7747,Ava,White,Female,1971-01-08,Japan
7748,Matthew,Harris,Male,1990-11-02,USA
7749,Matthew,Allen,Male,1980-11-02,France
7750,William,Lewis,Male,1996-06-03,India
7751,Mia,Clark,Female,1998-05-28,Canada
7752,James,King,Female,1982-05-15,Singapore
7753,Thomas,Taylor,Female,1965-06-25,Singapore
7754,Michael,Wright,Male,1970-11-16,Australia
7755,Emma,Wright,Female,1995-06-02,UK
7756,John,Jackson,Female,1981-08-21,Germany
7757,Daniel,Wright,Male,1980-06-28,Brazil
7758,David,Hall,Male,1994-08-20,Canada
7759,Sophia,King,Female,2001-04-01,France
7760,Daniel,Allen,Male,1984-03-17,Australia
7761,Daniel,Brown,Male,1999-04-06,Japan
7762,Thomas,Brown,Male,1994-05-12,Japan
7763,Harper,Jackson,Male,1999-07-30,UK
7764,Harper,King,Female,2000-07-01,India
7765,James,Allen,Female,1975-09-21,Canada
7766,Emma,White,Female,2002-05-08,UK
7767,Harper,Smith,Male,1961-07-08,Canada
7768,Amelia,Anderson,Male,1976-05-27,Singapore
7769,Matthew,King,Female,1992-10-30,Japan
7770,Sophia,Jackson,Female,1986-06-06,France
7771,Harper,Lewis,Female,1983-04-04,France
7772,Emily,Allen,Female,1966-08-15,UK
7773,Emma,Thomas,Male,1994-07-17,India
7774,Matthew,Wilson,Male,1960-05-28,Brazil
7775,James,Jackson,Male,1988-05-12,Japan
7776,Emily,Wilson,Male,1992-10-16,Japan
7777,Amelia,Young,Female,1962-05-10,Canada
7778,Amelia,Wright,Female,1990-04-15,Germany
7779,John,Jackson,Male,1983-02-20,Germany
7780,David,Lewis,Male,2003-04-03,Japan
7781,Sophia,White,Male,1960-07-02,Canada
7782,Michael,Young,Female,1971-07-25,USA
7783,Emma,Hall,Male,1989-03-08,Australia
7784,Harper,Allen,Female,1974-05-10,USA
7785,Joseph,Lewis,Female,1963-03-06,India
7786,Harper,Wright,Male,1981-01-01,Singapore
7787,Ella,Clark,Female,1969-11-23,Singapore
7788,Matthew,Brown,Female,1966-10-31,Singapore
7789,Thomas,Brown,Female,1972-06-05,India
7790,Thomas,Lewis,Female,1963-09-27,France
7791,Matthew,Lewis,Male,1977-12-12,France
7792,Sophia,Anderson,Male,1984-07-06,UK
7793,Harper,Wright,Male,1975-12-08,Canada
7794,Michael,Anderson,Male,1992-03-01,UK
7795,Joseph,Wright,Female,1997-04-01,Singapore
7796,Emily,Scott,Female,2003-05-17,Canada
7797,Emily,White,Male,1974-05-21,Canada
7798,Sophia,Harris,Male,1968-07-17,UK
7799,Isabella,Taylor,Female,1994-01-29,Canada
7800,John,White,Female,1999-03-30,Australia
7801,David,Lewis,Female,1966-05-10,USA
7802,James,Allen,Male,1977-01-01,Singapore
7803,Thomas,King,Female,1998-02-07,USA
7804,Olivia,Lee,Male,1981-02-11,Brazil
7805,Thomas,Jackson,Female,1997-10-27,Canada
7806,Ava,Anderson,Male,1992-01-19,UK
7807,Robert,Walker,Female,1981-09-19,Japan
7808,John,Scott,Female,1968-01-20,Japan
7809,Thomas,Hall,Female,1998-08-20,India
7810,John,King,Male,1982-09-06,Brazil
7811,Isabella,Lee,Female,1962-05-04,Singapore
7812,Joseph,Allen,Male,1995-06-06,Brazil
7813,Ava,Harris,Female,1963-04-19,Singapore
7814,Isabella,Young,Male,1987-07-23,Germany
7815,Emily,Young,Female,1988-11-27,Singapore
7816,Ella,White,Male,1980-01-14,Brazil
7817,Olivia,Jackson,Female,1995-05-02,Germany
7818,James,Hall,Female,1971-11-30,Canada
7819,Joseph,Thomas,Male,2003-03-31,Brazil
7820,Emma,Taylor,Male,1965-12-22,Brazil
7821,Robert,Jackson,Male,1965-05-14,Germany
7822,Emily,Smith,Male,1990-08-23,UK
7823,Emma,Brown,Female,1971-04-09,Germany
7824,David,Lee,Female,1970-11-23,France
7825,Olivia,Hall,Male,1976-11-09,Brazil
7826,Isabella,King,Female,2003-09-22,Japan
7827,William,Jackson,Male,1999-07-14,Germany
7828,Joseph,Wilson,Male,1980-05-24,France
7829,Ava,White,Female,1978-12-19,USA
7830,Matthew,Scott,Female,1987-09-02,India
7831,John,Scott,Male,1983-05-07,Brazil
7832,John,Smith,Male,1978-07-05,Canada
7833,Ava,Smith,Female,1973-11-05,USA
7834,Daniel,Brown,Female,1989-01-13,India
7835,Michael,Wright,Female,1980-05-23,UK
7836,Amelia,Young,Female,1982-08-01,Canada
7837,Ava,Scott,Female,1966-03-07,Brazil
7838,Harper,Hall,Male,1964-01-14,UK
7839,James,Lee,Female,1975-04-24,Germany
7840,Harper,Scott,Male,2002-10-30,Australia
7841,Emily,Wright,Female,1999-08-09,France
7842,Emily,Anderson,Male,1995-09-03,Japan
7843,David,Clark,Male,1985-01-08,Singapore
7844,David,King,Female,1990-10-29,Canada
7845,Emily,Thomas,Male,1980-06-15,Germany
7846,Emily,Lee,Male,2002-02-11,USA
7847,Thomas,Walker,Female,1961-03-31,Canada
7848,David,King,Female,1970-09-07,Canada
7849,Harper,Wright,Male,1999-02-20,Brazil
7850,John,Walker,Female,1978-10-19,France
7851,William,Martin,Male,1978-11-29,Brazil
7852,Olivia,Anderson,Female,2000-04-04,Singapore
7853,Amelia,Wright,Male,2003-03-30,Germany
7854,Matthew,Lee,Female,1998-09-03,Japan
7855,Olivia,Harris,Male,1982-01-24,USA
7856,Amelia,Allen,Female,1972-01-24,USA
7857,Michael,Walker,Female,1982-10-25,Germany
7858,Michael,Lewis,Female,1980-11-20,Canada
7859,Joseph,Clark,Female,1975-11-25,Singapore
7860,Amelia,King,Female,1987-09-20,USA
7861,Robert,Lewis,Male,1964-07-11,UK
7862,Thomas,Taylor,Female,1973-05-09,UK
7863,Olivia,Clark,Male,1970-03-29,Japan
7864,John,Scott,Male,1970-03-17,USA
7865,Matthew,Hall,Male,1999-07-29,Germany
7866,Robert,Brown,Female,1978-06-05,Canada
7867,Harper,Lee,Male,1996-11-11,Brazil
7868,Joseph,Allen,Male,1986-05-13,UK
7869,Robert,Scott,Male,1988-11-16,Germany
7870,Emily,Scott,Female,1961-07-17,Japan
7871,Emma,Martin,Male,1973-09-03,UK
7872,Emily,King,Female,1992-02-11,France
7873,William,Thomas,Female,1968-02-24,Australia
7874,Harper,Lee,Male,1982-11-30,UK
7875,James,Taylor,Male,1974-02-14,France
7876,John,Smith,Female,1998-06-25,USA
7877,Ella,Wright,Male,1979-11-29,France
7878,Olivia,Smith,Male,1992-10-12,USA
7879,Robert,Walker,Male,1969-05-29,France
7880,William,Wright,Male,1965-07-05,UK
7881,James,Allen,Female,1998-10-03,Singapore
7882,Emma,Wright,Female,1992-11-18,UK
7883,Ella,Thomas,Male,1962-10-20,USA
7884,Amelia,Allen,Male,1989-04-08,France
7885,Joseph,Martin,Female,1961-05-24,Brazil
7886,Robert,Anderson,Female,1977-01-18,France
7887,Robert,Thomas,Male,1985-05-14,Singapore
7888,Olivia,Hall,Male,1983-08-10,Canada
7889,Ella,Brown,Female,2001-09-28,Germany
7890,Emma,Taylor,Male,1972-05-24,UK
7891,Sophia,Lee,Female,1993-07-30,USA
7892,Isabella,Taylor,Male,1965-07-04,Canada
7893,William,Thomas,Male,1996-08-11,Brazil
7894,Ava,Lee,Female,1982-06-27,Japan
7895,Harper,Brown,Male,1989-09-24,USA
7896,Mia,Lewis,Female,1995-06-16,Germany
7897,John,Lewis,Female,1982-09-26,USA
7898,Michael,Anderson,Female,1991-07-06,Canada
7899,James,Allen,Male,1984-09-25,Canada
7900,David,Anderson,Female,1988-08-15,USA
7901,Mia,Anderson,Male,1965-11-29,India
7902,Emma,Anderson,Male,1991-12-07,UK
7903,Isabella,Walker,Female,1996-08-30,Germany
7904,Robert,Lewis,Male,1970-10-05,UK
7905,Thomas,Wright,Male,1968-01-20,Germany
7906,William,Brown,Male,1972-02-09,France
7907,Joseph,Brown,Female,1968-10-17,India
7908,Matthew,White,Male,1986-01-19,Canada
7909,David,Taylor,Male,1965-05-10,Canada
7910,James,Scott,Female,1979-10-09,France
7911,Isabella,Smith,Female,1961-06-28,Singapore
7912,John,White,Female,1969-02-06,UK
7913,Ava,Jackson,Female,1972-09-20,India
7914,Ava,King,Male,1973-04-19,France
7915,Daniel,Hall,Female,2002-09-12,Canada
7916,Thomas,Harris,Male,1982-10-10,Singapore
7917,Harper,White,Male,1989-01-14,USA
7918,Mia,Wilson,Male,1966-08-29,Australia
7919,Amelia,Brown,Female,1998-03-23,France
7920,William,Walker,Male,1981-01-23,Australia
7921,Robert,Scott,Male,1990-10-30,France
7922,Olivia,Allen,Female,1984-08-29,Singapore
7923,Daniel,Clark,Female,1966-12-19,Japan
7924,Ava,Harris,Male,1971-01-18,USA
7925,Joseph,Wilson,Male,1993-07-26,France
7926,Emily,Taylor,Male,1992-09-14,France
7927,Harper,Jackson,Female,1973-09-10,Canada
7928,David,Martin,Male,1979-11-26,France
7929,Michael,Wilson,Female,1983-09-15,Japan
7930,Isabella,Lewis,Female,1972-11-10,Singapore
7931,David,Jackson,Male,1982-06-14,Japan
7932,James,Wright,Female,1986-02-01,UK
7933,Matthew,Thomas,Male,1991-08-28,Canada
7934,William,Smith,Female,1977-03-23,Japan
7935,James,Anderson,Male,1992-06-28,Germany
7936,Emily,Thomas,Male,1984-08-02,USA
7937,Robert,Scott,Female,1996-11-23,UK
7938,Emily,Harris,Female,1985-06-04,Canada
7939,Ella,Smith,Male,1963-03-12,France
7940,Emma,Scott,Male,1967-04-13,Japan
7941,Olivia,Young,Male,1992-03-13,India
7942,David,Clark,Male,1998-03-08,UK
7943,Daniel,Lewis,Female,1981-08-19,India
7944,Emily,Allen,Male,1997-08-26,Japan
7945,Thomas,Walker,Male,1991-03-03,UK
7946,Michael,Anderson,Female,1999-02-15,Singapore
7947,Robert,Hall,Male,1976-11-17,Canada
7948,David,Wilson,Female,1977-03-18,Germany
7949,James,Brown,Female,1984-02-10,USA
7950,Amelia,Brown,Male,1998-08-28,France
7951,Ella,Harris,Female,1975-12-03,Japan
7952,Olivia,Martin,Male,1978-05-16,USA
7953,Robert,White,Male,1994-10-28,UK
7954,Olivia,Hall,Female,1960-08-13,India
7955,William,Allen,Female,2000-08-01,France
7956,Ava,Anderson,Female,1972-05-04,Canada
7957,Isabella,Brown,Male,1975-09-21,Singapore
7958,Amelia,Walker,Male,1997-04-22,Canada
7959,Thomas,Lee,Male,1986-02-24,India
7960,Ava,Allen,Female,1995-08-30,Japan
7961,Ella,Jackson,Female,1977-04-25,Brazil
7962,Daniel,Wilson,Female,1994-03-26,Germany
7963,Robert,Allen,Male,1968-06-14,UK
7964,Ava,Walker,Female,1983-10-02,Singapore
7965,David,Smith,Female,1977-12-04,Singapore
7966,William,Harris,Female,1994-12-22,Japan
7967,William,Lewis,Male,1979-08-17,UK
7968,Mia,Smith,Male,1997-09-10,India
7969,Ava,Lee,Male,1969-01-27,France
7970,Sophia,Martin,Female,1988-09-05,Canada
7971,William,Young,Female,1980-07-12,Canada
7972,David,Allen,Male,1961-06-17,Japan
7973,Isabella,Thomas,Male,1973-05-17,Singapore
7974,Emily,Hall,Male,1989-02-21,Japan
7975,Isabella,Martin,Male,1999-01-18,USA
7976,Thomas,Allen,Female,1980-05-22,Canada
7977,Sophia,Anderson,Male,1998-12-21,Singapore
7978,John,Wright,Female,1964-08-17,Brazil
7979,Mia,Smith,Female,1967-08-13,Brazil
7980,Robert,Allen,Male,1962-10-19,Brazil
7981,Daniel,King,Male,1996-01-04,India
7982,Ava,Wilson,Female,1986-04-06,Germany
7983,Thomas,Brown,Female,1963-03-21,Brazil
7984,Sophia,Wilson,Male,1991-08-27,USA
7985,Joseph,Thomas,Female,1969-02-14,Australia
7986,Olivia,Anderson,Male,1961-06-13,Brazil
7987,Ella,Wilson,Female,1976-12-31,Canada
7988,William,Anderson,Male,1989-08-31,USA
7989,John,Lee,Female,1967-06-30,Australia
7990,Matthew,King,Female,1990-01-16,Germany
7991,Ava,Scott,Female,1985-08-26,Australia
7992,Daniel,Anderson,Male,1991-03-07,Australia
7993,Olivia,White,Female,1992-07-14,UK
7994,Isabella,Walker,Male,1983-03-06,UK
7995,Ava,Young,Male,1963-05-15,Australia
7996,Emma,Martin,Male,1962-06-22,UK
7997,David,Harris,Female,1964-05-24,Australia
7998,James,Taylor,Female,1996-10-05,Canada
7999,Isabella,Martin,Female,2003-04-06,Germany
8000,Amelia,Jackson,Male,1982-03-31,Germany
8001,Daniel,Lewis,Male,1988-12-28,Japan
8002,Sophia,Brown,Female,1979-02-17,France
8003,Emma,Scott,Female,1990-11-24,Australia
8004,Olivia,Walker,Female,1961-10-18,Australia
8005,Daniel,Harris,Male,1967-01-07,France
8006,Daniel,King,Male,1965-11-03,India
8007,Amelia,Hall,Male,1991-10-05,Australia
8008,David,Smith,Male,1996-11-17,Japan
8009,William,Wright,Female,1982-10-11,Australia
8010,Emma,Brown,Female,1969-07-18,Japan
8011,Mia,Taylor,Male,1986-11-12,France
8012,Sophia,Scott,Male,1997-03-22,USA
8013,Amelia,Clark,Male,1976-04-29,India
8014,Mia,Lee,Female,1993-09-30,USA
8015,Amelia,White,Male,1987-06-19,Germany
8016,Ella,Jackson,Female,1963-10-13,UK
8017,Isabella,Lewis,Male,1965-04-02,Singapore
8018,Sophia,Young,Female,1996-04-21,Australia
8019,Ella,Wright,Male,1999-10-16,Canada
8020,Ava,King,Female,1972-09-04,Singapore
8021,Sophia,Martin,Male,2003-09-24,Japan
8022,James,White,Female,1982-04-01,USA
8023,Ella,Wilson,Female,2002-09-21,Japan
8024,Daniel,Jackson,Female,1971-01-13,UK
8025,David,Jackson,Male,1980-11-14,Germany
8026,Michael,White,Male,1968-03-11,UK
8027,Isabella,Harris,Female,1988-01-16,UK
8028,Emma,Taylor,Male,2000-03-31,USA
8029,Amelia,Martin,Male,1972-10-14,Germany
8030,Ava,White,Female,1982-08-23,UK
8031,John,Hall,Male,2000-02-09,Canada
8032,Matthew,Allen,Female,1985-10-22,Brazil
8033,Robert,Hall,Male,1988-11-30,Japan
8034,Isabella,Walker,Female,1960-10-25,Japan
8035,Matthew,Clark,Female,1973-01-26,Canada
8036,Isabella,Allen,Male,1978-08-21,Canada
8037,Olivia,Lee,Female,1971-03-29,Brazil
8038,Joseph,Smith,Female,1980-02-19,UK
8039,Isabella,Jackson,Female,1987-11-02,Australia
8040,Sophia,White,Male,1976-02-27,Australia
8041,Sophia,Wright,Male,1993-01-23,USA
8042,Robert,Walker,Female,1961-01-15,Brazil
8043,Joseph,Lewis,Male,1980-06-15,USA
8044,William,Hall,Male,1982-02-06,India
8045,Emma,Allen,Female,1996-12-08,Australia
8046,James,Walker,Female,1972-07-14,USA
8047,Mia,Young,Female,1981-02-07,Japan
8048,Emily,Brown,Female,1965-08-16,France
8049,James,Martin,Female,1975-08-02,India
8050,Emily,Lewis,Female,1962-12-14,Singapore
8051,Robert,Allen,Female,1966-10-25,Canada
8052,Thomas,King,Female,2001-12-09,Singapore
8053,David,White,Male,1966-06-02,USA
8054,John,Martin,Female,1967-01-25,India
8055,Ella,Clark,Female,1988-07-03,USA
8056,Harper,Wilson,Male,1997-01-15,USA
8057,Emma,King,Male,1999-09-18,Singapore
8058,Robert,Lewis,Female,1985-12-14,Japan
8059,Sophia,Harris,Female,1985-06-07,UK
8060,Isabella,Martin,Female,2000-02-01,France
8061,Ava,Wright,Male,1998-02-10,Germany
8062,Thomas,Smith,Male,1978-05-26,Singapore
8063,Mia,Young,Female,1990-06-23,Singapore
8064,Daniel,Taylor,Male,1982-06-24,Brazil
8065,Emily,Allen,Female,1982-07-07,Australia
8066,John,Jackson,Male,1989-01-19,Australia
8067,Robert,King,Female,1999-02-20,UK
8068,Sophia,Clark,Female,1980-05-30,Canada
8069,Robert,Taylor,Male,1988-08-15,UK
8070,Amelia,Clark,Male,1989-01-24,Brazil
8071,William,Harris,Female,1975-02-06,India
8072,Daniel,Walker,Male,1974-10-03,Australia
8073,John,Young,Female,1969-11-27,France
8074,William,Wright,Male,1975-10-12,Brazil
8075,James,King,Male,1999-08-11,Australia
8076,Harper,Jackson,Female,1968-11-11,USA
8077,Olivia,Smith,Female,1973-08-31,Germany
8078,Harper,Martin,Female,1978-09-21,France
8079,Amelia,Taylor,Female,1976-05-14,France
8080,Mia,Harris,Male,1979-07-09,Brazil
8081,William,Wilson,Female,2003-08-22,Singapore
8082,Emily,Martin,Female,1999-07-24,India
8083,Ella,King,Female,1992-01-03,Japan
8084,Ava,Walker,Female,1981-11-12,UK
8085,John,Scott,Female,1986-07-07,Singapore
8086,Emma,Harris,Female,1972-09-05,Canada
8087,Emily,Wilson,Female,1997-05-27,Brazil
8088,Mia,Lewis,Male,1976-05-29,India
8089,Olivia,King,Female,1999-06-17,UK
8090,Sophia,Wright,Female,1973-07-27,France
8091,Emily,Walker,Male,2000-10-03,India
8092,Ava,Brown,Female,1993-03-21,India
8093,Isabella,Lee,Female,1990-08-19,Germany
8094,William,Smith,Male,1997-06-21,USA
8095,Ella,Thomas,Male,2003-05-01,Singapore
8096,Ella,White,Female,1977-06-24,USA
8097,Mia,Wright,Male,1968-04-30,Australia
8098,David,Lee,Female,1974-07-01,UK
8099,Ella,Clark,Male,1990-06-04,Brazil
8100,William,King,Female,2003-07-07,USA
8101,Harper,Martin,Male,1988-05-31,Singapore
8102,Mia,Wright,Male,1995-04-18,France
8103,Isabella,Hall,Male,1978-07-11,Australia
8104,Michael,Clark,Male,1994-11-08,USA
8105,Emily,Brown,Female,1964-09-15,Japan
8106,Matthew,Lewis,Female,1977-09-20,Germany
8107,Harper,Wright,Female,1963-09-29,Canada
8108,Harper,Scott,Male,1971-02-13,UK
8109,Isabella,Anderson,Male,1999-01-05,Singapore
8110,Harper,Young,Male,1978-03-22,Singapore
8111,William,King,Male,1999-01-06,Singapore
8112,Harper,White,Male,1987-02-28,Germany
8113,Harper,Jackson,Female,2003-07-13,Australia
8114,William,King,Female,1981-05-22,Australia
8115,Michael,Walker,Female,1975-03-24,India
8116,Isabella,Wright,Male,2000-08-14,India
8117,Isabella,Hall,Male,1995-03-21,Germany
8118,John,Harris,Female,1962-06-02,UK
8119,John,Hall,Male,1996-10-21,Singapore
8120,John,Lewis,Male,1994-10-20,Japan
8121,John,Taylor,Male,1979-03-21,Germany
8122,Sophia,Scott,Male,1984-06-12,Germany
8123,Ella,Clark,Male,1967-10-02,India
8124,Joseph,Brown,Female,1980-04-16,Australia
8125,John,Allen,Male,1997-06-13,Brazil
8126,Mia,Wright,Male,1988-10-01,Brazil
8127,Robert,Lewis,Female,1982-06-07,USA
8128,Matthew,Wright,Female,1972-10-10,France
8129,Michael,Wright,Male,1972-02-26,Brazil
8130,Isabella,Harris,Male,1960-05-11,USA
8131,Joseph,Thomas,Male,1972-10-14,France
8132,Matthew,Scott,Male,1976-08-04,Japan
8133,Michael,Thomas,Female,1973-10-02,Japan
8134,Mia,Anderson,Female,1994-11-29,France
8135,Daniel,Thomas,Male,1977-01-06,Singapore
8136,Isabella,Brown,Male,1990-02-17,Germany
8137,Matthew,Clark,Female,1985-02-12,Canada
8138,Sophia,Lee,Male,1985-07-02,Germany
8139,Ava,Harris,Female,1963-06-16,Japan
8140,Emily,Wright,Male,1990-12-17,India
8141,Joseph,Hall,Female,2002-08-10,Japan
8142,James,Smith,Male,1992-11-02,UK
8143,Emma,Allen,Female,1964-12-24,Australia
8144,Sophia,Walker,Male,1995-02-10,Brazil
8145,Olivia,Hall,Male,1988-08-04,UK
8146,Olivia,Hall,Female,1966-05-23,Japan
8147,Amelia,Scott,Female,1991-09-05,USA
8148,Emily,King,Male,1992-05-20,Brazil
8149,David,Smith,Male,1995-12-13,France
8150,Isabella,Anderson,Female,2002-09-24,Brazil
8151,Thomas,Wright,Female,1969-06-12,USA
8152,Mia,Scott,Male,2001-07-28,Germany
8153,Mia,Young,Male,1995-05-11,Australia
8154,Thomas,Smith,Female,1974-12-18,France
8155,Daniel,Lee,Male,1982-02-23,Germany
8156,Joseph,Harris,Female,1964-04-05,Singapore
8157,Daniel,Hall,Female,1978-10-23,Australia
8158,Michael,Lewis,Female,1989-07-24,Germany
8159,James,Scott,Male,1990-11-01,France
8160,Michael,Jackson,Female,1987-12-29,Japan
8161,Ava,King,Male,1961-02-28,USA
8162,Sophia,Young,Female,1996-05-29,Germany
8163,David,Hall,Male,1993-05-31,Japan
8164,Harper,Jackson,Male,1972-10-28,Germany
8165,James,White,Male,2003-07-02,Germany
8166,Mia,Lewis,Male,1996-01-16,Brazil
8167,Isabella,Anderson,Male,2003-06-30,India
8168,Robert,Lee,Male,1973-08-01,Singapore
8169,Thomas,Walker,Female,1992-05-24,Singapore
8170,Robert,Thomas,Male,1977-07-25,India
8171,Thomas,Young,Female,1981-08-16,India
8172,Thomas,Clark,Male,1992-05-18,Brazil
8173,Emma,Wilson,Female,1986-03-06,USA
8174,David,Thomas,Female,1991-04-26,USA
8175,Emma,Jackson,Male,1981-01-02,Brazil
8176,Harper,Young,Male,1987-03-27,Brazil
8177,Matthew,King,Male,1993-09-19,Australia
8178,Harper,Wright,Female,1984-07-18,Brazil
8179,Ava,Thomas,Male,2003-08-20,UK
8180,Robert,Martin,Male,1961-03-12,India
8181,Emma,Wilson,Female,1979-08-25,Singapore
8182,Ella,Hall,Female,1983-07-31,Singapore
8183,Joseph,Wright,Female,1986-03-01,Canada
8184,Daniel,Jackson,Female,1995-03-01,UK
8185,Amelia,Smith,Male,1968-07-08,Brazil
8186,Matthew,King,Female,1997-03-11,Germany
8187,Michael,Hall,Female,1995-05-23,USA
8188,John,Scott,Male,1980-11-01,UK
8189,Robert,Scott,Male,1994-07-09,Brazil
8190,Ava,White,Female,1973-06-21,Japan
8191,Ella,Jackson,Male,2003-08-12,France
8192,John,Brown,Female,1977-12-22,Japan
8193,James,Lee,Male,1982-04-24,Brazil
8194,Emma,Allen,Female,1981-12-05,Germany
8195,Sophia,Anderson,Female,1998-07-12,France
8196,Ella,Young,Male,1973-03-30,Canada
8197,Thomas,Anderson,Female,1994-10-12,India
8198,Robert,Scott,Female,1987-10-22,France
8199,James,White,Male,1975-10-27,Singapore
8200,Daniel,King,Male,1960-12-07,UK
8201,Amelia,Lee,Male,1980-02-23,Canada
8202,James,Jackson,Male,1983-12-27,France
8203,David,Martin,Female,1960-06-14,Brazil
8204,Emma,Hall,Male,1991-12-22,Singapore
8205,Amelia,Clark,Male,1986-07-04,UK
8206,Isabella,Hall,Male,2002-07-15,Singapore
8207,Daniel,Martin,Male,1986-11-03,India
8208,Ella,Brown,Male,1977-06-21,India
8209,Sophia,Scott,Male,1965-07-28,Canada
8210,Sophia,Lewis,Male,1977-07-26,Brazil
8211,Mia,Allen,Female,1966-02-19,UK
8212,Sophia,Young,Male,1963-12-03,Singapore
8213,Harper,White,Male,2002-07-09,Australia
8214,Mia,Scott,Female,1986-08-05,Germany
8215,Emma,Young,Female,1963-02-26,UK
8216,Olivia,Wright,Female,1966-07-14,Singapore
8217,Harper,Allen,Male,2001-01-07,India
8218,Ava,Brown,Male,1979-11-21,India
8219,James,King,Male,1983-12-08,USA
8220,Ella,Walker,Male,1975-04-25,Canada
8221,John,Walker,Female,1992-12-29,UK
8222,Mia,Lee,Female,1964-06-24,Brazil
8223,Emma,King,Male,1985-01-03,Canada
8224,John,Allen,Male,1979-08-11,Brazil
8225,Amelia,Taylor,Male,1972-11-03,Japan
8226,Robert,Brown,Female,1981-10-07,Canada
8227,Amelia,Wilson,Male,1969-03-08,Japan
8228,John,Smith,Female,1993-09-27,Japan
8229,Isabella,Anderson,Male,1972-12-08,Singapore
8230,Thomas,Walker,Female,1977-02-20,Japan
8231,William,Harris,Male,1972-04-20,India
8232,Amelia,Anderson,Female,2000-08-03,UK
8233,William,Jackson,Female,1960-05-05,Germany
8234,Robert,Wilson,Male,1960-11-04,Brazil
8235,John,Hall,Female,1983-11-28,France
8236,David,Taylor,Male,2003-06-07,India
8237,Olivia,White,Male,2001-06-24,Brazil
8238,Daniel,Scott,Male,1982-09-11,Australia
8239,Sophia,Thomas,Male,1965-08-07,Singapore
8240,Amelia,Lee,Female,1965-02-28,Australia
8241,Mia,Taylor,Male,1987-01-30,USA
8242,James,Walker,Male,1987-06-24,Japan
8243,Ava,Jackson,Female,1970-08-09,USA
8244,Sophia,Young,Male,1977-11-23,France
8245,John,Martin,Female,1969-03-28,UK
8246,Daniel,Jackson,Female,1965-10-12,France
8247,Harper,Hall,Male,1962-12-03,Australia
8248,William,Clark,Male,1974-07-29,France
8249,William,Allen,Male,1973-04-19,USA
8250,Emma,Clark,Female,1966-09-05,Brazil
8251,Emily,Allen,Female,1974-01-20,Germany
8252,Sophia,Wright,Male,1968-02-09,Singapore
8253,Mia,Brown,Male,1983-02-18,Brazil
8254,Matthew,Scott,Female,1971-12-29,USA
8255,Thomas,Hall,Male,1960-08-06,India
8256,Ella,Smith,Male,1963-05-10,India
8257,Ava,Taylor,Female,1991-07-05,UK
8258,Robert,Clark,Female,1965-02-13,India
8259,Isabella,Thomas,Female,1982-06-18,India
8260,Isabella,King,Female,1964-01-17,Australia
8261,John,Walker,Female,1993-01-06,Canada
8262,John,Wright,Male,1963-12-20,USA
8263,John,Young,Male,1993-08-30,Japan
8264,Emily,Jackson,Male,1999-03-31,Germany
8265,Olivia,Smith,Male,1985-06-30,Australia
8266,Sophia,Thomas,Female,1989-02-13,Japan
8267,Michael,Hall,Male,1972-08-28,USA
8268,Harper,Smith,Female,2000-12-15,Australia
8269,Ava,Scott,Female,1986-11-03,Singapore
8270,Daniel,Lewis,Male,1985-05-07,Germany
8271,Isabella,Brown,Male,1974-12-18,Australia
8272,Ava,Thomas,Female,1977-12-09,Singapore
8273,Mia,Walker,Female,1973-12-01,Canada
8274,Ava,Jackson,Female,1979-01-18,India
8275,Isabella,Scott,Male,1966-09-13,India
8276,Harper,Wilson,Female,1989-03-30,Brazil
8277,Thomas,Wright,Female,1980-11-24,Japan
8278,Harper,Hall,Female,1970-10-27,India
8279,Daniel,White,Male,1978-10-31,Japan
8280,Harper,Scott,Male,1990-09-18,Japan
8281,Joseph,Allen,Female,1999-08-16,Japan
8282,Amelia,Wright,Female,1974-05-21,USA
8283,Michael,Wright,Male,1977-03-08,Singapore
8284,Amelia,Scott,Female,1973-07-08,Brazil
8285,Matthew,Taylor,Male,1979-04-15,UK
8286,Emily,Martin,Male,1976-03-22,Germany
8287,William,Scott,Female,1986-06-29,France
8288,Mia,Clark,Male,1965-12-31,Japan
8289,Matthew,Thomas,Female,1978-02-26,UK
8290,Thomas,Young,Female,1980-03-04,France
8291,Michael,Brown,Female,1974-01-01,Australia
8292,James,Jackson,Female,1968-02-13,France
8293,Amelia,Smith,Male,1974-04-28,Brazil
8294,Ava,White,Male,1992-05-05,UK
8295,Ella,Wright,Male,1988-12-14,Australia
8296,Daniel,Taylor,Male,2000-12-06,Canada
8297,James,Taylor,Female,1969-07-31,Brazil
8298,Harper,Wilson,Female,2003-08-09,Brazil
8299,Ella,Martin,Female,1967-07-22,USA
8300,William,Brown,Male,1970-04-15,Canada
8301,Joseph,Jackson,Female,1971-06-12,Germany
8302,David,Scott,Female,1992-09-01,Germany
8303,Sophia,Martin,Male,1968-02-17,Japan
8304,Ella,Clark,Female,1996-08-13,Brazil
8305,John,Taylor,Male,1981-07-22,Singapore
8306,Daniel,Allen,Female,1994-02-04,Japan
8307,Ella,Martin,Female,1988-06-01,Germany
8308,John,Walker,Female,1998-02-17,Canada
8309,Ava,Lewis,Female,1992-07-06,USA
8310,David,Wright,Male,1985-03-07,Canada
8311,Thomas,Scott,Female,1969-05-14,Japan
8312,Ava,Harris,Male,1989-10-04,Germany
8313,Olivia,Anderson,Female,1998-03-08,France
8314,Isabella,Scott,Female,1976-10-13,Canada
8315,William,Walker,Male,1991-08-31,Australia
8316,James,Lewis,Female,1973-03-09,France
8317,Amelia,Walker,Female,1962-04-22,France
8318,Emily,King,Male,1996-03-08,Singapore
8319,Emily,Scott,Male,1993-09-16,UK
8320,Matthew,Martin,Male,2002-06-15,Australia
8321,Robert,Lee,Female,1994-06-08,Brazil
8322,Michael,Taylor,Male,1990-07-05,Japan
8323,David,Hall,Male,1991-11-20,Australia
8324,Daniel,White,Male,1979-01-19,UK
8325,Emma,Thomas,Female,1993-12-14,Australia
8326,Emily,Taylor,Male,2003-07-16,Australia
8327,Daniel,Walker,Female,1980-06-09,USA
8328,Ella,Wilson,Female,1978-06-04,Australia
8329,Robert,Clark,Male,1977-10-28,France
8330,David,Brown,Male,1976-04-12,USA
8331,Amelia,Jackson,Female,1995-02-22,Canada
8332,Mia,Lee,Male,1964-04-06,Brazil
8333,Joseph,White,Female,1988-10-31,Singapore
8334,Emily,Clark,Male,2000-03-10,Japan
8335,Robert,Walker,Female,1994-02-08,France
8336,Mia,King,Male,1986-08-09,UK
8337,Amelia,King,Male,1996-03-23,Canada
8338,Olivia,Smith,Female,1990-01-01,India
8339,Thomas,Wilson,Female,1980-12-30,Brazil
8340,Daniel,Walker,Male,1966-09-19,India
8341,Daniel,Lee,Female,1968-04-15,Brazil
8342,Joseph,Jackson,Female,1988-08-07,Japan
8343,William,Clark,Female,1994-10-29,UK
8344,Robert,Young,Male,1992-06-09,UK
8345,Amelia,Thomas,Male,1985-03-22,Germany
8346,Daniel,Taylor,Female,1961-12-22,France
8347,David,Smith,Female,1994-09-21,UK
8348,Isabella,Taylor,Female,1967-05-24,USA
8349,Harper,Allen,Male,1983-05-20,Singapore
8350,Mia,Thomas,Female,1980-12-12,UK
8351,Emma,Lee,Female,1988-07-29,Brazil
8352,Ava,Lee,Male,1968-05-30,France
8353,Matthew,Wright,Female,1964-12-24,USA
8354,David,Wright,Male,1962-08-25,Australia
8355,David,Clark,Female,1967-11-08,Canada
8356,John,Young,Female,1979-08-28,India
8357,Matthew,Harris,Male,1974-01-31,Australia
8358,Olivia,Lee,Male,1964-01-06,UK
8359,Isabella,Young,Male,1970-10-26,Brazil
8360,Amelia,Hall,Female,1977-07-15,Brazil
8361,Mia,White,Female,2001-03-26,UK
8362,Isabella,Smith,Female,1988-11-03,France
8363,Joseph,Lee,Male,1975-10-30,Australia
8364,Isabella,Wilson,Male,1999-08-29,Singapore
8365,Joseph,Wilson,Female,1991-03-27,Singapore
8366,James,Anderson,Male,1979-08-22,Brazil
8367,Sophia,White,Male,1995-03-08,Canada
8368,Sophia,Walker,Male,1980-07-25,UK
8369,Emma,Brown,Male,1970-09-01,Singapore
8370,Matthew,Brown,Female,1992-09-08,UK
8371,Thomas,Martin,Female,2000-06-30,UK
8372,John,Young,Male,1960-08-28,Japan
8373,David,Harris,Male,2002-09-08,Germany
8374,Olivia,Brown,Male,1985-05-10,India
8375,Harper,Hall,Male,1995-10-23,Japan
8376,Matthew,Clark,Female,1991-09-04,Australia
8377,Mia,Lewis,Male,1992-03-19,Japan
8378,William,Walker,Male,1969-02-03,Germany
8379,Emily,Smith,Female,1987-07-03,USA
8380,Emma,Smith,Male,1973-09-06,Japan
8381,Matthew,Wright,Female,1993-09-25,Australia
8382,Sophia,Anderson,Male,1979-08-02,India
8383,Emma,Scott,Male,1960-10-08,India
8384,Harper,Walker,Female,1966-07-03,USA
8385,David,Wright,Female,2002-07-12,Canada
8386,Sophia,Taylor,Male,1963-01-16,Singapore
8387,Mia,Hall,Male,2002-04-04,Germany
8388,Harper,Scott,Male,1973-05-07,Japan
8389,Mia,Taylor,Male,1998-03-20,Germany
8390,Ava,Clark,Male,1997-07-08,USA
8391,Sophia,Allen,Male,1969-01-17,USA
8392,Olivia,Wright,Female,1996-03-12,UK
8393,Mia,Hall,Male,1994-09-16,Singapore
8394,Mia,Lee,Female,1977-12-08,USA
8395,Joseph,White,Female,1982-10-11,Japan
8396,David,White,Female,1978-10-27,Singapore
8397,Isabella,White,Male,1995-09-07,Brazil
8398,Amelia,Wright,Male,1968-06-19,Germany
8399,Matthew,Hall,Female,1992-05-19,UK
8400,John,Smith,Male,1977-01-30,France
8401,Harper,Scott,Female,1981-05-06,Australia
8402,Harper,Lewis,Male,1969-06-25,Canada
8403,Olivia,Scott,Male,1984-09-15,USA
8404,Ella,Allen,Female,1960-08-28,USA
8405,Amelia,Anderson,Male,1962-02-01,Singapore
8406,Mia,Taylor,Female,1961-11-04,Germany
8407,Emma,Lee,Male,1990-08-15,Canada
8408,Matthew,Young,Female,1979-02-28,Australia
8409,John,Young,Female,2000-10-22,Canada
8410,Thomas,Young,Male,1988-03-26,France
8411,William,Anderson,Female,1965-03-23,Germany
8412,David,King,Male,1970-02-23,Australia
8413,Sophia,Anderson,Female,1975-08-27,UK
8414,Isabella,Wilson,Male,1963-05-12,Singapore
8415,Thomas,Taylor,Female,1990-05-28,Brazil
8416,Ella,Martin,Male,1977-12-25,France
8417,Ava,Jackson,Male,1976-01-21,UK
8418,Joseph,Jackson,Male,1998-01-06,Brazil
8419,Olivia,White,Female,1960-11-05,USA
8420,Daniel,Harris,Female,1990-08-02,UK
8421,David,Thomas,Female,1971-10-14,India
8422,Matthew,King,Male,1970-04-22,Canada
8423,Ava,Walker,Male,1994-12-15,UK
8424,Olivia,Wright,Male,1999-08-09,Singapore
8425,Amelia,Allen,Male,1992-08-07,UK
8426,Harper,Taylor,Male,1979-06-12,Germany
8427,Joseph,Hall,Female,1998-06-01,Canada
8428,Sophia,Wilson,Male,1983-09-22,Australia
8429,Matthew,Anderson,Female,1977-01-13,USA
8430,Thomas,Scott,Male,2000-02-25,USA
8431,John,Walker,Male,1979-06-30,Brazil
8432,Emma,Hall,Male,1992-02-14,Australia
8433,Ella,King,Female,1964-05-18,Singapore
8434,Sophia,Thomas,Female,1971-11-04,Brazil
8435,Michael,Hall,Female,1966-01-06,Singapore
8436,David,White,Female,1977-06-11,Japan
8437,David,Walker,Male,2001-10-06,Canada
8438,Robert,Wilson,Male,1991-07-04,Germany
8439,Ava,Martin,Male,1968-03-17,Brazil
8440,William,Taylor,Female,1997-02-23,UK
8441,William,Jackson,Male,2000-07-14,Canada
8442,Isabella,King,Male,1967-08-27,Brazil
8443,John,Taylor,Male,1998-11-16,Canada
8444,Emma,Anderson,Male,1987-09-20,USA
8445,Joseph,King,Female,1966-08-02,Singapore
8446,Michael,Harris,Female,1964-08-22,USA
8447,Daniel,Lee,Male,2000-12-13,India
8448,Daniel,Allen,Female,1977-08-08,Japan
8449,Thomas,Young,Male,2001-12-13,Germany
8450,Joseph,Taylor,Female,1972-05-07,UK
8451,James,Wilson,Female,1999-10-26,Singapore
8452,Ella,Smith,Male,1979-11-27,Brazil
8453,Joseph,Allen,Female,1995-05-01,USA
8454,Joseph,Lewis,Female,1962-08-07,India
8455,Olivia,Lee,Female,1961-09-13,Singapore
8456,Daniel,White,Female,1980-04-11,Brazil
8457,Mia,Young,Male,1986-12-09,Germany
8458,Ella,King,Male,1972-04-09,Singapore
8459,Thomas,King,Male,1984-10-16,USA
8460,David,Walker,Male,1979-06-21,Canada
8461,Matthew,Wilson,Male,1969-09-14,Singapore
8462,Michael,Clark,Female,1969-12-03,India
8463,Emily,Harris,Female,2000-06-01,Canada
8464,Joseph,Hall,Male,1981-12-24,Brazil
8465,Ava,Harris,Male,1973-01-13,Japan
8466,Michael,Scott,Male,1982-06-21,Singapore
8467,William,Jackson,Male,1978-07-26,Australia
8468,Emily,Anderson,Male,1971-07-05,Brazil
8469,James,Young,Male,1966-11-08,Canada
8470,Emma,Taylor,Female,1994-07-29,Japan
8471,Thomas,Lee,Female,1994-04-07,Singapore
8472,Matthew,Wright,Female,1992-08-07,Australia
8473,Emily,Jackson,Male,1979-02-05,France
8474,Mia,Scott,Female,1961-08-28,Brazil
8475,David,Martin,Male,1984-02-01,France
8476,Robert,Taylor,Female,1969-02-06,Australia
8477,Ella,Lewis,Male,1991-05-30,Germany
8478,Thomas,Allen,Female,1967-11-19,Singapore
8479,Michael,Martin,Male,1962-07-08,India
8480,Thomas,King,Female,1984-05-30,Singapore
8481,Olivia,Walker,Female,1970-04-30,Singapore
8482,Mia,Smith,Female,1992-08-02,Australia
8483,Amelia,King,Male,1962-06-30,USA
8484,Emma,Hall,Male,1960-10-26,Brazil
8485,Joseph,King,Female,1985-05-06,Australia
8486,James,Wilson,Female,1988-03-30,Germany
8487,Olivia,Smith,Female,1990-12-20,Japan
8488,Robert,Taylor,Male,1973-01-13,USA
8489,Ava,Thomas,Female,1976-09-16,Singapore
8490,John,White,Male,1996-02-16,Canada
8491,John,Brown,Male,1978-09-27,Australia
8492,Emily,King,Male,1993-03-29,USA
8493,Emily,Anderson,Male,1992-01-14,UK
8494,Thomas,Jackson,Female,1967-11-30,Brazil
8495,James,Smith,Male,1980-12-16,Singapore
8496,Olivia,Harris,Female,1988-09-05,Canada
8497,Isabella,Allen,Male,1975-10-15,Australia
8498,Harper,Lewis,Male,1982-03-23,Brazil
8499,Ella,Anderson,Female,1977-01-14,Brazil
8500,Olivia,Lewis,Male,1978-04-17,Germany
8501,Olivia,Wright,Male,1963-06-11,India
8502,Michael,Lee,Male,1965-04-02,Canada
8503,Emma,Allen,Female,1960-02-23,Brazil
8504,Emily,Harris,Male,1973-10-09,Singapore
8505,Joseph,Young,Female,1997-04-17,UK
8506,Emma,Lee,Female,1960-01-27,Brazil
8507,Robert,Martin,Female,1997-05-16,Germany
8508,Thomas,Scott,Male,1985-10-26,India
8509,David,Smith,Male,1998-10-25,Japan
8510,Matthew,Thomas,Male,1965-04-17,India
8511,Olivia,Wilson,Male,1985-07-04,Canada
8512,Daniel,Young,Female,2001-01-31,Brazil
8513,Emily,Wilson,Female,1965-12-31,Japan
8514,Isabella,White,Male,1984-02-06,UK
8515,Ava,Wright,Male,1966-01-10,Brazil
8516,John,Wilson,Male,1994-01-20,India
8517,Joseph,White,Female,1992-07-18,Australia
8518,Matthew,Brown,Male,1965-09-21,Australia
8519,Harper,Lewis,Male,1968-09-28,Singapore
8520,Mia,King,Female,1995-07-08,Singapore
8521,Sophia,Martin,Male,1969-01-20,USA
8522,Olivia,Wilson,Male,1984-08-22,Singapore
8523,Mia,Allen,Female,1995-08-27,India
8524,Matthew,Walker,Female,1986-09-07,France
8525,Emily,Taylor,Male,1976-12-30,USA
8526,Matthew,Taylor,Female,2001-08-14,USA
8527,Harper,White,Male,1963-11-20,Brazil
8528,Harper,White,Female,1980-09-25,France
8529,Ava,Young,Female,1989-05-07,India
8530,Emma,Lewis,Female,1997-09-29,France
8531,Daniel,Allen,Female,1995-01-01,Australia
8532,Isabella,Scott,Male,1995-01-06,Germany
8533,Robert,Martin,Female,1960-03-10,Canada
8534,Amelia,Smith,Male,1966-06-30,India
8535,Robert,Jackson,Male,1972-11-22,Germany
8536,Mia,Allen,Male,1970-12-20,Brazil
8537,James,Anderson,Female,1991-10-29,Germany
8538,Mia,Allen,Female,1975-01-11,Brazil
8539,James,Taylor,Female,1960-06-04,India
8540,Harper,Brown,Male,1988-06-18,USA
8541,Ella,Allen,Male,1993-03-13,UK
8542,Olivia,Thomas,Male,1960-05-02,Australia
8543,Ava,Brown,Female,1968-12-25,UK
8544,Ella,Wilson,Male,1961-05-05,Canada
8545,Daniel,Taylor,Male,1978-10-26,France
8546,Mia,Brown,Male,1966-10-07,UK
8547,James,Clark,Female,1970-04-28,Japan
8548,Daniel,Smith,Female,1984-08-08,Germany
8549,Thomas,Wright,Female,1964-03-20,Japan
8550,Emily,Allen,Male,2000-07-31,Australia
8551,Olivia,White,Male,1997-04-24,Australia
8552,Ella,Wright,Female,1997-04-20,USA
8553,John,Wright,Male,1965-09-01,Singapore
8554,Harper,Martin,Male,1990-10-02,Japan
8555,Emily,Jackson,Male,1994-02-04,Japan
8556,Emma,Taylor,Female,1992-07-10,Germany
8557,David,Jackson,Male,1961-06-20,Germany
8558,Joseph,Lee,Female,2003-05-04,Brazil
8559,James,Allen,Female,1973-12-31,Singapore
8560,Mia,Lewis,Male,2000-02-13,UK
8561,Olivia,Wilson,Male,1965-12-24,India
8562,Amelia,Taylor,Male,1990-01-09,Brazil
8563,Harper,Lee,Male,1966-09-17,Canada
8564,Amelia,King,Male,2000-06-12,Germany
8565,Emily,Walker,Female,1960-06-27,Canada
8566,Harper,Wright,Male,1996-03-24,Australia
8567,Joseph,Young,Female,1980-12-07,UK
8568,Harper,Allen,Female,1982-05-03,Germany
8569,Daniel,White,Male,2003-05-27,Canada
8570,Joseph,Wilson,Male,1982-09-12,Australia
8571,Thomas,Scott,Male,1962-07-18,Singapore
8572,Joseph,Anderson,Male,2002-04-21,Germany
8573,John,Scott,Male,2000-03-25,Singapore
8574,John,Young,Female,1985-10-23,USA
8575,Amelia,Taylor,Male,2000-04-13,Singapore
8576,Harper,White,Male,1983-09-26,Singapore
8577,Ella,Hall,Male,1997-12-19,France
8578,Ava,Wilson,Female,1963-08-28,Brazil
8579,John,Smith,Male,1974-10-21,UK
8580,Thomas,King,Male,1976-11-17,Australia
8581,Ella,Thomas,Female,1975-10-25,Germany
8582,Isabella,Lewis,Male,1975-04-26,Brazil
8583,Olivia,King,Female,1986-05-28,USA
8584,Joseph,Scott,Male,1990-08-31,Brazil
8585,Joseph,Young,Female,1978-10-09,USA
8586,Amelia,King,Female,1996-12-24,Brazil
8587,Ella,Lewis,Male,1960-07-07,France
8588,Ella,Martin,Female,1985-02-13,Brazil
8589,Isabella,Clark,Male,1971-04-01,Canada
8590,Sophia,Scott,Female,1991-04-03,Singapore
8591,Emily,Hall,Female,1991-04-13,France
8592,David,Martin,Female,1979-04-28,UK
8593,Matthew,Harris,Female,1985-01-11,UK
8594,Robert,Clark,Male,1998-03-26,France
8595,Mia,Walker,Male,1991-04-28,Australia
8596,Ava,Harris,Male,1971-04-06,Australia
8597,Harper,Clark,Female,1972-02-07,UK
8598,David,Lewis,Male,1986-03-05,Brazil
8599,Sophia,Allen,Female,1979-06-09,Brazil
8600,Ella,Clark,Male,1998-03-22,USA
8601,Olivia,Wright,Female,1974-03-14,Japan
8602,Ava,Hall,Male,1999-07-10,Australia
8603,Michael,Hall,Female,1987-12-24,Australia
8604,Emma,King,Male,1962-11-06,Singapore
8605,James,Martin,Male,1960-06-09,UK
8606,Michael,Harris,Male,1961-05-16,France
8607,William,Wilson,Male,1979-01-25,India
8608,Robert,Wright,Male,1970-04-08,Australia
8609,Robert,Clark,Male,1973-05-10,UK
8610,Olivia,Smith,Male,1970-03-13,UK
8611,Harper,King,Male,1970-07-28,Singapore
8612,Olivia,Wright,Female,1977-02-24,Germany
8613,Emma,Clark,Male,2001-05-02,Canada
8614,David,Smith,Female,1972-07-19,UK
8615,John,Lee,Male,1971-04-03,USA
8616,William,Wilson,Female,1965-03-02,Brazil
8617,Amelia,Allen,Female,1962-10-21,Germany
8618,Mia,Martin,Male,1960-08-09,India
8619,Isabella,Young,Male,1999-12-20,Brazil
8620,Thomas,White,Male,2001-10-15,UK
8621,Isabella,Allen,Male,1991-05-03,Germany
8622,Michael,Anderson,Male,1979-05-21,India
8623,Amelia,Hall,Female,1976-12-29,Brazil
8624,Isabella,Anderson,Male,1984-10-11,Japan
8625,Robert,Lee,Male,1984-04-27,UK
8626,David,Young,Male,1998-08-05,Singapore
8627,Mia,Wilson,Male,1964-10-05,USA
8628,Emma,Scott,Male,1962-01-01,Canada
8629,Harper,Allen,Female,1984-03-16,Canada
8630,Daniel,Scott,Male,2000-08-15,Canada
8631,Daniel,Walker,Female,1965-01-02,Brazil
8632,Emma,White,Male,1975-05-03,India
8633,John,Walker,Female,1987-03-26,Australia
8634,Emily,Walker,Male,1996-09-01,Singapore
8635,Harper,Smith,Male,1995-11-04,UK
8636,Olivia,Brown,Male,1985-12-15,Singapore
8637,Amelia,Wright,Female,1961-02-11,Canada
8638,Ava,Jackson,Male,1983-06-25,USA
8639,Thomas,Taylor,Female,1984-09-07,USA
8640,David,Wright,Male,1969-11-07,Brazil
8641,Ava,Brown,Female,1980-11-28,UK
8642,Sophia,Scott,Female,1997-02-16,Australia
8643,Thomas,Clark,Female,1982-04-06,Australia
8644,Sophia,Anderson,Male,2001-01-10,UK
8645,Michael,Clark,Male,1967-11-04,Australia
8646,Robert,Martin,Female,1961-06-07,Australia
8647,Mia,Scott,Female,1984-05-17,Australia
8648,Mia,Lewis,Male,1961-07-04,Brazil
8649,Thomas,Walker,Male,1990-10-20,Canada
8650,Robert,King,Female,1999-07-30,India
8651,Daniel,Smith,Female,1971-12-04,Brazil
8652,Emma,Walker,Female,1961-11-17,Germany
8653,Robert,Harris,Female,1979-07-29,Germany
8654,Isabella,King,Female,1962-04-06,Canada
8655,James,Anderson,Male,1986-05-08,Japan
8656,Thomas,Jackson,Female,1979-06-17,Singapore
8657,Harper,Wright,Female,1977-11-28,Canada
8658,Isabella,Scott,Male,1996-12-22,Japan
8659,Emma,Walker,Female,1978-03-16,France
8660,Emma,Martin,Female,1971-11-11,India
8661,Daniel,King,Male,1976-05-29,UK
8662,Michael,Harris,Female,2002-03-21,Brazil
8663,Isabella,Thomas,Male,1960-06-18,USA
8664,Matthew,Walker,Male,1987-05-15,Brazil
8665,Ava,Taylor,Female,1996-08-29,Canada
8666,Daniel,Taylor,Male,1979-07-26,USA
8667,David,White,Female,2001-07-16,UK
8668,Emily,Taylor,Male,1965-10-03,USA
8669,Emma,Wilson,Male,2003-02-23,Singapore
8670,Sophia,Smith,Female,1966-07-14,UK
8671,Thomas,Jackson,Female,1979-12-01,Brazil
8672,David,Wright,Male,1989-08-20,Germany
8673,William,Anderson,Male,1983-03-15,Brazil
8674,Isabella,Hall,Female,1974-08-14,France
8675,Michael,Wilson,Male,1971-04-01,Singapore
8676,Amelia,Scott,Male,1996-12-22,France
8677,James,White,Female,1987-06-21,France
8678,John,Scott,Female,1980-08-01,Canada
8679,Ava,Wright,Male,1981-04-24,Singapore
8680,Sophia,Wilson,Male,1981-03-14,USA
8681,James,White,Female,1990-01-16,Canada
8682,Ava,Anderson,Female,1995-07-20,France
8683,Isabella,White,Female,1981-04-30,Japan
8684,Thomas,Clark,Female,1977-11-09,UK
8685,Ella,Smith,Female,1977-03-28,Canada
8686,Thomas,Walker,Male,1962-07-03,India
8687,Isabella,Harris,Male,1974-08-12,Japan
8688,David,Lee,Male,1989-10-02,Singapore
8689,Daniel,Wright,Male,1996-08-13,India
8690,John,Brown,Male,2001-04-29,Canada
8691,Joseph,Thomas,Female,1988-10-14,UK
8692,Emily,King,Female,1996-04-04,Japan
8693,James,White,Male,2003-05-03,India
8694,Sophia,Taylor,Male,1968-12-31,Germany
8695,Sophia,White,Female,1986-03-17,Brazil
8696,William,King,Female,1982-04-17,Singapore
8697,Isabella,Allen,Male,1964-04-02,France
8698,John,Wilson,Female,1982-03-02,France
8699,John,Taylor,Female,1981-05-05,France
8700,John,Harris,Male,1982-12-11,Canada
8701,Joseph,Smith,Male,1963-12-15,India
8702,Isabella,Martin,Female,1999-05-04,Japan
8703,John,Clark,Female,1980-08-12,Japan
8704,James,Scott,Female,1993-11-02,Singapore
8705,Daniel,Smith,Male,1992-05-14,Singapore
8706,Joseph,Hall,Male,1960-05-12,France
8707,Isabella,Taylor,Female,1973-11-20,Australia
8708,Emma,King,Male,1981-07-09,USA
8709,Michael,Walker,Female,1999-06-11,Germany
8710,David,Wilson,Female,1971-04-20,India
8711,Joseph,Hall,Male,1997-12-20,India
8712,Daniel,Wright,Female,1968-06-04,Singapore
8713,William,Thomas,Male,2002-10-05,Brazil
8714,Joseph,Thomas,Female,1996-09-06,Singapore
8715,William,Hall,Female,1975-12-02,Australia
8716,Olivia,Wilson,Female,1970-12-25,Singapore
8717,John,Jackson,Female,1963-03-16,Singapore
8718,Daniel,White,Male,2000-10-02,Canada
8719,Daniel,Martin,Male,1977-04-28,India
8720,Joseph,Harris,Male,1974-10-04,France
8721,Mia,Hall,Female,2001-06-19,Canada
8722,Ava,King,Male,1977-06-20,India
8723,Joseph,Wilson,Female,1968-04-08,UK
8724,John,Brown,Male,1964-03-15,France
8725,Matthew,Anderson,Female,1984-05-22,Brazil
8726,Daniel,King,Female,1975-05-22,Germany
8727,William,Allen,Male,1986-05-05,UK
8728,Daniel,Martin,Female,1971-07-08,UK
8729,Mia,Lee,Female,1962-08-06,Canada
8730,William,Lee,Female,1994-10-22,Japan
8731,Olivia,Jackson,Female,1986-08-03,UK
8732,Harper,Wright,Female,1978-04-18,Singapore
8733,Isabella,Taylor,Male,1967-09-26,UK
8734,James,Brown,Male,1972-07-29,Australia
8735,Daniel,Hall,Male,1973-05-09,France
8736,William,Martin,Female,1997-03-21,Brazil
8737,Harper,Young,Female,1973-02-04,USA
8738,Amelia,Walker,Male,1973-02-24,Australia
8739,James,Jackson,Female,1994-07-28,Canada
8740,David,Scott,Female,2003-03-21,UK
8741,Olivia,Thomas,Male,2002-08-13,Singapore
8742,Thomas,Young,Female,1981-04-05,Singapore
8743,Robert,Thomas,Female,1994-10-30,USA
8744,Emily,Anderson,Female,1992-03-09,Germany
8745,Amelia,Wright,Male,1995-12-21,France
8746,William,Martin,Female,2002-12-09,UK
8747,Isabella,White,Male,1963-03-19,India
8748,Emma,Harris,Male,1982-02-22,Australia
8749,Joseph,Clark,Female,2003-02-24,France
8750,Harper,Wilson,Male,1982-05-28,UK
8751,Olivia,Jackson,Female,1998-09-15,Germany
8752,Olivia,Jackson,Male,1987-11-19,Brazil
8753,Joseph,Young,Male,1965-03-26,Singapore
8754,Emily,Hall,Female,1993-09-25,Singapore
8755,Sophia,Brown,Male,1964-10-12,Germany
8756,Joseph,Taylor,Female,1999-02-17,India
8757,Matthew,Jackson,Male,1983-04-13,USA
8758,Ella,Harris,Male,1970-11-17,Singapore
8759,Ella,King,Male,1960-08-03,Singapore
8760,Thomas,Martin,Male,1993-03-03,UK
8761,Emma,Lee,Male,1990-10-03,Germany
8762,Joseph,Martin,Female,1994-02-22,India
8763,John,Anderson,Male,2002-08-26,Japan
8764,Matthew,Martin,Male,1964-09-05,UK
8765,William,Brown,Female,1998-05-21,USA
8766,Joseph,Walker,Female,1974-08-02,Singapore
8767,Olivia,Scott,Male,1986-04-09,Japan
8768,Ava,Harris,Male,1966-06-21,Australia
8769,William,White,Male,1982-09-04,France
8770,Joseph,Brown,Male,1980-04-27,Brazil
8771,Joseph,Lewis,Male,1962-07-04,Japan
8772,Sophia,Taylor,Female,1986-04-02,Singapore
8773,Daniel,Lewis,Male,1967-06-15,Singapore
8774,Emma,Allen,Female,1961-05-19,UK
8775,Emma,White,Female,1996-07-17,India
8776,Amelia,Scott,Female,1996-08-11,Singapore
8777,Thomas,Jackson,Male,1960-05-16,Brazil
8778,Matthew,Walker,Female,1980-07-21,Australia
8779,Emma,White,Male,1972-12-11,Germany
8780,Michael,King,Female,1961-06-17,Germany
8781,William,Lee,Male,1996-08-09,Singapore
8782,Ava,Lewis,Male,1995-12-11,Australia
8783,David,Jackson,Female,2000-12-11,Brazil
8784,Emma,White,Male,1982-01-04,Brazil
8785,Mia,Hall,Male,1968-09-19,France
8786,Amelia,Walker,Male,1961-11-29,Canada
8787,John,Walker,Female,1978-05-20,Australia
8788,Robert,Lee,Female,1999-03-12,USA
8789,Joseph,Taylor,Male,1970-12-07,Singapore
8790,Isabella,King,Female,1960-10-26,France
8791,Ella,Walker,Male,1962-11-14,UK
8792,Ava,Wilson,Male,1983-11-15,UK
8793,Thomas,Wilson,Female,1983-12-10,Singapore
8794,Isabella,Wilson,Male,2003-05-03,Brazil
8795,Olivia,Scott,Male,1981-10-13,Japan
8796,Daniel,Smith,Male,1969-03-16,USA
8797,Ella,Walker,Male,1969-04-20,India
8798,Thomas,Wilson,Male,1965-10-06,Japan
8799,David,White,Male,1969-01-25,USA
8800,Matthew,Walker,Male,1983-09-29,Canada
8801,Michael,Jackson,Male,1993-11-18,USA
8802,Thomas,King,Female,1997-11-06,UK
8803,Ella,Thomas,Female,1994-05-29,Brazil
8804,Mia,Lewis,Female,1964-03-13,Germany
8805,Joseph,Wright,Male,1969-12-26,Brazil
8806,Ava,Smith,Male,2003-07-07,UK
8807,Ella,Lee,Male,1982-05-18,Germany
8808,Ella,Brown,Male,1964-01-07,India
8809,Emma,Thomas,Male,1992-07-12,India
8810,Matthew,Brown,Male,1960-12-03,France
8811,Isabella,Clark,Male,1970-06-18,Germany
8812,Joseph,Walker,Male,1981-08-23,France
8813,Amelia,Brown,Male,1966-01-14,Brazil
8814,Thomas,Scott,Female,1988-02-22,Germany
8815,James,Taylor,Male,1999-07-16,Japan
8816,Ella,Walker,Female,1992-06-17,UK
8817,John,Lee,Female,1995-12-25,UK
8818,Ava,Wilson,Male,2000-10-16,Germany
8819,Joseph,Martin,Male,1998-12-12,Australia
8820,Harper,Lee,Male,1965-02-05,Germany
8821,John,Anderson,Male,1971-02-02,Canada
8822,Joseph,Hall,Male,1980-11-22,France
8823,Daniel,Lee,Female,1960-05-12,Japan
8824,Ava,Young,Female,1960-08-11,France
8825,Mia,Walker,Male,1981-12-31,USA
8826,Sophia,Allen,Female,1985-09-19,Brazil
8827,Mia,Martin,Male,2002-04-02,Canada
8828,Ava,Lewis,Male,1970-12-06,Canada
8829,Sophia,Anderson,Female,1981-10-27,UK
8830,Thomas,Anderson,Male,1978-05-07,Germany
8831,Robert,Walker,Female,1998-01-28,Canada
8832,Harper,Hall,Female,2003-02-24,USA
8833,Joseph,Wright,Male,1991-04-11,USA
8834,David,Jackson,Male,1989-10-25,Brazil
8835,Amelia,Wilson,Female,1992-06-03,Brazil
8836,John,King,Female,1988-06-24,India
8837,Sophia,Allen,Male,1997-06-05,Germany
8838,Joseph,Wright,Female,1980-10-24,Japan
8839,Harper,Hall,Male,1969-09-12,UK
8840,Joseph,Brown,Male,1982-02-08,USA
8841,Joseph,Martin,Male,1965-07-29,Japan
8842,John,Harris,Female,1979-03-06,India
8843,David,White,Female,1987-06-20,Singapore
8844,Sophia,Hall,Male,1995-09-01,Australia
8845,William,Anderson,Male,1972-12-27,USA
8846,Ava,Martin,Female,1962-06-01,Singapore
8847,Ella,Anderson,Male,1990-04-15,Singapore
8848,Daniel,Jackson,Female,1968-05-31,Brazil
8849,Harper,Thomas,Female,1968-02-19,Brazil
8850,Sophia,Wilson,Female,2001-04-13,Canada
8851,Michael,Hall,Female,2000-11-02,Germany
8852,Ava,Smith,Male,1997-04-25,USA
8853,Harper,Smith,Male,2002-01-19,Canada
8854,David,Lewis,Male,1977-04-28,USA
8855,David,Anderson,Female,1982-05-25,Canada
8856,Mia,Young,Male,1965-03-16,Singapore
8857,David,Taylor,Female,1994-04-14,UK
8858,Amelia,Smith,Female,1992-05-26,UK
8859,Matthew,Lewis,Male,1961-02-09,Brazil
8860,Joseph,Scott,Female,1986-11-18,India
8861,David,Lee,Female,1971-08-01,UK
8862,Robert,Anderson,Female,1961-06-04,Canada
8863,John,Young,Male,1966-05-07,Germany
8864,Emma,King,Female,1981-06-11,Canada
8865,Amelia,Wilson,Male,1988-02-11,India
8866,Daniel,Brown,Female,1990-10-07,France
8867,Isabella,Wright,Female,2003-08-24,UK
8868,Isabella,Smith,Male,1978-04-02,Singapore
8869,John,King,Female,1981-04-26,Canada
8870,Thomas,Lee,Male,1965-04-19,Japan
8871,Matthew,Smith,Female,1967-05-29,Canada
8872,Sophia,Walker,Male,1978-03-25,Japan
8873,Michael,Clark,Female,1982-12-22,Japan
8874,Thomas,King,Male,1979-11-04,Canada
8875,Matthew,Taylor,Male,1993-08-25,Canada
8876,Ava,Martin,Female,1991-05-23,UK
8877,Isabella,Smith,Male,1972-12-23,Canada
8878,Robert,Wright,Male,1968-09-09,France
8879,Michael,Lewis,Female,1984-02-15,Singapore
8880,Matthew,Wilson,Male,1974-04-10,Japan
8881,David,Anderson,Female,1974-03-28,France
8882,Olivia,Jackson,Male,1980-06-14,UK
8883,Robert,Hall,Female,1962-02-22,Germany
8884,Isabella,Clark,Female,1997-12-18,Brazil
8885,Robert,Smith,Female,1982-12-12,France
8886,Harper,Wright,Male,1980-03-18,USA
8887,Amelia,Wilson,Female,1997-07-16,India
8888,Daniel,Wright,Male,1969-09-21,France
8889,John,Taylor,Male,1984-07-22,Germany
8890,Thomas,Hall,Female,1960-04-05,Singapore
8891,James,Martin,Female,1978-04-04,Singapore
8892,Thomas,Harris,Female,1990-04-05,Brazil
8893,Amelia,Thomas,Male,1990-01-19,Australia
8894,Emma,Taylor,Female,1992-08-26,UK
8895,Mia,Young,Female,1978-06-13,Canada
8896,Emily,Martin,Male,1994-03-24,USA
8897,Ella,Thomas,Male,1962-09-02,Japan
8898,Amelia,Lee,Female,1988-09-15,India
8899,Matthew,Lewis,Female,1981-05-02,UK
8900,Ella,Lee,Male,2000-06-16,France
8901,Isabella,Brown,Male,1968-07-07,France
8902,Harper,Allen,Male,1996-10-19,Singapore
8903,Harper,Lewis,Female,1975-05-12,India
8904,Harper,Harris,Male,1981-08-13,UK
8905,Thomas,Martin,Male,1972-11-28,Canada
8906,William,Lee,Female,1987-12-07,Germany
8907,Harper,Scott,Male,1974-06-23,France
8908,William,Hall,Female,1968-12-10,Brazil
8909,Amelia,Jackson,Female,1982-08-25,Brazil
8910,William,Anderson,Female,1982-07-06,Germany
8911,Emma,Jackson,Female,2002-10-20,Brazil
8912,James,Jackson,Male,1986-12-08,France
8913,Joseph,Lewis,Female,1982-12-02,USA
8914,Amelia,Thomas,Male,1998-08-08,Singapore
8915,Michael,Taylor,Male,1962-07-26,France
8916,Robert,Smith,Female,1992-12-18,India
8917,Thomas,Lee,Male,1967-07-11,Brazil
8918,Amelia,Thomas,Male,1965-11-26,USA
8919,Thomas,Hall,Female,1977-08-14,India
8920,Amelia,Wilson,Male,2003-02-21,Japan
8921,John,Anderson,Female,1981-10-22,France
8922,William,Wilson,Male,1970-06-03,Canada
8923,Amelia,Smith,Male,1986-02-15,Canada
8924,Ella,Smith,Female,1963-12-25,Australia
8925,Thomas,Allen,Female,1968-06-12,France
8926,Joseph,Clark,Male,1963-04-16,Brazil
8927,Harper,Young,Male,1997-09-20,Singapore
8928,Ava,Young,Female,1974-03-26,Brazil
8929,Sophia,Anderson,Male,1985-02-25,UK
8930,Ella,Harris,Male,1977-12-31,India
8931,Olivia,Brown,Male,1971-06-14,Singapore
8932,Robert,Clark,Male,1968-02-01,Canada
8933,Daniel,Allen,Male,1995-12-22,USA
8934,Harper,Jackson,Male,1998-12-25,India
8935,William,Wilson,Male,1988-06-14,Canada
8936,Harper,Taylor,Male,1994-06-17,India
8937,Emma,Brown,Male,1965-12-27,Singapore
8938,Amelia,Jackson,Male,1992-03-12,France
8939,Matthew,Young,Male,1965-03-07,UK
8940,Thomas,Lee,Male,1962-07-18,France
8941,Robert,Harris,Male,1986-03-04,Brazil
8942,Isabella,Walker,Male,1966-11-01,Germany
8943,Isabella,Walker,Male,1971-11-10,Japan
8944,Amelia,Jackson,Male,1999-04-17,France
8945,Isabella,Martin,Male,1990-01-13,Canada
8946,Harper,Walker,Female,1987-04-21,France
8947,Matthew,King,Male,1986-12-12,USA
8948,Mia,Anderson,Male,1984-04-11,Brazil
8949,William,Martin,Male,1975-07-11,Canada
8950,Olivia,Scott,Male,1961-03-31,Australia
8951,David,Hall,Male,1984-09-25,Canada
8952,William,Hall,Male,1997-12-30,UK
8953,Emma,King,Female,1967-09-14,UK
8954,Isabella,Hall,Male,2002-10-03,USA
8955,Daniel,Wilson,Male,1969-08-05,Canada
8956,Thomas,King,Male,1992-12-04,Germany
8957,James,Martin,Female,1978-10-23,Singapore
8958,David,Brown,Male,1988-12-24,Singapore
8959,Sophia,Taylor,Male,1991-03-20,Australia
8960,Harper,Thomas,Female,1971-05-28,India
8961,David,Thomas,Female,1994-11-18,Japan
8962,Emma,Jackson,Female,1991-12-12,France
8963,Michael,Hall,Male,2001-10-07,India
8964,David,Smith,Male,1996-06-07,Singapore
8965,Robert,Thomas,Male,1970-04-20,Singapore
8966,Amelia,Lee,Female,1994-08-17,UK
8967,Ella,Wilson,Female,1987-09-16,Singapore
8968,David,Hall,Female,1962-06-15,India
8969,Sophia,Harris,Female,2001-05-17,Brazil
8970,James,Clark,Female,2001-11-22,Canada
8971,Isabella,Hall,Female,1980-11-04,India
8972,Harper,Wright,Female,1994-12-18,Singapore
8973,Joseph,Young,Male,1967-06-13,India
8974,Emma,Young,Male,1999-08-27,Australia
8975,Olivia,King,Male,1996-06-27,Brazil
8976,Harper,Taylor,Male,1970-10-24,India
8977,Robert,Taylor,Male,1983-07-09,Brazil
8978,Harper,Thomas,Male,1972-06-17,India
8979,Ava,Jackson,Female,1983-05-26,Canada
8980,Harper,Young,Male,1991-09-13,Singapore
8981,John,Anderson,Male,1974-10-25,Japan
8982,Ava,Wright,Male,1969-11-06,France
8983,Emily,Lee,Male,1978-02-04,Australia
8984,Olivia,Taylor,Female,2000-04-23,USA
8985,Emma,Clark,Female,1983-06-10,Germany
8986,Joseph,Hall,Female,1983-08-14,Canada
8987,Thomas,Martin,Female,1981-02-22,Germany
8988,Ella,Martin,Male,1983-08-27,USA
8989,Joseph,Martin,Male,1999-09-20,USA
8990,Amelia,Brown,Male,1985-06-04,USA
8991,James,King,Female,1998-09-03,Canada
8992,John,Wright,Male,1997-06-13,Germany
8993,Sophia,Taylor,Male,1982-04-21,Canada
8994,Michael,Lewis,Female,1985-11-19,USA
8995,William,Smith,Male,1963-07-11,USA
8996,Ella,White,Male,1971-01-02,India
8997,Matthew,Allen,Male,1972-08-19,India
8998,Michael,Jackson,Male,1985-08-07,Canada
8999,Daniel,Wilson,Male,1996-06-16,Japan
9000,Sophia,Martin,Male,2001-01-07,France
9001,Amelia,Wilson,Male,1973-03-07,India
9002,Mia,Brown,Female,1976-06-09,Germany
9003,Thomas,Clark,Female,1963-04-28,Singapore
9004,Harper,Harris,Female,1968-03-31,Brazil
9005,Thomas,Brown,Female,1998-07-10,USA
9006,Matthew,Martin,Female,1996-02-23,Australia
9007,Joseph,Walker,Male,1960-10-19,Australia
9008,Olivia,Clark,Male,1972-02-02,Germany
9009,Michael,Taylor,Male,1989-04-13,Australia
9010,Emma,Scott,Male,1985-01-15,Brazil
9011,William,Hall,Female,1961-08-09,Japan
9012,Daniel,Thomas,Male,1979-05-02,Singapore
9013,Matthew,Scott,Female,1992-12-01,UK
9014,Emma,Walker,Male,1969-06-15,France
9015,Joseph,Allen,Male,1961-03-09,Canada
9016,Mia,Lewis,Male,2000-05-09,India
9017,Amelia,Anderson,Female,1995-11-26,Canada
9018,William,Lewis,Male,1977-09-17,UK
9019,Ella,Clark,Male,2003-05-05,Brazil
9020,Emily,Lee,Male,1997-10-01,USA
9021,Amelia,Smith,Female,1964-10-04,Brazil
9022,Mia,Clark,Male,2002-07-16,Germany
9023,Sophia,Wilson,Female,1988-07-23,India
9024,Harper,Brown,Male,1991-09-26,Australia
9025,Emily,Anderson,Male,1998-12-15,France
9026,David,Martin,Female,1994-04-12,India
9027,Thomas,Allen,Male,1993-08-31,USA
9028,Amelia,Brown,Female,1961-10-06,India
9029,Mia,Clark,Male,1975-11-07,India
9030,Emily,Young,Female,1973-12-27,Australia
9031,Emily,Walker,Male,1989-04-19,India
9032,Ella,Wright,Female,1990-10-10,India
9033,Emily,Hall,Male,1989-03-17,Singapore
9034,Joseph,Taylor,Female,1978-03-28,Japan
9035,John,Wright,Male,1992-09-16,Australia
9036,Isabella,Taylor,Male,1994-02-27,Germany
9037,Isabella,Brown,Female,1987-12-14,USA
9038,Emma,Anderson,Male,2002-07-09,Brazil
9039,David,Martin,Male,1994-05-20,USA
9040,Sophia,Clark,Female,1981-02-03,Japan
9041,Ava,Scott,Female,2002-10-02,Japan
9042,Ava,Smith,Female,1981-04-23,Brazil
9043,Joseph,White,Female,1968-12-22,Singapore
9044,Daniel,Wilson,Female,1993-02-24,UK
9045,Ella,Young,Male,1999-05-30,Germany
9046,John,Martin,Male,1979-03-15,India
9047,Harper,Anderson,Female,1969-11-17,Germany
9048,John,Walker,Male,1990-04-02,France
9049,Matthew,King,Male,1967-05-11,Canada
9050,Ella,Wilson,Female,1977-05-23,Japan
9051,Amelia,Lewis,Male,1995-12-18,UK
9052,Isabella,Lee,Male,1967-08-30,Brazil
9053,Ella,Walker,Female,1985-01-06,India
9054,Emily,Allen,Female,1961-09-30,Brazil
9055,Olivia,Wright,Male,1991-10-19,Singapore
9056,Michael,Allen,Male,1996-04-24,Japan
9057,Emily,Hall,Female,1983-05-30,Canada
9058,Sophia,Martin,Female,1978-03-26,USA
9059,Matthew,Lee,Male,1995-11-16,Germany
9060,James,Smith,Male,1965-11-24,Germany
9061,Harper,Wilson,Female,1991-01-21,Germany
9062,Michael,Lewis,Female,1971-03-17,USA
9063,Emma,White,Male,1996-07-16,France
9064,Emily,Lewis,Male,1985-10-05,France
9065,Daniel,Scott,Female,1961-08-17,Brazil
9066,Emily,Hall,Female,1970-07-23,India
9067,Ava,Harris,Male,1966-09-14,Germany
9068,Olivia,Lewis,Male,1993-02-12,Singapore
9069,Isabella,Wilson,Female,1973-12-09,USA
9070,Olivia,Scott,Female,1979-09-27,Japan
9071,Amelia,Smith,Male,1991-05-20,Australia
9072,Robert,Allen,Male,1976-09-28,Brazil
9073,Robert,Hall,Female,2000-11-06,Canada
9074,Mia,White,Female,1991-11-29,France
9075,Isabella,Lee,Male,1991-06-27,Brazil
9076,Ava,Clark,Male,1998-04-14,Brazil
9077,Emily,Lee,Male,1996-10-24,Brazil
9078,Ella,Walker,Male,1961-11-04,UK
9079,John,Clark,Male,1979-10-17,Australia
9080,William,Harris,Male,1966-02-12,Canada
9081,James,Thomas,Female,1967-09-26,Australia
9082,Emily,King,Male,2003-03-03,UK
9083,Daniel,Allen,Male,1968-02-22,France
9084,James,King,Female,1975-02-27,USA
9085,Ava,Brown,Female,1998-01-16,Japan
9086,James,Harris,Male,1979-08-31,India
9087,James,Lee,Female,1974-12-17,Australia
9088,James,Martin,Female,1974-01-26,Singapore
9089,Mia,White,Male,2002-01-13,Singapore
9090,Sophia,Jackson,Male,1969-02-08,India
9091,Olivia,Martin,Female,1992-12-03,India
9092,James,Smith,Male,1970-02-16,Canada
9093,Daniel,Clark,Female,1961-11-13,Germany
9094,Emma,Allen,Female,1961-08-03,USA
9095,Matthew,Martin,Female,1974-01-14,Canada
9096,Robert,Thomas,Male,1988-12-20,India
9097,Harper,Young,Female,1997-06-15,Germany
9098,Michael,Taylor,Male,1993-03-16,Brazil
9099,John,Wilson,Female,1976-06-04,Japan
9100,Thomas,Scott,Male,1979-11-28,Germany
9101,Robert,Hall,Female,1965-05-23,Germany
9102,Sophia,Scott,Female,1974-12-06,Germany
9103,Thomas,King,Male,1988-07-14,UK
9104,Amelia,Scott,Male,2001-02-04,Australia
9105,Emma,Harris,Female,1983-06-05,Australia
9106,David,Young,Female,1970-09-10,Singapore
9107,Ava,Brown,Female,1980-06-11,Singapore
9108,James,Walker,Male,1993-10-25,France
9109,John,King,Male,2001-01-14,Japan
9110,John,Smith,Female,1972-01-13,India
9111,Michael,Walker,Male,1978-06-27,Japan
9112,Ella,Clark,Male,1983-10-12,France
9113,David,Allen,Female,1995-09-24,Singapore
9114,Matthew,Brown,Male,1960-03-23,Australia
9115,Ava,Wilson,Male,1986-07-20,UK
9116,Amelia,Wilson,Female,1980-11-20,France
9117,Emma,Martin,Male,1994-04-16,Japan
9118,John,Scott,Male,1986-03-26,Germany
9119,Robert,Lewis,Female,1980-07-28,Brazil
9120,Thomas,Allen,Female,1984-11-05,UK
9121,Thomas,Clark,Male,1963-09-04,USA
9122,Sophia,King,Male,1989-11-21,USA
9123,Harper,Young,Male,1973-04-19,India
9124,John,Taylor,Female,1989-09-19,UK
9125,David,Anderson,Female,1992-02-01,France
9126,Daniel,Scott,Female,1962-05-17,Australia
9127,Thomas,Young,Male,1973-12-28,Singapore
9128,John,Scott,Male,1962-04-09,UK
9129,Mia,Smith,Female,1987-02-02,Canada
9130,Daniel,Wilson,Female,1994-03-03,Germany
9131,Joseph,White,Female,1999-09-07,Brazil
9132,Amelia,Harris,Male,1989-12-09,Germany
9133,Harper,Harris,Male,1992-06-10,India
9134,Amelia,Scott,Male,1981-08-22,USA
9135,Ella,Taylor,Male,1971-04-14,Singapore
9136,Joseph,Smith,Male,1977-06-05,Singapore
9137,Ella,Smith,Female,1991-05-30,France
9138,Matthew,Clark,Female,1996-11-18,India
9139,Sophia,Scott,Female,2003-03-27,UK
9140,James,Harris,Male,1961-10-26,Canada
9141,Matthew,Clark,Female,2002-02-02,Brazil
9142,Daniel,Smith,Female,1998-12-04,Germany
9143,Isabella,Allen,Female,1974-07-02,Canada
9144,David,Young,Male,1991-12-14,India
9145,William,Wilson,Female,1994-11-06,Japan
9146,Ella,Jackson,Male,1973-07-24,Singapore
9147,Daniel,Jackson,Female,1989-02-16,UK
9148,Ava,Martin,Male,1990-07-21,Germany
9149,William,White,Female,2002-05-16,Japan
9150,Emily,Walker,Female,1961-02-26,USA
9151,Thomas,Lee,Male,1977-03-08,India
9152,Emily,White,Female,1979-03-31,Singapore
9153,Olivia,Martin,Male,1994-05-28,Japan
9154,David,Brown,Female,1986-07-17,France
9155,Olivia,Lewis,Female,1991-11-27,Japan
9156,Sophia,Harris,Male,1969-07-20,France
9157,John,King,Male,1986-02-25,USA
9158,Isabella,Lewis,Male,1977-08-18,Canada
9159,Ella,Taylor,Female,1976-11-08,Canada
9160,John,King,Male,1965-12-11,France
9161,Matthew,Walker,Female,1983-08-17,USA
9162,Ella,Taylor,Male,1960-08-12,India
9163,Harper,Lewis,Male,1964-09-05,UK
9164,Ella,Lee,Female,1982-06-18,France
9165,Thomas,Scott,Male,2003-01-17,Canada
9166,Ella,Walker,Male,1988-07-30,Australia
9167,Matthew,King,Female,1963-08-27,Brazil
9168,Ava,Brown,Female,1996-04-13,UK
9169,Emily,Allen,Male,1971-09-07,France
9170,Joseph,Lewis,Female,1999-03-23,UK
9171,John,Wright,Male,1962-10-16,France
9172,Harper,Lewis,Male,1986-10-06,Brazil
9173,Daniel,Thomas,Female,2003-06-28,USA
9174,Mia,Hall,Male,1965-04-29,Singapore
9175,James,Harris,Male,1963-07-28,Canada
9176,Matthew,Scott,Female,1981-08-17,Japan
9177,Ella,Allen,Male,1960-11-04,France
9178,Ava,Walker,Male,1967-06-02,Brazil
9179,Emily,Young,Female,1961-08-28,Canada
9180,Ella,Clark,Male,1977-06-19,UK
9181,Emma,Lee,Male,1965-11-06,Germany
9182,James,White,Male,1992-02-22,Japan
9183,James,Harris,Male,1967-04-26,Singapore
9184,Emily,Wright,Female,1968-08-09,UK
9185,Emma,Allen,Male,1977-04-26,Japan
9186,John,Allen,Male,1999-06-08,Singapore
9187,Daniel,Smith,Female,1967-02-14,UK
9188,John,Young,Female,1976-05-08,UK
9189,Mia,King,Male,1995-01-14,India
9190,Emily,Young,Male,1978-05-13,Germany
9191,Emily,Clark,Female,1994-04-20,Singapore
9192,Olivia,Lewis,Male,1982-07-04,Singapore
9193,Emma,Young,Female,1962-01-06,USA
9194,Sophia,Lee,Male,1995-07-18,Australia
9195,Mia,Scott,Female,1963-09-05,India
9196,James,Wilson,Male,1973-06-03,Australia
9197,Emma,White,Female,1984-01-05,UK
9198,Sophia,Allen,Male,1965-05-05,Germany
9199,James,Clark,Female,1970-01-27,Australia
9200,Matthew,Wilson,Male,1999-01-03,Brazil
9201,Matthew,Wilson,Female,1998-11-20,France
9202,Michael,Walker,Female,1973-01-01,Canada
9203,James,Harris,Male,1988-09-01,Japan
9204,Olivia,Scott,Male,1970-03-10,Brazil
9205,William,Thomas,Female,1987-05-06,Australia
9206,Ava,Scott,Male,2001-05-26,Japan
9207,Amelia,White,Female,1976-07-14,Germany
9208,Mia,Martin,Male,2002-02-16,India
9209,David,Anderson,Male,1972-10-09,Brazil
9210,Matthew,Martin,Male,1972-12-31,Brazil
9211,Olivia,Brown,Female,1989-07-13,UK
9212,William,Brown,Male,1997-12-07,Brazil
9213,James,Harris,Male,1998-03-26,Germany
9214,William,Hall,Male,1968-12-02,France
9215,Emma,Thomas,Male,1962-05-31,Japan
9216,Harper,Lewis,Female,1982-10-10,Brazil
9217,Harper,Lee,Female,1992-03-13,France
9218,Emily,Martin,Male,1961-09-07,Australia
9219,Isabella,Lee,Female,1963-04-04,Australia
9220,Michael,Martin,Female,1974-11-16,Australia
9221,Isabella,Martin,Female,1961-03-22,Brazil
9222,David,Wright,Female,1969-10-06,USA
9223,David,Wilson,Female,1992-11-23,UK
9224,Daniel,Scott,Male,1987-04-20,India
9225,Thomas,Lewis,Male,1978-04-18,Singapore
9226,Emma,King,Female,1987-02-02,India
9227,Robert,Brown,Female,2003-05-04,France
9228,Joseph,Wright,Male,2002-12-27,Canada
9229,Sophia,Harris,Male,1989-09-06,Japan
9230,Joseph,Anderson,Male,1967-08-29,Japan
9231,Joseph,Martin,Male,1963-05-10,Japan
9232,Michael,Smith,Male,1974-07-17,UK
9233,Michael,Brown,Female,1988-04-30,Canada
9234,Joseph,White,Female,2003-01-26,Canada
9235,Emily,Jackson,Female,1973-05-26,USA
9236,Matthew,Scott,Male,1992-05-26,France
9237,William,Wright,Female,1962-04-29,USA
9238,John,Young,Female,1995-03-07,Brazil
9239,Ava,Young,Male,2003-03-05,Germany
9240,Sophia,Brown,Male,1964-08-19,Singapore
9241,James,Young,Male,1960-05-31,Japan
9242,Thomas,Thomas,Male,1988-11-17,France
9243,Mia,Lewis,Male,2002-11-08,India
9244,Ava,Anderson,Female,1966-07-25,India
9245,Thomas,Scott,Male,2001-04-26,UK
9246,Harper,Allen,Male,1989-12-05,UK
9247,David,Thomas,Male,1975-12-08,Germany
9248,William,Lee,Female,1974-12-27,Australia
9249,Daniel,Allen,Male,1977-03-03,Germany
9250,Olivia,Jackson,Male,1976-11-15,Singapore
9251,Mia,Allen,Male,1991-01-14,Brazil
9252,William,Martin,Male,1998-08-04,Japan
9253,Emma,Clark,Female,1984-03-17,Australia
9254,Mia,Scott,Male,1988-07-24,Japan
9255,Ella,Harris,Female,2001-07-26,UK
9256,Emily,King,Female,1996-09-01,Singapore
9257,Emily,Lee,Female,1985-03-02,Brazil
9258,James,Martin,Male,1978-04-09,France
9259,Daniel,Allen,Female,1996-02-20,UK
9260,Olivia,Jackson,Male,1987-01-31,Singapore
9261,John,Clark,Male,2000-01-13,India
9262,John,Taylor,Male,1971-02-13,Singapore
9263,Joseph,Wright,Female,1990-09-05,Singapore
9264,Ella,Smith,Female,1987-09-19,France
9265,Thomas,Smith,Female,1993-03-15,Canada
9266,Emily,Brown,Female,2002-02-15,India
9267,Joseph,Wright,Male,2002-10-24,France
9268,Thomas,Scott,Male,1973-10-28,Australia
9269,Joseph,Brown,Male,2002-02-24,UK
9270,Mia,Jackson,Male,1960-09-25,Australia
9271,Robert,Brown,Female,1998-07-12,France
9272,Isabella,Jackson,Female,1980-07-03,Canada
9273,Harper,White,Male,1980-07-16,France
9274,Matthew,Lee,Male,2001-02-15,France
9275,Michael,Wright,Male,1990-03-09,Australia
9276,John,Lewis,Male,1967-03-26,Canada
9277,Isabella,Jackson,Male,1969-08-30,Australia
9278,David,Wilson,Female,1965-01-05,Canada
9279,Sophia,Wright,Male,1983-12-06,France
9280,Daniel,White,Male,1983-03-17,Brazil
9281,Olivia,White,Female,1974-08-09,Brazil
9282,Daniel,Brown,Male,1971-09-13,France
9283,Joseph,Walker,Male,1995-10-23,Singapore
9284,Sophia,Martin,Female,1973-04-08,Japan
9285,William,Hall,Male,2001-12-03,Canada
9286,Mia,Allen,Male,1987-01-10,Singapore
9287,Emily,Martin,Male,1964-02-05,Australia
9288,Harper,Wright,Male,1971-09-18,Canada
9289,William,Martin,Male,1964-09-14,Australia
9290,Robert,Walker,Male,1986-11-30,India
9291,Olivia,Smith,Female,1983-07-26,Brazil
9292,Ava,Walker,Female,1981-07-25,Canada
9293,Emily,Taylor,Female,1976-07-06,USA
9294,Daniel,Harris,Male,1973-07-10,Germany
9295,Isabella,Taylor,Male,1962-01-22,Japan
9296,Emily,Brown,Female,1961-01-22,Germany
9297,Emma,Thomas,Male,1980-04-17,USA
9298,Emily,Smith,Male,1961-11-09,Japan
9299,Emma,Martin,Male,1992-07-05,Germany
9300,Michael,Taylor,Male,1966-10-01,Brazil
9301,Ava,Hall,Male,1960-10-24,India
9302,Matthew,Taylor,Female,1965-03-21,USA
9303,Joseph,Hall,Female,1973-11-24,Singapore
9304,Olivia,White,Female,1968-06-15,France
9305,Ava,Martin,Female,1969-06-13,Australia
9306,Ella,Brown,Female,1999-12-08,Brazil
9307,Matthew,White,Female,2001-02-13,Canada
9308,Robert,Harris,Male,1982-09-13,USA
9309,Amelia,Anderson,Male,1991-11-21,Japan
9310,Ella,Young,Female,1971-06-10,Australia
9311,Daniel,Anderson,Male,1998-10-11,Singapore
9312,Daniel,Brown,Female,1965-04-17,UK
9313,Emily,Walker,Female,1969-07-26,UK
9314,Thomas,Jackson,Female,1991-02-01,UK
9315,Daniel,Scott,Female,2000-05-01,Canada
9316,Ava,Allen,Male,1990-12-14,Germany
9317,Isabella,Allen,Male,1998-10-27,France
9318,Daniel,Anderson,Male,1968-11-05,Brazil
9319,Isabella,Scott,Female,1993-12-09,Canada
9320,Emily,Wright,Female,2000-09-23,UK
9321,Daniel,Taylor,Female,1966-07-02,Japan
9322,Thomas,Scott,Male,2002-10-27,Singapore
9323,Thomas,Brown,Male,1965-05-02,UK
9324,Emma,Wilson,Male,1986-03-01,UK
9325,Emily,Hall,Male,1985-02-23,USA
9326,Joseph,Young,Male,2000-12-18,UK
9327,Emma,Taylor,Male,1978-01-31,Brazil
9328,Amelia,Young,Male,1980-05-18,Australia
9329,Thomas,King,Male,1961-05-25,Germany
9330,David,Harris,Female,2001-07-29,Canada
9331,Olivia,Anderson,Female,1999-06-05,Brazil
9332,Emma,Anderson,Male,1967-01-20,Canada
9333,Amelia,Lee,Male,1983-09-10,Brazil
9334,Olivia,Walker,Female,1974-08-20,India
9335,Sophia,Taylor,Male,1975-02-10,Australia
9336,Robert,Thomas,Male,1985-02-09,UK
9337,Isabella,Lee,Female,1986-09-26,UK
9338,Sophia,Harris,Female,1987-01-21,France
9339,James,Allen,Male,1962-06-26,Singapore
9340,Sophia,Jackson,Male,1986-02-13,Australia
9341,Ava,Jackson,Male,1960-09-09,USA
9342,Robert,White,Female,1979-01-14,Germany
9343,John,Wilson,Female,1997-11-26,India
9344,Ava,Lee,Male,1985-05-31,Australia
9345,Matthew,Lee,Male,1973-03-18,Japan
9346,Daniel,Lee,Male,1976-05-02,UK
9347,Ava,Young,Female,1977-11-09,Singapore
9348,Mia,Thomas,Male,1982-01-08,Singapore
9349,Thomas,Lewis,Female,1964-06-15,UK
9350,Ella,White,Female,1970-12-13,Australia
9351,Ella,Wright,Male,1964-07-30,India
9352,John,Wright,Male,1967-08-28,India
9353,Mia,Smith,Female,1988-01-30,Japan
9354,Thomas,Martin,Female,1966-08-28,Japan
9355,Sophia,King,Female,1987-07-11,USA
9356,Matthew,White,Female,1963-02-20,Brazil
9357,David,Wilson,Male,1992-02-28,Canada
9358,Daniel,Wilson,Male,1984-05-25,Brazil
9359,Isabella,King,Female,1995-04-08,Singapore
9360,William,Lewis,Male,1970-04-08,France
9361,Daniel,Taylor,Male,2002-03-08,Singapore
9362,James,Clark,Female,1992-09-03,Australia
9363,Mia,Harris,Female,1974-12-20,Brazil
9364,Isabella,Lee,Male,1988-03-13,Japan
9365,Amelia,Harris,Male,1977-02-25,Germany
9366,Ava,White,Male,1974-02-11,Brazil
9367,Isabella,Brown,Male,1963-06-28,France
9368,James,Scott,Male,1996-07-06,Canada
9369,Matthew,Martin,Male,1982-04-11,Canada
9370,William,Wilson,Female,1992-03-12,Australia
9371,Mia,Smith,Female,1967-06-14,UK
9372,Harper,Anderson,Female,1993-10-10,Brazil
9373,Olivia,Jackson,Female,1980-12-03,France
9374,Sophia,Martin,Female,1999-07-27,UK
9375,Thomas,King,Male,1977-12-22,India
9376,William,Wright,Male,1968-12-17,UK
9377,Amelia,Lewis,Male,1993-02-21,Singapore
9378,Emily,Lee,Male,1966-11-17,Singapore
9379,Matthew,Brown,Male,1985-04-03,Canada
9380,Joseph,Thomas,Female,1972-03-14,Australia
9381,Ella,Brown,Female,2002-08-08,USA
9382,Amelia,Wright,Female,1983-04-21,Germany
9383,Amelia,Anderson,Male,1998-01-10,UK
9384,Daniel,Smith,Male,1968-09-25,France
9385,Ella,Anderson,Male,1983-05-05,Australia
9386,William,Thomas,Female,1990-09-17,Australia
9387,William,Martin,Female,1984-02-08,Australia
9388,James,Allen,Female,1980-07-16,Canada
9389,Michael,Harris,Male,1999-02-18,Japan
9390,David,Hall,Male,2001-08-29,Brazil
9391,Amelia,Jackson,Male,1976-06-12,Canada
9392,Mia,Young,Male,1986-10-03,France
9393,Sophia,Lewis,Female,1986-02-19,Australia
9394,William,Brown,Female,1976-01-15,India
9395,Amelia,Smith,Male,1997-05-27,Australia
9396,Emma,Walker,Female,1967-12-26,France
9397,James,Hall,Female,1985-11-28,UK
9398,Emma,Taylor,Male,1974-06-12,Brazil
9399,Olivia,Young,Male,1984-08-22,France
9400,Matthew,Lee,Female,1983-06-25,Singapore
9401,John,Lee,Male,1963-12-26,UK
9402,John,Taylor,Female,1960-02-21,Singapore
9403,Michael,Wilson,Male,1965-09-29,Brazil
9404,Thomas,Smith,Female,1991-03-08,Australia
9405,Thomas,Scott,Male,1997-04-19,UK
9406,Olivia,Smith,Male,1985-08-14,USA
9407,Emily,Thomas,Female,2002-04-14,Japan
9408,Matthew,Clark,Female,1969-01-11,UK
9409,Robert,Smith,Female,1978-06-12,France
9410,Emily,Thomas,Male,1993-03-29,Brazil
9411,James,Anderson,Female,1962-03-01,Canada
9412,Michael,Brown,Male,1974-05-13,Australia
9413,Ella,Taylor,Female,1982-11-14,Japan
9414,James,Anderson,Male,1969-12-10,UK
9415,Harper,Brown,Female,1962-10-29,Canada
9416,Emily,Young,Male,1981-10-18,Singapore
9417,Daniel,Wright,Female,1984-05-28,UK
9418,Olivia,Smith,Female,1960-01-21,Japan
9419,Thomas,Hall,Male,1997-12-20,Brazil
9420,Ava,Jackson,Male,1964-11-07,Brazil
9421,John,White,Male,1996-02-02,Japan
9422,William,King,Male,1986-07-01,UK
9423,John,Wright,Male,1993-12-16,Australia
9424,Amelia,Lee,Female,1989-12-12,Japan
9425,Robert,Lee,Female,1961-03-13,Brazil
9426,Isabella,Martin,Female,1987-10-14,Germany
9427,Isabella,Thomas,Female,1975-09-03,Singapore
9428,Ava,King,Male,1975-05-06,India
9429,Sophia,Martin,Male,1961-07-22,Canada
9430,Harper,Young,Male,1977-06-02,Japan
9431,James,Lee,Female,1999-12-13,UK
9432,Thomas,Smith,Male,1969-04-04,Australia
9433,Daniel,Martin,Female,1990-03-16,France
9434,Sophia,Taylor,Female,1975-06-15,France
9435,Michael,Lewis,Female,1968-06-12,USA
9436,Harper,Hall,Female,1968-11-02,Brazil
9437,William,Lewis,Female,1994-06-16,India
9438,Sophia,Martin,Female,1982-07-20,UK
9439,Emma,Brown,Male,1961-02-14,Germany
9440,David,Thomas,Male,1985-04-03,USA
9441,Olivia,Wilson,Male,1968-05-13,Brazil
9442,Joseph,Hall,Female,1970-02-18,Australia
9443,James,Lewis,Female,1992-06-30,Brazil
9444,William,Brown,Male,1994-03-07,Australia
9445,James,Young,Male,1992-02-22,Canada
9446,Emily,Taylor,Male,1991-11-29,Japan
9447,Emma,Jackson,Male,1999-05-01,Japan
9448,Emma,Clark,Male,1993-03-01,Germany
9449,Daniel,Wilson,Female,1987-06-14,Brazil
9450,Sophia,Martin,Female,1978-11-13,Germany
9451,Michael,Wilson,Male,1977-05-10,USA
9452,Emma,Lee,Female,1999-07-12,USA
9453,Sophia,Lewis,Female,2003-06-13,Japan
9454,Emily,Hall,Female,1996-06-24,Australia
9455,Ava,Walker,Male,1993-01-26,France
9456,Harper,Harris,Female,1999-06-05,Japan
9457,William,Lewis,Male,1986-03-01,Germany
9458,David,Martin,Male,1966-11-29,Singapore
9459,Emily,King,Male,1968-04-26,USA
9460,David,Anderson,Male,1972-03-14,Canada
9461,Isabella,Taylor,Male,1993-01-18,UK
9462,Harper,Anderson,Male,1972-07-12,Singapore
9463,David,Brown,Male,2002-09-29,Brazil
9464,Harper,Lewis,Male,1974-03-06,Australia
9465,Daniel,Jackson,Male,1969-11-02,Singapore
9466,Ava,Martin,Female,1994-07-28,UK
9467,Robert,Lewis,Male,1976-12-21,USA
9468,Ella,Smith,Female,1979-08-20,Canada
9469,Matthew,Scott,Female,1987-09-13,UK
9470,Ella,Taylor,Female,2001-03-19,UK
9471,Daniel,Young,Female,1976-12-18,Japan
9472,James,Allen,Female,1967-07-14,Singapore
9473,Daniel,Anderson,Female,1985-12-07,Germany
9474,David,Smith,Male,2000-08-20,USA
9475,David,King,Male,1962-12-10,Japan
9476,Ella,Smith,Female,1967-01-26,Canada
9477,Mia,Scott,Male,2003-04-24,Brazil
9478,Ava,Scott,Female,1979-04-30,Singapore
9479,Emily,Brown,Male,1992-02-18,Brazil
9480,William,Wilson,Male,2000-09-29,Brazil
9481,Michael,Allen,Male,1983-05-08,India
9482,Mia,Clark,Female,1960-01-20,UK
9483,David,Anderson,Male,1961-05-10,USA
9484,Harper,Walker,Male,1978-03-12,Germany
9485,William,Wright,Male,1975-01-17,Brazil
9486,Emma,Walker,Female,1966-03-01,Canada
9487,Amelia,Young,Male,1963-12-06,Canada
9488,Daniel,Young,Male,1965-12-22,Singapore
9489,Matthew,Martin,Male,1997-08-14,USA
9490,Daniel,Scott,Female,1974-02-02,USA
9491,Sophia,Thomas,Female,1960-11-22,USA
9492,Matthew,Allen,Male,1987-06-26,USA
9493,Emma,Walker,Male,1989-06-13,Brazil
9494,Emma,Young,Female,1969-05-31,UK
9495,Ava,Walker,Female,1969-08-05,Brazil
9496,John,Young,Female,1995-12-14,India
9497,Harper,Hall,Male,1973-05-28,France
9498,Isabella,King,Female,1969-04-05,USA
9499,Matthew,Anderson,Male,1963-01-09,Germany
9500,Emily,Young,Female,1998-04-05,Australia
9501,Harper,Taylor,Male,1972-05-12,Brazil
9502,Sophia,Brown,Male,1961-05-16,Brazil
9503,James,Lee,Female,1981-12-16,UK
9504,Matthew,Lee,Male,1976-01-06,Canada
9505,Ella,Lee,Male,1968-07-27,Canada
9506,Isabella,Jackson,Male,1991-01-29,France
9507,Isabella,Taylor,Female,1988-11-08,UK
9508,Isabella,Martin,Male,1987-04-30,USA
9509,Sophia,King,Female,1997-11-22,Singapore
9510,James,Smith,Female,1977-10-09,India
9511,Michael,Hall,Female,1983-03-29,USA
9512,Matthew,Clark,Male,1998-02-02,France
9513,Joseph,Young,Female,1996-09-11,Japan
9514,Ella,Anderson,Male,1980-01-21,USA
9515,Ava,Young,Male,1969-11-07,Brazil
9516,Mia,Brown,Female,1976-02-12,Brazil
9517,Olivia,Taylor,Male,2000-04-18,Singapore
9518,Sophia,Jackson,Male,2002-01-05,India
9519,Sophia,Young,Male,2003-07-28,Brazil
9520,Thomas,Wilson,Female,1986-04-28,Brazil
9521,Matthew,Martin,Male,1965-10-02,UK
9522,Olivia,Thomas,Female,1991-01-14,Germany
9523,Isabella,Allen,Male,1973-09-13,India
9524,Sophia,Taylor,Female,1987-04-28,Japan
9525,Isabella,Taylor,Female,1997-10-21,Japan
9526,Ava,Martin,Female,1966-06-01,India
9527,David,Jackson,Male,1974-05-05,Brazil
9528,David,Lee,Male,1998-08-31,USA
9529,Ella,Scott,Female,1990-04-05,India
9530,John,Harris,Male,1965-09-14,Australia
9531,William,Anderson,Female,1986-06-11,France
9532,Thomas,Lewis,Male,1983-11-29,France
9533,Amelia,Lee,Female,1962-10-24,Australia
9534,Joseph,Jackson,Male,1967-02-06,Germany
9535,Michael,Martin,Male,1970-07-04,India
9536,Mia,Thomas,Male,1970-09-28,Germany
9537,Olivia,Lewis,Male,1969-08-27,Canada
9538,Ella,Wright,Male,1979-08-19,USA
9539,Michael,Anderson,Female,1971-02-09,Australia
9540,Robert,White,Male,1989-07-22,France
9541,Robert,Lewis,Female,1982-09-15,Singapore
9542,Isabella,Walker,Female,1972-04-30,France
9543,Michael,Martin,Female,1980-12-13,Australia
9544,Sophia,King,Male,2001-01-15,UK
9545,Daniel,Smith,Male,1965-05-23,UK
9546,Joseph,Anderson,Female,1992-03-18,USA
9547,Isabella,Anderson,Male,1997-08-16,Germany
9548,David,Clark,Female,1975-05-26,Brazil
9549,Ava,Martin,Female,1993-01-16,Singapore
9550,Olivia,Young,Female,1999-08-02,Brazil
9551,William,Lee,Male,1996-04-27,France
9552,Mia,Taylor,Male,1986-08-29,Singapore
9553,Isabella,King,Female,1988-07-29,USA
9554,Isabella,Jackson,Male,1987-01-25,Canada
9555,James,Allen,Female,1995-12-16,Australia
9556,James,Martin,Male,1977-01-21,Japan
9557,Thomas,Lewis,Female,1987-02-28,USA
9558,Harper,Harris,Male,1979-02-14,France
9559,Thomas,King,Male,2000-04-30,Brazil
9560,Sophia,Martin,Female,1967-09-09,Germany
9561,Daniel,Lewis,Male,1997-05-20,Australia
9562,Harper,Wilson,Female,1992-03-08,Australia
9563,Isabella,Hall,Male,1982-07-27,Japan
9564,James,Allen,Female,1960-05-06,Australia
9565,Matthew,King,Male,1980-06-21,Canada
9566,Robert,Anderson,Male,1975-03-21,Japan
9567,Ella,White,Male,1982-04-05,Germany
9568,David,Allen,Female,1989-12-20,USA
9569,Joseph,Jackson,Male,2002-09-25,Singapore
9570,Isabella,Walker,Female,1960-04-18,India
9571,Joseph,Jackson,Male,1998-01-18,Singapore
9572,Ava,Scott,Male,2002-10-22,USA
9573,Sophia,Wilson,Female,1993-01-29,USA
9574,James,Jackson,Female,1963-04-25,Germany
9575,Michael,Lee,Male,1994-03-15,Germany
9576,James,Lewis,Male,1994-03-01,Singapore
9577,Robert,Martin,Male,1982-02-24,France
9578,Sophia,Scott,Male,1973-03-06,Germany
9579,Thomas,Young,Male,1980-07-16,India
9580,Robert,Lewis,Female,1965-07-01,UK
9581,Thomas,Harris,Female,1963-07-15,UK
9582,Ava,White,Female,1978-11-04,France
9583,Harper,Walker,Male,1982-11-04,France
9584,Sophia,Anderson,Female,1987-01-02,UK
9585,Amelia,Brown,Female,1985-09-05,USA
9586,Emily,Hall,Male,1960-11-16,Japan
9587,Sophia,King,Female,1994-01-09,India
9588,Daniel,White,Female,1983-11-01,Canada
9589,Michael,Martin,Male,1978-10-22,France
9590,Olivia,White,Male,1975-12-16,Australia
9591,Emma,Walker,Male,1974-02-07,Canada
9592,Isabella,Wilson,Male,1968-05-24,India
9593,Joseph,Lee,Male,2001-09-02,Brazil
9594,Matthew,Thomas,Male,1975-05-16,UK
9595,John,Brown,Female,1981-03-17,Singapore
9596,Thomas,Young,Male,1981-02-14,USA
9597,Emily,Lee,Male,1979-08-27,Japan
9598,John,Young,Male,1994-11-16,Brazil
9599,Daniel,Young,Male,1960-09-27,Germany
9600,David,Martin,Male,1995-03-01,Germany
9601,Ava,Young,Female,1997-06-15,Germany
9602,James,Brown,Female,1978-11-08,India
9603,Michael,King,Female,2000-08-27,Australia
9604,William,Martin,Male,1987-05-11,Australia
9605,Olivia,Allen,Female,1989-06-26,India
9606,James,White,Male,1963-08-17,Brazil
9607,Robert,Wilson,Male,1973-10-04,India
9608,Amelia,Young,Male,1978-05-31,Australia
9609,Joseph,Hall,Female,1973-03-11,Canada
9610,Olivia,Scott,Male,1973-11-16,India
9611,Matthew,Brown,Female,1984-07-04,Brazil
9612,Isabella,Walker,Female,1975-09-29,India
9613,Ava,Clark,Male,1972-01-08,Brazil
9614,Michael,Young,Female,1998-07-14,Japan
9615,Michael,Anderson,Male,1960-04-24,India
9616,Daniel,Lewis,Male,1989-05-05,Canada
9617,Mia,Harris,Male,1975-05-19,Canada
9618,Sophia,King,Female,1996-09-21,UK
9619,Sophia,Walker,Male,1962-07-21,Canada
9620,Michael,Clark,Female,1970-02-16,India
9621,Daniel,Martin,Female,1994-03-08,India
9622,Daniel,Smith,Female,1986-01-22,Brazil
9623,Olivia,Smith,Male,1997-02-13,Australia
9624,Emily,Wilson,Female,1999-03-24,Brazil
9625,Olivia,King,Female,1982-11-02,USA
9626,Amelia,Anderson,Male,1997-02-04,Brazil
9627,Robert,Walker,Female,1979-03-06,Australia
9628,Ava,Allen,Male,1970-01-08,France
9629,Harper,Wilson,Male,1963-12-22,Germany
9630,Harper,Anderson,Male,1974-06-15,Canada
9631,Amelia,King,Female,1984-09-23,India
9632,Ella,King,Male,1973-05-24,France
9633,Isabella,Wilson,Female,1976-07-01,France
9634,William,Lee,Female,1969-01-17,India
9635,Joseph,Thomas,Male,2002-03-19,Australia
9636,Ella,Taylor,Male,1965-10-31,India
9637,Emily,Wright,Male,1970-11-19,Singapore
9638,Emma,Brown,Male,1964-04-01,Australia
9639,Harper,Smith,Male,1993-04-25,Germany
9640,Joseph,White,Female,1963-03-16,Japan
9641,Sophia,King,Female,1999-10-17,France
9642,Amelia,King,Male,2001-08-21,Australia
9643,John,Martin,Male,1986-03-19,UK
9644,Amelia,Young,Male,1979-09-01,Japan
9645,Emily,Anderson,Female,1966-04-01,Brazil
9646,Daniel,Allen,Female,1999-07-22,India
9647,Emma,Thomas,Male,1969-04-26,Brazil
9648,John,Harris,Male,1984-10-16,France
9649,Isabella,Brown,Male,1974-04-05,Australia
9650,John,Smith,Female,1989-10-07,France
9651,Sophia,Clark,Female,1994-01-10,USA
9652,Michael,Jackson,Male,2001-01-17,USA
9653,Ella,Hall,Male,1971-07-15,India
9654,Emily,Brown,Female,2001-05-09,UK
9655,Ella,Wright,Male,1979-05-13,Brazil
9656,Emily,Thomas,Female,1975-04-23,Singapore
9657,Joseph,Smith,Female,1981-09-05,France
9658,Amelia,Scott,Female,1980-10-17,India
9659,Daniel,Allen,Female,1984-01-23,Brazil
9660,David,Clark,Male,1962-08-10,UK
9661,Matthew,Harris,Female,1982-02-04,Japan
9662,Joseph,Brown,Female,1985-05-02,UK
9663,Harper,Scott,Male,1992-11-28,Canada
9664,Isabella,Lee,Male,1999-01-07,USA
9665,William,Allen,Male,1979-05-03,India
9666,Emma,Wright,Male,1969-11-10,India
9667,Michael,Scott,Female,1992-09-04,Canada
9668,Robert,Allen,Male,1962-10-28,USA
9669,Olivia,Lee,Female,1985-01-06,France
9670,Emma,Clark,Female,1964-10-31,Germany
9671,Emma,Hall,Male,1963-05-25,Germany
9672,Isabella,Lee,Male,1987-10-10,Australia
9673,Michael,Scott,Female,1965-03-07,UK
9674,Michael,Scott,Male,1962-12-22,USA
9675,Emily,Martin,Female,2002-04-20,UK
9676,Thomas,Smith,Female,1987-03-14,Australia
9677,Robert,Clark,Female,1964-11-27,Brazil
9678,Harper,Wright,Male,1965-04-07,Canada
9679,Robert,Anderson,Female,1982-10-04,Brazil
9680,Isabella,Clark,Male,1994-08-10,Brazil
9681,Ava,Allen,Female,1991-12-03,Singapore
9682,Harper,Lewis,Female,1981-12-22,UK
9683,Robert,Young,Female,1985-11-28,UK
9684,William,Lewis,Male,1968-09-04,Japan
9685,John,Hall,Female,1986-07-19,Germany
9686,William,Jackson,Male,1964-10-21,USA
9687,Ava,Hall,Female,1976-01-17,Canada
9688,Olivia,Anderson,Male,1992-04-30,Canada
9689,Isabella,Walker,Male,1984-10-06,Germany
9690,Emily,White,Male,1997-04-25,Brazil
9691,James,Smith,Female,1970-06-13,Australia
9692,Robert,White,Female,1970-07-07,Germany
9693,Sophia,Wright,Male,1977-04-22,Brazil
9694,Isabella,Walker,Male,1983-08-07,India
9695,Ava,Hall,Male,1961-02-22,UK
9696,Emily,Wilson,Female,1997-12-16,USA
9697,Isabella,Clark,Female,1998-10-10,Brazil
9698,Robert,Harris,Male,1997-09-10,Germany
9699,Matthew,Wilson,Female,1995-05-27,Singapore
9700,Ava,Brown,Male,1962-12-11,USA
9701,Isabella,Hall,Female,1973-09-17,Australia
9702,Sophia,Jackson,Female,1994-07-09,Canada
9703,Sophia,Taylor,Female,1993-08-05,Japan
9704,Michael,Smith,Female,1984-11-25,India
9705,Sophia,Jackson,Female,1995-06-10,Australia
9706,Matthew,Anderson,Male,1989-04-17,Canada
9707,David,Allen,Female,1981-10-21,France
9708,Emily,Martin,Female,1962-03-16,Germany
9709,Mia,Thomas,Male,1960-03-28,Australia
9710,Michael,Lee,Female,1968-06-23,USA
9711,Joseph,Lee,Female,1983-12-31,Australia
9712,Isabella,Brown,Female,1978-08-11,USA
9713,Harper,Martin,Male,1971-05-09,France
9714,Daniel,Allen,Female,1977-04-05,USA
9715,James,Wright,Male,1995-04-19,India
9716,Emily,Anderson,Male,1964-01-14,Germany
9717,Emily,Martin,Male,1996-03-14,India
9718,Ava,Anderson,Male,1976-04-16,India
9719,Sophia,Martin,Male,1979-10-20,USA
9720,Isabella,Thomas,Female,1983-04-13,UK
9721,Emily,Jackson,Male,1981-12-04,Australia
9722,Emily,Brown,Female,1989-11-16,India
9723,Emily,Thomas,Female,1986-11-07,Australia
9724,Olivia,Jackson,Male,1988-01-07,Brazil
9725,William,Brown,Male,1971-03-20,UK
9726,Amelia,Anderson,Male,1982-09-04,Germany
9727,Ava,Smith,Female,1988-04-13,USA
9728,Sophia,White,Female,1987-09-05,Brazil
9729,Emma,Wilson,Male,1997-11-08,USA
9730,Amelia,Jackson,Female,1978-03-28,France
9731,Ava,Anderson,Male,1994-11-25,India
9732,John,Smith,Male,1968-05-31,France
9733,Sophia,Lee,Male,1973-10-22,Canada
9734,Michael,Wright,Female,1974-01-25,UK
9735,Matthew,Smith,Female,1964-12-15,Japan
9736,Matthew,Thomas,Male,1980-02-08,Singapore
9737,James,Walker,Female,1970-01-01,Japan
9738,James,Anderson,Male,2002-09-03,Germany
9739,Thomas,Clark,Female,1982-05-18,Canada
9740,Amelia,Anderson,Female,1981-11-07,Australia
9741,Joseph,Wilson,Male,1974-03-19,Canada
9742,Ava,Harris,Female,1981-02-10,Germany
9743,Amelia,Lewis,Male,1979-07-14,USA
9744,Michael,Hall,Male,1963-07-22,UK
9745,Olivia,Martin,Female,1983-04-20,Australia
9746,Ella,Anderson,Male,1972-10-26,Japan
9747,Emma,Wilson,Male,1987-10-13,Germany
9748,Mia,Hall,Male,1979-10-24,India
9749,Emma,Hall,Female,1987-07-19,Japan
9750,Ella,Thomas,Female,2001-05-16,Brazil
9751,Joseph,Thomas,Male,1975-02-25,USA
9752,Emma,Brown,Female,1970-07-28,Germany
9753,Matthew,Allen,Male,1984-01-24,India
9754,Sophia,Brown,Female,1991-01-05,France
9755,Michael,White,Male,1984-11-01,Australia
9756,David,Thomas,Female,1976-05-09,India
9757,Joseph,Scott,Male,1967-08-02,France
9758,William,Jackson,Female,1988-08-13,Australia
9759,Robert,Martin,Male,2001-09-11,Australia
9760,Olivia,Brown,Female,1976-04-18,Japan
9761,Isabella,Lewis,Female,1990-07-29,France
9762,Sophia,Walker,Male,2001-07-27,Canada
9763,James,Harris,Female,2001-08-17,Brazil
9764,Ava,Brown,Male,1989-04-29,France
9765,James,Walker,Male,1984-03-14,UK
9766,Amelia,Walker,Male,1962-08-15,France
9767,Mia,Harris,Male,1985-06-15,Japan
9768,Isabella,Harris,Male,2001-08-07,Japan
9769,Robert,Martin,Male,1971-10-04,Germany
9770,Ella,King,Male,1993-12-12,Canada
9771,Emily,Smith,Female,2001-05-07,UK
9772,Daniel,Martin,Male,1987-11-11,France
9773,Matthew,Brown,Male,1964-08-31,Germany
9774,William,Walker,Female,2001-10-30,Canada
9775,Thomas,Allen,Male,1965-09-10,Australia
9776,Ava,Allen,Female,1963-07-28,Brazil
9777,Thomas,Anderson,Male,1968-06-13,France
9778,Ava,Harris,Male,1998-10-19,UK
9779,Joseph,Walker,Female,1969-07-30,Canada
9780,Daniel,King,Male,1981-10-27,India
9781,Isabella,Allen,Female,1989-01-24,France
9782,Emily,Clark,Female,1979-04-05,Japan
9783,Michael,Thomas,Female,1980-05-10,Japan
9784,Isabella,Wright,Female,1981-11-26,Singapore
9785,Mia,Walker,Female,1974-11-28,Germany
9786,Robert,Taylor,Female,1960-11-11,USA
9787,Michael,Harris,Male,1991-12-25,Canada
9788,John,Smith,Female,1976-11-11,India
9789,Michael,Young,Male,1965-01-11,France
9790,Joseph,Smith,Female,1989-01-30,USA
9791,Amelia,Smith,Male,1995-08-07,India
9792,James,Anderson,Female,1986-07-22,Australia
9793,Joseph,Young,Male,1987-06-08,USA
9794,Emily,Smith,Male,1984-10-20,France
9795,Emma,Wright,Female,1986-01-11,Germany
9796,Mia,Jackson,Female,1975-02-21,UK
9797,Matthew,Scott,Male,1981-10-11,USA
9798,Emily,Martin,Female,1973-01-22,India
9799,William,Allen,Female,1966-07-14,India
9800,Emma,Martin,Female,1979-03-04,India
9801,Robert,Hall,Female,1978-10-07,Germany
9802,Michael,Thomas,Female,1997-03-07,USA
9803,Isabella,Jackson,Male,1965-05-04,India
9804,Harper,Lee,Female,1998-05-05,Singapore
9805,Ella,Walker,Female,1960-12-22,Australia
9806,Mia,White,Male,1977-05-13,USA
9807,William,Hall,Female,1967-03-22,France
9808,Harper,Anderson,Female,1972-02-05,Japan
9809,James,Lewis,Female,1972-05-02,USA
9810,Harper,King,Female,1968-12-16,Brazil
9811,Sophia,Lee,Female,1962-05-24,USA
9812,Robert,Harris,Female,1978-08-26,India
9813,Mia,Scott,Female,1966-12-25,Germany
9814,Olivia,Anderson,Female,1984-06-12,France
9815,Emily,Scott,Female,2003-08-21,Brazil
9816,Amelia,Martin,Male,1984-03-05,Germany
9817,Ella,Hall,Male,1985-01-27,Japan
9818,Emily,Lee,Female,1960-03-19,Australia
9819,Matthew,Thomas,Female,1982-11-27,Germany
9820,Sophia,Allen,Male,1984-11-17,Japan
9821,Mia,Anderson,Female,1967-07-27,Germany
9822,Harper,King,Male,1960-09-15,Australia
9823,Daniel,Anderson,Female,1996-10-18,USA
9824,Michael,Anderson,Female,1960-02-13,France
9825,Michael,Harris,Female,1994-02-03,Singapore
9826,Isabella,Brown,Male,1982-09-09,Canada
9827,Daniel,Wilson,Male,1975-08-19,Australia
9828,Ella,Clark,Female,1990-01-27,USA
9829,Sophia,Wilson,Male,1976-10-01,Australia
9830,Michael,Wright,Male,1967-03-11,France
9831,Matthew,King,Male,1995-07-21,Canada
9832,Sophia,Thomas,Female,1968-08-02,Canada
9833,Daniel,Anderson,Female,1972-10-04,Canada
9834,Isabella,Hall,Female,1985-11-15,India
9835,Isabella,Walker,Male,1985-10-04,Japan
9836,William,Harris,Male,1985-01-30,USA
9837,Thomas,White,Female,1969-01-27,India
9838,Matthew,Lee,Female,1975-11-08,Canada
9839,David,Young,Male,1981-06-25,USA
9840,Thomas,Allen,Female,1992-08-12,UK
9841,Olivia,Wright,Female,1973-11-05,UK
9842,Mia,Wilson,Female,2002-04-01,India
9843,John,Allen,Female,1964-11-13,Brazil
9844,Isabella,Taylor,Male,2000-10-06,Canada
9845,Thomas,Scott,Female,1989-11-14,Germany
9846,Michael,Thomas,Female,1960-12-20,UK
9847,Thomas,Jackson,Male,1963-02-09,Canada
9848,James,Wright,Female,1970-02-27,India
9849,Matthew,Young,Female,1988-08-20,Singapore
9850,Thomas,Anderson,Male,1962-07-31,Japan
9851,Daniel,King,Female,1968-07-12,Singapore
9852,Mia,Brown,Male,1994-11-07,India
9853,Ella,Young,Female,1997-10-18,USA
9854,Harper,White,Female,1970-05-22,USA
9855,John,Taylor,Female,1994-10-10,Japan
9856,Harper,Lee,Female,2001-04-19,USA
9857,Emily,Lee,Male,1963-06-21,Germany
9858,John,Lee,Male,1988-09-25,USA
9859,Joseph,Brown,Male,1985-01-08,Australia
9860,Matthew,Martin,Female,1973-12-09,Canada
9861,Robert,Lewis,Male,1999-12-08,Germany
9862,Joseph,Young,Female,1966-02-18,France
9863,Ava,Clark,Female,1964-07-06,UK
9864,Amelia,Harris,Male,1979-03-29,Canada
9865,Daniel,Brown,Female,1976-02-20,Singapore
9866,David,Wilson,Female,1995-11-02,Singapore
9867,Isabella,Jackson,Female,1962-03-30,Singapore
9868,William,Brown,Female,1991-09-05,Australia
9869,Robert,Lee,Female,1993-07-27,UK
9870,John,Wilson,Male,1999-01-14,Brazil
9871,Emma,Clark,Female,1995-02-03,Canada
9872,Daniel,Harris,Female,1966-03-04,USA
9873,Emily,Brown,Female,1999-03-05,Canada
9874,Emily,White,Female,1975-07-26,Singapore
9875,Amelia,Hall,Male,1986-09-03,Japan
9876,John,Lewis,Female,1961-10-03,Singapore
9877,James,Scott,Female,1971-09-18,Australia
9878,Isabella,Taylor,Female,1972-09-03,UK
9879,Joseph,King,Male,2003-07-26,France
9880,James,Wilson,Female,1974-04-03,USA
9881,Emily,Young,Female,1981-09-25,Canada
9882,Emma,Wright,Male,1990-08-17,USA
9883,Emma,Hall,Female,1970-02-27,UK
9884,William,Hall,Female,1982-01-31,Brazil
9885,Ella,Lee,Female,1986-10-01,India
9886,Amelia,Walker,Female,1972-02-11,India
9887,Sophia,Young,Male,1966-03-28,India
9888,Emma,Lee,Male,1980-01-07,Australia
9889,Daniel,Anderson,Female,1972-03-09,UK
9890,Daniel,Lee,Male,1962-05-26,Australia
9891,John,Brown,Male,1960-06-17,Japan
9892,Sophia,Jackson,Male,1967-06-07,UK
9893,James,Jackson,Male,1998-06-01,France
9894,Ella,King,Female,1996-12-28,India
9895,Daniel,Clark,Male,1981-02-04,Germany
9896,Ella,Clark,Male,1962-09-18,Australia
9897,Olivia,King,Male,1995-01-10,Australia
9898,Mia,Thomas,Female,1995-08-22,USA
9899,Isabella,Young,Female,1961-10-08,Brazil
9900,Mia,King,Male,1999-08-18,Brazil
9901,Daniel,Walker,Female,1967-04-27,France
9902,David,Thomas,Female,1978-11-19,Germany
9903,William,Thomas,Female,1967-09-22,UK
9904,Daniel,Harris,Female,1987-11-15,France
9905,Matthew,Scott,Female,1985-10-25,UK
9906,Emily,Anderson,Female,1980-03-12,UK
9907,Isabella,Allen,Male,1994-12-24,Japan
9908,William,Lee,Male,1970-02-02,Australia
9909,Mia,Wilson,Male,1961-03-05,Canada
9910,Sophia,Hall,Female,1976-12-25,Canada
9911,Ava,Allen,Male,1964-10-17,Japan
9912,Emma,Allen,Female,1967-03-22,India
9913,David,Harris,Female,1966-11-18,USA
9914,Mia,Jackson,Male,2000-06-23,USA
9915,Michael,King,Male,1977-12-21,Japan
9916,Harper,Wright,Female,1962-05-17,Brazil
9917,Mia,Martin,Male,1960-12-14,Germany
9918,Olivia,Wilson,Male,1974-10-20,India
9919,Ava,Walker,Male,1990-04-26,USA
9920,Sophia,Walker,Male,1991-07-08,Canada
9921,John,White,Male,1987-04-19,Singapore
9922,Amelia,Martin,Female,1995-02-05,India
9923,Mia,Anderson,Male,1989-04-19,Australia
9924,Thomas,Lewis,Female,1998-08-23,Japan
9925,Joseph,White,Female,2002-02-09,Germany
9926,Isabella,Wilson,Male,1971-07-04,UK
9927,Joseph,King,Female,1986-11-19,USA
9928,William,Walker,Female,1984-03-31,USA
9929,David,Allen,Male,1987-01-10,Australia
9930,Daniel,Young,Male,1985-11-02,Australia
9931,Amelia,Hall,Male,1966-09-03,USA
9932,Isabella,Anderson,Female,1971-08-18,Germany
9933,Harper,Scott,Female,1973-02-22,France
9934,Michael,White,Male,1988-03-21,UK
9935,Isabella,Clark,Male,1991-02-17,France
9936,Isabella,Allen,Male,1994-07-31,Japan
9937,Olivia,Martin,Female,1977-11-02,Canada
9938,Michael,Martin,Female,2002-11-09,Japan
9939,Daniel,Anderson,Male,1991-11-27,India
9940,Thomas,Lee,Male,1997-06-21,Japan
9941,Matthew,Scott,Female,1995-06-27,UK
9942,Emily,Clark,Male,1965-05-26,France
9943,Robert,Allen,Female,1992-03-24,Germany
9944,Mia,Jackson,Male,1976-06-08,Brazil
9945,William,Clark,Male,1992-04-26,India
9946,Joseph,Smith,Female,2001-02-06,Germany
9947,John,Harris,Male,1992-05-07,Australia
9948,Mia,Allen,Male,1996-10-16,France
9949,Michael,Allen,Female,1961-11-05,Canada
9950,Matthew,Allen,Male,1996-11-26,UK
9951,Sophia,Lee,Male,1970-01-21,Singapore
9952,Emma,Allen,Male,1974-03-24,India
9953,Joseph,Brown,Male,1997-10-19,Japan
9954,Emma,Hall,Female,1979-02-28,Japan
9955,John,Anderson,Male,1979-03-16,Japan
9956,John,Taylor,Female,1976-06-24,India
9957,Harper,Lee,Female,1978-09-11,UK
9958,Ava,Lee,Female,1976-12-23,Brazil
9959,Emily,King,Female,1961-08-20,Brazil
9960,Robert,Harris,Male,1984-05-25,Singapore
9961,Robert,Young,Male,1980-09-13,Japan
9962,Emily,Allen,Male,1997-01-07,Brazil
9963,Sophia,Walker,Male,1967-05-05,Australia
9964,Ava,Young,Male,1982-09-15,France
9965,Emily,Allen,Female,1985-05-27,Singapore
9966,David,Anderson,Female,1982-02-25,UK
9967,Emily,Allen,Female,1978-01-25,Singapore
9968,Emma,Lewis,Male,1983-12-31,Japan
9969,Harper,Wright,Female,1972-05-23,USA
9970,Emma,Jackson,Male,1981-04-04,Brazil
9971,Thomas,Scott,Female,1973-07-29,USA
9972,Ava,Hall,Male,1994-08-22,UK
9973,Ava,Brown,Male,1960-07-14,Brazil
9974,David,Scott,Female,1980-12-03,France
9975,Amelia,Harris,Female,1964-09-12,UK
9976,Joseph,Lee,Female,1988-07-19,Brazil
9977,Ella,Smith,Male,1999-07-11,Singapore
9978,Thomas,Wilson,Female,1988-06-19,Australia
9979,Ella,Wilson,Female,1979-01-10,Singapore
9980,Emma,Hall,Male,1999-05-17,Germany
9981,Emma,White,Female,1994-12-20,Brazil
9982,Isabella,Thomas,Male,1970-07-25,UK
9983,Robert,Brown,Male,1962-01-18,Singapore
9984,Ella,White,Female,2001-11-30,Brazil
9985,David,Jackson,Female,1989-03-12,Singapore
9986,William,Martin,Female,1986-07-30,Japan
9987,Matthew,Hall,Female,1962-10-17,Singapore
9988,Sophia,Scott,Female,1985-12-29,Canada
9989,Amelia,Hall,Male,2000-09-26,Australia
9990,David,King,Female,1978-02-23,Germany
9991,Ava,Taylor,Male,1997-08-30,Singapore
9992,Matthew,White,Female,1977-11-17,Brazil
9993,Joseph,Jackson,Female,1997-07-11,UK
9994,Amelia,Clark,Male,1997-10-04,Singapore
9995,Mia,Hall,Male,1992-10-17,Brazil
9996,Joseph,Lewis,Male,2001-01-02,France
9997,Michael,White,Female,1966-05-20,USA
9998,Amelia,Scott,Female,1986-11-04,Canada
9999,Emily,Lee,Male,1993-08-16,Japan
10000,Joseph,Harris,Female,1984-05-10,Japan
10001,Mia,White,Female,2002-01-25,Australia
10002,Isabella,Walker,Male,1973-12-27,Canada
10003,James,Anderson,Male,2000-04-12,Germany
10004,Daniel,Taylor,Female,1999-01-16,India
10005,Sophia,Lewis,Male,1987-11-13,Singapore
10006,Robert,Brown,Female,1997-07-12,Japan
10007,Daniel,Clark,Female,1963-02-14,Canada
10008,Amelia,Clark,Female,1998-05-29,Germany
10009,William,Clark,Male,1983-12-18,Singapore
10010,Ava,King,Female,1990-05-11,Brazil
10011,John,Clark,Male,1967-01-25,Australia
10012,Mia,Thomas,Female,1998-06-28,Canada
10013,Michael,Smith,Male,1969-12-24,Brazil
10014,Ava,Scott,Female,1967-01-02,India
10015,Ella,Young,Male,1989-07-25,Japan
10016,Joseph,Thomas,Male,1977-08-07,Singapore
10017,Ella,Wilson,Male,1993-03-19,France
10018,Olivia,Jackson,Female,1966-06-13,Canada
10019,William,Walker,Male,1976-10-11,Australia
10020,Joseph,Wright,Female,1978-07-12,USA
10021,Thomas,Walker,Male,1990-05-22,France
10022,Emma,Harris,Female,1960-06-25,UK
10023,Emma,Thomas,Male,1967-03-10,Brazil
10024,Robert,Scott,Female,2002-09-06,Canada
10025,Thomas,White,Female,1997-04-29,India
10026,David,Smith,Male,1982-10-20,USA
10027,Mia,White,Female,1971-02-18,India
10028,Robert,Scott,Female,1974-05-16,India
10029,Sophia,Smith,Female,1999-04-19,Japan
10030,Ella,Wilson,Male,1986-04-13,Japan
10031,Daniel,Taylor,Male,1993-08-22,India
10032,Michael,Young,Female,1961-02-11,India
10033,Michael,White,Male,1988-02-28,Germany
10034,Harper,Wilson,Female,1968-08-09,UK
10035,David,Scott,Female,1987-04-02,Germany
10036,Sophia,White,Male,1991-04-12,Germany
10037,Daniel,Martin,Female,1978-05-04,USA
10038,Emily,Thomas,Male,1986-12-03,Canada
10039,James,Taylor,Male,1975-08-02,USA
10040,Matthew,Lewis,Female,2001-03-26,Singapore
10041,William,King,Male,1966-12-17,Singapore
10042,Sophia,Thomas,Male,1975-12-12,Australia
10043,Emily,Thomas,Male,1975-07-04,Canada
10044,Robert,Martin,Female,1971-04-10,France
10045,Isabella,Thomas,Female,1968-03-13,Australia
10046,Ava,Allen,Male,2002-10-16,France
10047,David,Allen,Male,1990-11-14,India
10048,John,Clark,Female,1985-11-11,UK
10049,John,Scott,Male,1963-12-03,UK
10050,Ella,Lee,Female,2001-11-06,USA
10051,Ella,Scott,Male,1992-08-19,USA
10052,Sophia,Lewis,Male,1964-05-18,Singapore
10053,Robert,Anderson,Male,1970-03-16,India
10054,Olivia,King,Female,2001-03-07,Australia
10055,Michael,Taylor,Male,1971-11-14,India
10056,Emily,Young,Female,1969-12-21,Australia
10057,Amelia,Lee,Female,1978-02-11,Brazil
10058,Emma,Lewis,Female,1975-07-09,UK
10059,Mia,Taylor,Male,1969-02-09,Germany
10060,Thomas,King,Female,1965-12-20,USA
10061,Daniel,Smith,Male,1964-02-19,Australia
10062,Daniel,Lewis,Male,1968-07-13,Brazil
10063,James,Scott,Female,1992-06-15,Singapore
10064,Olivia,Young,Female,1989-05-22,France
10065,William,Walker,Female,1966-02-14,Singapore
10066,Michael,Anderson,Male,2001-09-11,USA
10067,Thomas,Smith,Female,1979-09-13,USA
10068,Amelia,Brown,Male,1992-06-23,India
10069,Olivia,Brown,Female,1976-10-17,India
10070,John,Lewis,Female,1973-04-01,Singapore
10071,Matthew,Scott,Male,1980-03-09,Brazil
10072,Joseph,Taylor,Female,1966-11-30,USA
10073,Harper,Smith,Female,1964-07-23,Australia
10074,Michael,Taylor,Female,1969-03-09,Australia
10075,Emma,Taylor,Male,2000-11-01,Japan
10076,Amelia,King,Female,1999-06-28,Singapore
10077,Daniel,Taylor,Female,1960-10-29,UK
10078,Ella,Hall,Female,1986-05-02,Australia
10079,Joseph,Young,Male,1979-10-22,Canada
10080,Sophia,Allen,Female,1965-08-08,Japan
10081,John,Wilson,Female,1990-01-19,USA
10082,David,Lewis,Female,1987-10-16,UK
10083,Ava,Harris,Female,1972-07-25,Brazil
10084,James,Anderson,Male,1977-07-05,Singapore
10085,Emma,Wright,Male,1973-11-16,USA
10086,Thomas,Martin,Female,1988-04-23,USA
10087,Emma,Clark,Male,1966-06-08,Canada
10088,Robert,Wilson,Female,1976-06-07,Australia
10089,Thomas,Smith,Female,1961-04-23,UK
10090,Isabella,Martin,Female,1965-06-14,Canada
10091,Thomas,Hall,Female,1990-02-07,France
10092,Ava,Allen,Female,1974-06-30,Japan
10093,Olivia,Harris,Female,1966-07-17,India
10094,Emily,Hall,Female,2000-01-14,Brazil
10095,Sophia,Hall,Female,1970-04-13,UK
10096,Thomas,Wilson,Female,1964-08-20,France
10097,Robert,Anderson,Male,1999-03-05,France
10098,Sophia,Harris,Male,1981-01-28,USA
10099,Emma,White,Male,1975-07-10,UK
10100,Matthew,Wilson,Male,1994-05-29,India
10101,David,Scott,Male,2000-05-19,Japan
10102,Matthew,Wilson,Male,1961-01-08,Germany
10103,Ava,Allen,Female,1992-01-05,India
10104,Amelia,King,Female,1978-06-28,Germany
10105,Thomas,Harris,Female,1983-10-19,UK
10106,Emily,White,Female,1967-04-07,Germany
10107,James,Thomas,Male,1979-05-02,Australia
10108,Emily,Jackson,Male,1962-07-24,Brazil
10109,Michael,Walker,Female,1960-11-13,Australia
10110,Ava,White,Female,1998-10-21,Brazil
10111,Daniel,Smith,Male,1985-08-11,Singapore
10112,Olivia,Brown,Female,1991-04-20,Germany
10113,Harper,Allen,Male,1971-11-12,UK
10114,William,Anderson,Male,1998-01-06,Germany
10115,Ella,Smith,Female,1964-06-15,France
10116,Joseph,Clark,Female,1978-09-10,Germany
10117,Joseph,Smith,Male,1961-05-27,Singapore
10118,Isabella,Young,Male,1982-05-21,UK
10119,Emily,Lee,Male,1994-03-11,Canada
10120,Robert,Scott,Female,1967-08-28,UK
10121,Joseph,Allen,Male,1992-03-09,India
10122,Olivia,King,Female,1971-04-27,Australia
10123,Sophia,Scott,Male,1967-06-30,Singapore
10124,Emma,Scott,Female,1984-05-08,USA
10125,Joseph,Taylor,Female,1997-11-16,Australia
10126,Emily,Jackson,Female,1981-06-12,USA
10127,William,King,Male,1996-04-10,Japan
10128,Amelia,Wilson,Female,2001-06-08,Japan
10129,Ella,Brown,Female,1961-01-30,Brazil
10130,Michael,Brown,Female,1967-10-23,Australia
10131,Ella,Harris,Female,1986-02-05,Canada
10132,Emma,Lee,Male,2003-01-19,Brazil
10133,William,Lee,Female,1961-08-23,Japan
10134,Isabella,Wright,Male,1997-12-03,Canada
10135,William,Young,Male,1961-02-24,USA
10136,Isabella,Harris,Female,1970-09-25,Japan
10137,Joseph,Lewis,Male,1963-04-14,France
10138,Ella,Scott,Female,1971-10-22,UK
10139,Matthew,Thomas,Male,1992-10-06,Brazil
10140,Amelia,Thomas,Female,1969-08-12,Japan
10141,Emma,Clark,Male,1964-12-06,France
10142,James,Jackson,Female,1963-06-23,Germany
10143,Isabella,Jackson,Male,1996-10-29,Germany
10144,Joseph,Taylor,Male,1990-12-23,UK
10145,James,Anderson,Male,2002-09-10,France
10146,Sophia,Wilson,Female,1991-12-27,USA
10147,James,Martin,Male,1992-10-16,Japan
10148,Ella,Scott,Female,1988-12-19,Canada
10149,Joseph,Brown,Male,1966-02-12,France
10150,Emily,Wilson,Female,1979-11-01,France
10151,Mia,Harris,Female,1968-07-12,Germany
10152,Michael,Lee,Female,1992-01-28,Singapore
10153,Thomas,Thomas,Male,1971-05-19,USA
10154,Mia,Anderson,Male,1988-06-28,Australia
10155,Joseph,Clark,Male,1986-07-19,UK
10156,Harper,Martin,Male,1997-09-12,India
10157,Robert,Lewis,Female,1960-11-25,Brazil
10158,Mia,Hall,Female,1994-08-17,France
10159,William,Allen,Male,1963-12-02,Japan
10160,Isabella,Anderson,Female,1971-06-20,Germany
10161,Joseph,Anderson,Female,1967-12-12,Canada
10162,Robert,Young,Male,2000-08-29,Brazil
10163,John,Harris,Female,2000-11-28,USA
10164,Emily,Hall,Female,1986-11-06,UK
10165,William,Martin,Male,1995-02-23,France
10166,Thomas,White,Female,1966-07-13,Germany
10167,James,Young,Male,1993-11-30,Japan
10168,Isabella,Allen,Male,1962-10-12,Australia
10169,William,Young,Male,1992-09-02,India
10170,Mia,Brown,Female,1981-03-26,UK
10171,Mia,Wright,Female,1988-10-09,Australia
10172,Ava,Jackson,Male,1971-07-20,USA
10173,Amelia,Young,Male,1986-03-18,France
10174,Robert,Jackson,Male,1964-08-20,USA
10175,Emily,King,Female,1998-02-06,UK
10176,Thomas,Allen,Male,1969-04-05,France
10177,Ella,Scott,Female,1983-08-17,Japan
10178,James,Brown,Male,1997-11-26,USA
10179,Ella,King,Female,1968-11-01,India
10180,Ella,Anderson,Male,1977-07-26,Brazil
10181,Isabella,King,Male,1973-11-25,Japan
10182,Isabella,Scott,Female,2002-03-07,Australia
10183,Thomas,Lewis,Female,1997-09-28,Singapore
10184,John,Walker,Female,1993-01-19,Brazil
10185,Matthew,Allen,Female,1968-02-14,Canada
10186,Emma,Scott,Female,1974-06-07,Brazil
10187,John,Anderson,Male,1983-08-27,Germany
10188,Amelia,Wilson,Female,1964-10-09,France
10189,Emma,Brown,Male,1969-07-23,Canada
10190,Isabella,Taylor,Male,1986-11-28,India
10191,Joseph,Anderson,Female,1968-11-19,India
10192,Robert,Wilson,Male,1973-12-15,Brazil
10193,Amelia,Wilson,Male,1966-08-01,Brazil
10194,Mia,King,Female,1975-07-13,Singapore
10195,Daniel,Harris,Male,1964-04-03,UK
10196,Michael,Clark,Female,1993-11-14,Germany
10197,Thomas,Anderson,Male,1987-09-24,Australia
10198,Ella,Martin,Male,1981-02-14,India
10199,John,Walker,Male,1962-04-18,Germany
10200,Thomas,Clark,Female,2001-05-22,Canada
10201,Matthew,Wright,Male,1960-12-13,Singapore
10202,Michael,Martin,Male,1999-08-07,Brazil
10203,William,Hall,Male,1973-01-09,UK
10204,David,Martin,Male,1972-11-04,Canada
10205,Matthew,Wilson,Male,1993-06-01,Brazil
10206,Ava,Young,Male,1993-12-20,USA
10207,Sophia,Lee,Male,1995-01-07,Japan
10208,Harper,King,Male,1995-06-18,UK
10209,Ella,Lee,Male,1995-09-05,Brazil
10210,Ella,Allen,Male,1960-10-07,Singapore
10211,Mia,Allen,Female,1969-02-03,Canada
10212,John,Lee,Male,1995-03-01,Singapore
10213,Harper,Young,Male,1997-12-02,Canada
10214,Joseph,Anderson,Female,1982-02-04,UK
10215,Mia,King,Female,1977-02-08,India
10216,Matthew,Smith,Female,1969-05-07,Germany
10217,Ava,White,Male,1992-09-15,Canada
10218,John,Wright,Male,1997-10-03,USA
10219,Isabella,Allen,Male,1993-01-09,India
10220,Joseph,Scott,Female,2000-07-03,Germany
10221,William,Young,Male,1988-11-08,Japan
10222,Matthew,Scott,Female,1975-06-18,Canada
10223,Ella,King,Male,1992-09-19,France
10224,Sophia,Taylor,Male,1982-09-01,Brazil
10225,John,White,Male,1973-08-31,Singapore
10226,Isabella,Scott,Female,1968-12-26,UK
10227,Robert,Lee,Female,1977-04-05,France
10228,Daniel,Wilson,Male,1995-11-05,Singapore
10229,Mia,Scott,Male,1977-10-25,France
10230,Robert,Clark,Female,1960-04-11,USA
10231,William,King,Female,1963-03-08,Australia
10232,Matthew,Taylor,Female,1975-11-14,Brazil
10233,Emma,Thomas,Male,1995-01-17,UK
10234,David,Allen,Female,1977-08-18,Canada
10235,Ella,Hall,Male,1985-09-20,Singapore
10236,Daniel,Martin,Male,1995-03-15,France
10237,Ella,Taylor,Male,1970-08-26,Japan
10238,James,Harris,Female,1972-03-28,UK
10239,Emma,Anderson,Male,1960-01-29,Germany
10240,Amelia,Taylor,Female,1962-09-29,UK
10241,Olivia,Young,Male,1979-11-13,USA
10242,Thomas,Jackson,Male,1967-10-17,Japan
10243,James,Thomas,Male,1986-08-13,France
10244,Ella,Wright,Female,1990-04-27,India
10245,Thomas,Hall,Female,1992-04-02,Australia
10246,Ava,Lee,Male,2002-03-22,India
10247,William,Anderson,Male,1982-11-30,France
10248,Harper,Lewis,Female,1968-11-07,USA
10249,Matthew,Scott,Male,1990-09-30,France
10250,Robert,Lewis,Male,2002-07-18,Brazil
10251,John,Young,Female,1999-03-10,Australia
10252,Daniel,Wright,Female,2003-04-08,India
10253,Amelia,White,Male,1972-05-01,Singapore
10254,Olivia,Brown,Female,1976-07-27,Japan
10255,Ava,Hall,Female,1981-06-10,UK
10256,Michael,Young,Male,1980-02-11,Japan
10257,Olivia,Lewis,Female,1978-09-12,UK
10258,Emma,Hall,Male,1996-11-06,USA
10259,Sophia,Smith,Female,1988-08-07,Germany
10260,Robert,Jackson,Female,1999-10-07,Germany
10261,Sophia,Taylor,Male,1963-10-08,Singapore
10262,Sophia,Jackson,Female,1976-12-10,UK
10263,Robert,Anderson,Female,1988-04-11,Singapore
10264,Thomas,Wright,Female,1986-07-05,India
10265,Michael,Lee,Male,1971-06-21,India
10266,Emma,Scott,Male,1995-07-24,India
10267,Ava,Thomas,Male,1975-08-11,UK
10268,Mia,Harris,Female,2001-03-01,Canada
10269,Ella,Jackson,Female,1984-05-05,Singapore
10270,Emily,Walker,Male,1962-01-07,USA
10271,Michael,Young,Male,1986-08-27,USA
10272,Isabella,Clark,Female,1985-03-10,Brazil
10273,Ella,King,Male,1977-01-11,Japan
10274,Ava,Young,Female,2000-11-26,USA
10275,Matthew,Allen,Male,1993-12-28,USA
10276,Mia,Scott,Male,1964-10-30,Canada
10277,Robert,Anderson,Female,1993-12-13,Australia
10278,Emily,Smith,Female,1979-04-27,UK
10279,Olivia,Harris,Male,1974-11-01,Germany
10280,Olivia,Smith,Male,1961-01-06,USA
10281,Ava,Clark,Male,1969-08-28,Brazil
10282,David,Jackson,Male,1960-08-20,Japan
10283,Joseph,Young,Male,1988-07-13,USA
10284,Olivia,Thomas,Female,1980-04-10,USA
10285,Joseph,Harris,Male,1988-05-25,Canada
10286,Sophia,Harris,Male,1997-02-20,Germany
10287,John,King,Male,1973-12-15,UK
10288,Joseph,Lee,Female,2002-02-11,Japan
10289,Emma,Walker,Female,1965-08-31,Australia
10290,Mia,Wright,Male,1992-12-18,India
10291,Matthew,Taylor,Female,1998-07-30,Japan
10292,Michael,Wilson,Female,1966-06-16,Canada
10293,Daniel,White,Female,1969-07-24,Singapore
10294,Amelia,Scott,Male,1962-10-08,UK
10295,Thomas,Scott,Female,1988-12-26,India
10296,Thomas,Harris,Male,1988-08-08,Germany
10297,David,Young,Male,1966-01-19,Brazil
10298,Michael,Clark,Male,1981-10-02,Brazil
10299,Amelia,Wilson,Male,1987-03-28,Canada
10300,Daniel,Smith,Female,1972-09-28,Singapore
10301,Robert,Martin,Female,1985-02-07,Japan
10302,David,Wright,Male,1989-12-06,India
10303,William,Lee,Male,1974-01-04,India
10304,Olivia,Smith,Female,2000-09-19,India
10305,Matthew,Young,Female,1979-08-07,USA
10306,William,Allen,Female,1996-11-03,Japan
10307,Isabella,Scott,Female,1985-03-13,Germany
10308,Ella,Young,Female,1996-01-28,Japan
10309,Olivia,Scott,Female,1990-12-16,France
10310,Sophia,Wright,Male,1972-07-07,Singapore
10311,Emily,Taylor,Female,1989-12-19,Australia
10312,Emily,Smith,Female,1986-11-25,Canada
10313,Ella,Martin,Female,1999-04-01,India
10314,John,Thomas,Female,1964-02-15,India
10315,Amelia,Clark,Female,1960-07-04,France
10316,Ella,Taylor,Male,1983-01-15,USA
10317,John,Anderson,Female,1972-11-27,USA
10318,Joseph,King,Female,1964-05-07,Japan
10319,John,Lewis,Male,1994-05-05,Australia
10320,Harper,Thomas,Female,1972-06-21,Singapore
10321,Thomas,Anderson,Male,1963-11-13,Germany
10322,Daniel,Martin,Male,2003-08-02,Canada
10323,Ella,Smith,Male,1988-08-27,Australia
10324,Robert,White,Male,1974-12-03,Japan
10325,Robert,Jackson,Male,1970-09-18,Australia
10326,James,Harris,Female,1966-09-01,USA
10327,Michael,Wright,Male,1992-07-12,Singapore
10328,Michael,Wright,Female,1999-03-28,Japan
10329,Ella,Thomas,Male,1994-11-08,USA
10330,James,Allen,Female,1977-12-27,Japan
10331,Amelia,Lee,Female,1981-04-16,France
10332,Harper,Thomas,Female,1999-08-25,Singapore
10333,Joseph,Walker,Male,1985-06-20,Australia
10334,Joseph,Walker,Female,1988-09-12,Japan
10335,Emma,Taylor,Male,1970-08-03,Australia
10336,Emma,Lewis,Male,1988-12-24,Canada
10337,Amelia,White,Female,1988-06-14,Japan
10338,David,Young,Male,1983-10-30,Brazil
10339,William,Thomas,Male,1975-03-15,Australia
10340,Harper,Allen,Male,1970-06-04,India
10341,Mia,King,Female,1999-07-05,Canada
10342,Ella,Young,Male,1999-09-26,Australia
10343,Olivia,Thomas,Female,1974-04-24,UK
10344,James,Taylor,Female,1960-06-21,UK
10345,William,Jackson,Male,1973-03-31,Brazil
10346,James,Smith,Female,1962-12-15,France
10347,Robert,Martin,Female,1969-10-20,India
10348,Thomas,Walker,Female,1965-06-26,USA
10349,Mia,Lee,Male,1988-06-15,India
10350,Matthew,Anderson,Male,1985-08-12,Germany
10351,Thomas,Taylor,Female,1996-03-06,Germany
10352,John,Lee,Female,2003-08-02,Australia
10353,Matthew,Allen,Female,2001-01-23,Brazil
10354,Ella,Lee,Female,1965-10-01,Canada
10355,Robert,Thomas,Male,1996-08-16,France
10356,Michael,Wright,Female,1993-08-31,Brazil
10357,Matthew,Young,Female,1989-01-05,France
10358,Thomas,White,Male,1990-12-23,France
10359,Isabella,Lee,Male,1970-04-10,Singapore
10360,Emily,Hall,Male,1962-09-20,France
10361,Matthew,Harris,Female,1988-03-31,India
10362,James,Walker,Male,1960-03-23,UK
10363,Emily,Scott,Female,1971-02-12,France
10364,Isabella,Walker,Male,1971-04-19,Australia
10365,Mia,White,Male,2001-07-06,France
10366,Olivia,Thomas,Male,1982-06-05,Australia
10367,Emily,Jackson,Male,1998-03-07,Germany
10368,Robert,Scott,Female,1992-02-11,USA
10369,Matthew,Brown,Male,1996-05-12,Singapore
10370,Michael,Clark,Female,2002-05-08,Germany
10371,Daniel,Lewis,Male,1999-09-07,Singapore
10372,David,Walker,Male,2001-04-29,France
10373,Robert,Lewis,Male,1993-07-11,Australia
10374,James,Smith,Male,1967-09-23,Australia
10375,Robert,Lee,Male,1994-07-17,Canada
10376,Matthew,Allen,Female,1990-02-18,Singapore
10377,Emily,Wright,Female,1979-04-27,UK
10378,Ella,Wilson,Male,1996-03-26,France
10379,Sophia,Lee,Female,1998-08-22,USA
10380,Harper,Brown,Male,1978-04-24,Japan
10381,Matthew,Scott,Male,1977-11-10,Singapore
10382,Mia,Wilson,Male,1994-04-06,Singapore
10383,David,Lee,Male,1978-12-02,Brazil
10384,Emma,Anderson,Male,1973-08-27,Japan
10385,Matthew,Scott,Female,1989-01-28,Brazil
10386,Harper,Thomas,Female,1987-07-29,Australia
10387,John,Jackson,Female,1981-06-26,USA
10388,Joseph,Lee,Male,1980-12-04,UK
10389,David,King,Male,1970-09-04,Japan
10390,Robert,Taylor,Male,1989-08-08,Brazil
10391,Emma,Lee,Male,1960-09-02,Germany
10392,Emma,King,Male,1984-04-09,France
10393,Mia,King,Female,1999-04-29,USA
10394,Joseph,Young,Male,1995-05-15,UK
10395,Amelia,Wright,Female,1993-11-20,India
10396,Mia,Young,Male,1997-06-04,Germany
10397,Daniel,Wright,Female,1973-02-21,Germany
10398,Isabella,Wright,Female,1997-06-13,India
10399,Daniel,Martin,Female,1966-08-30,France
10400,Michael,Lee,Male,1976-11-01,India
10401,Amelia,King,Female,1965-03-03,France
10402,John,Wilson,Female,1983-08-08,USA
10403,Robert,Hall,Female,1995-06-12,France
10404,Robert,Young,Male,1988-08-27,UK
10405,Mia,Wilson,Female,1996-04-08,Brazil
10406,Robert,King,Female,1964-05-25,Brazil
10407,William,Smith,Female,1972-01-03,Australia
10408,Emily,Hall,Female,1967-03-11,France
10409,Sophia,Young,Female,1978-09-02,Canada
10410,William,Young,Male,1983-11-11,UK
10411,Sophia,Scott,Male,1997-05-18,France
10412,James,Harris,Male,1975-07-31,Singapore
10413,Robert,Lewis,Male,1962-02-09,Brazil
10414,Ella,Martin,Male,2000-03-27,UK
10415,Joseph,Harris,Male,1992-12-18,UK
10416,Thomas,Wright,Female,1961-02-07,Japan
10417,Harper,White,Male,1967-05-01,UK
10418,Daniel,Brown,Female,1998-08-04,Canada
10419,Ella,Harris,Female,1993-12-02,India
10420,Emma,Jackson,Male,1972-09-27,USA
10421,Sophia,Thomas,Female,1986-05-21,USA
10422,David,Allen,Male,1966-03-09,UK
10423,Isabella,Taylor,Male,1993-06-27,Canada
10424,Joseph,Lewis,Male,2002-02-10,India
10425,Daniel,Wilson,Female,1986-04-10,Japan
10426,William,Scott,Male,1974-09-16,Singapore
10427,Joseph,Allen,Female,2002-02-03,Singapore
10428,Olivia,Smith,Male,1997-03-24,France
10429,David,Allen,Female,1962-09-27,USA
10430,Matthew,Scott,Female,1978-08-07,Germany
10431,William,Lee,Female,1982-12-05,Canada
10432,James,Wright,Female,1991-12-01,USA
10433,Isabella,Taylor,Female,1992-07-07,Germany
10434,Sophia,Allen,Female,2002-09-26,UK
10435,Daniel,Clark,Female,1969-09-17,Germany
10436,William,Martin,Female,1965-06-20,USA
10437,Sophia,Lee,Male,2001-10-20,Australia
10438,Olivia,Anderson,Female,2001-03-22,Singapore
10439,Joseph,Wilson,Female,1982-03-02,Japan
10440,William,Anderson,Male,1983-03-19,France
10441,Emily,Wilson,Female,1965-12-16,Japan
10442,David,King,Female,1982-06-17,France
10443,Daniel,Lee,Male,1983-08-09,Germany
10444,Ella,Lee,Male,1961-08-10,Brazil
10445,Michael,King,Male,1986-03-17,USA
10446,David,Clark,Female,1992-09-30,Singapore
10447,Sophia,Martin,Male,1976-09-14,Brazil
10448,Joseph,Allen,Female,1973-01-06,France
10449,Daniel,Hall,Male,1988-03-30,Germany
10450,Robert,Wright,Female,1976-05-01,Brazil
10451,Olivia,Hall,Female,1998-08-24,India
10452,Mia,White,Male,1999-06-11,Brazil
10453,Matthew,Clark,Female,1986-12-22,Singapore
10454,David,Harris,Female,1999-02-26,Singapore
10455,Sophia,Lee,Male,1971-06-06,Canada
10456,Emily,Harris,Female,1997-04-01,India
10457,John,Wilson,Female,1964-01-26,Brazil
10458,Harper,Allen,Female,1998-10-19,USA
10459,Isabella,White,Male,1988-03-21,UK
10460,Harper,Taylor,Female,1968-07-30,UK
10461,Isabella,Clark,Female,1989-07-01,Australia
10462,Robert,Thomas,Female,1964-04-16,Singapore
10463,James,Harris,Male,1981-11-03,USA
10464,Isabella,Jackson,Male,1991-04-30,Brazil
10465,James,Taylor,Male,1998-05-17,Australia
10466,Robert,Smith,Male,1978-06-12,India
10467,William,Brown,Male,1984-09-03,France
10468,Olivia,Brown,Male,1963-07-16,Japan
10469,Joseph,Thomas,Male,1990-10-18,France
10470,Emma,Harris,Male,1993-01-26,Japan
10471,Amelia,Allen,Male,1987-09-11,UK
10472,Emily,Young,Male,1995-10-03,France
10473,Emma,Brown,Female,1988-01-15,Brazil
10474,Robert,Walker,Male,1978-04-08,Australia
10475,Emma,Anderson,Female,1972-07-31,Japan
10476,Amelia,Lewis,Female,1967-06-25,Germany
10477,Daniel,White,Female,2000-10-30,USA
10478,William,Smith,Male,1989-04-13,India
10479,Emily,Smith,Female,1998-01-11,Singapore
10480,Mia,Anderson,Male,2002-07-15,Brazil
10481,David,Martin,Female,1986-03-18,Brazil
10482,Michael,King,Male,2000-06-11,Japan
10483,James,Brown,Female,1995-03-11,Germany
10484,Ella,Lee,Male,1981-06-13,India
10485,Emily,Lee,Male,1970-12-08,Australia
10486,Matthew,Thomas,Female,1987-10-09,Brazil
10487,Ava,Clark,Female,1967-08-29,Australia
10488,Emily,Jackson,Male,1976-03-06,Brazil
10489,Ava,Brown,Male,1969-09-28,Canada
10490,Amelia,Lee,Male,1989-11-08,Australia
10491,Ava,Harris,Female,1986-04-29,USA
10492,Isabella,Lee,Female,1981-07-15,Singapore
10493,Ava,Wright,Female,1991-03-05,Singapore
10494,John,Hall,Male,1973-04-05,Brazil
10495,Harper,Wright,Male,1968-06-15,USA
10496,Harper,Harris,Male,1978-01-05,Germany
10497,Mia,Allen,Male,1995-07-21,USA
10498,Thomas,Wright,Female,2002-01-25,Singapore
10499,Ella,Brown,Male,1989-07-07,USA
10500,Joseph,Smith,Male,1992-01-23,Canada
10501,Emma,Martin,Male,1987-05-04,Germany
10502,Ava,Taylor,Female,1972-05-06,Australia
10503,James,Smith,Male,1979-09-06,Japan
10504,Daniel,Jackson,Female,2003-05-20,Australia
10505,Olivia,Brown,Female,1983-02-05,France
10506,Isabella,Anderson,Female,1973-01-07,Japan
10507,Amelia,Young,Female,1993-01-24,Singapore
10508,Michael,Wright,Female,1992-04-24,Canada
10509,Amelia,Harris,Male,2002-12-02,Singapore
10510,William,Walker,Male,1968-01-10,Brazil
10511,Amelia,Hall,Male,1966-12-19,UK
10512,Amelia,King,Female,2001-06-14,France
10513,Mia,Clark,Male,1994-08-23,India
10514,Harper,Allen,Male,1985-07-18,France
10515,Emma,King,Male,1966-09-25,Canada
10516,David,Walker,Male,1967-07-23,USA
10517,Emily,Young,Male,1985-11-01,India
10518,Michael,Smith,Male,1982-10-28,Australia
10519,Michael,Walker,Male,1987-06-19,UK
10520,Olivia,Harris,Female,1967-05-07,Canada
10521,William,Young,Male,1983-11-26,Japan
10522,James,Lee,Male,1964-10-31,India
10523,Michael,Young,Male,1988-06-10,France
10524,William,Young,Female,1966-07-08,Singapore
10525,Emily,Clark,Male,1981-03-21,Singapore
10526,Harper,Jackson,Female,1964-12-16,Japan
10527,Daniel,Anderson,Female,1995-08-04,Japan
10528,John,Jackson,Male,1973-09-09,Australia
10529,Michael,Young,Female,1976-02-03,UK
10530,Sophia,Wright,Female,1984-11-03,Brazil
10531,John,Taylor,Male,1983-05-15,USA
10532,William,Smith,Male,1981-08-16,USA
10533,James,Young,Male,1976-11-05,France
10534,Emma,Young,Male,1963-07-07,Japan
10535,Matthew,White,Male,1987-03-03,Germany
10536,Olivia,Martin,Female,2003-09-26,USA
10537,Isabella,King,Male,1962-01-11,Canada
10538,William,Taylor,Female,1973-04-03,Brazil
10539,Harper,Lewis,Male,1995-08-27,Brazil
10540,Isabella,Young,Female,1969-11-15,India
10541,Olivia,Lewis,Male,1991-04-06,Singapore
10542,Olivia,Clark,Female,1992-09-27,France
10543,William,Allen,Male,1989-10-16,UK
10544,Joseph,Brown,Male,1970-07-27,Japan
10545,John,Smith,Male,1960-04-29,Australia
10546,Ava,Jackson,Female,1972-04-12,USA
10547,Michael,Lewis,Male,1976-09-14,UK
10548,Harper,Clark,Female,2003-03-11,France
10549,John,Harris,Male,1979-08-11,Germany
10550,Matthew,White,Male,1994-02-08,Brazil
10551,Harper,Clark,Female,1992-07-08,Japan
10552,Sophia,White,Female,1975-09-08,India
10553,Robert,Taylor,Male,1969-03-11,India
10554,Sophia,Clark,Male,1973-04-24,Singapore
10555,Emily,Smith,Female,1978-02-02,Canada
10556,Daniel,Wilson,Male,1986-01-01,India
10557,Joseph,Harris,Male,1992-09-25,Singapore
10558,Matthew,Anderson,Female,1968-10-08,Germany
10559,Olivia,Harris,Female,1985-10-28,Japan
10560,Emma,Walker,Male,1975-05-04,USA
10561,Sophia,Young,Female,1970-03-26,Brazil
10562,John,Young,Female,1962-09-14,USA
10563,Emily,Wilson,Male,1999-06-03,Canada
10564,Joseph,Smith,Male,1963-08-12,Australia
10565,Emily,Smith,Male,1981-10-15,France
10566,Ava,Scott,Male,2003-03-27,India
10567,Ella,Young,Female,1978-03-18,India
10568,Ava,Lewis,Male,1966-11-09,UK
10569,Sophia,Clark,Male,1990-01-02,Germany
10570,Michael,Thomas,Female,1971-12-26,India
10571,Amelia,Allen,Male,2000-05-25,UK
10572,David,Clark,Female,1992-01-16,Canada
10573,Robert,Anderson,Female,1993-05-31,UK
10574,William,White,Female,1983-06-30,Australia
10575,Daniel,Allen,Female,1974-01-12,USA
10576,Emma,King,Female,1976-11-24,Japan
10577,Harper,Anderson,Male,1985-11-21,Japan
10578,Isabella,Jackson,Male,1980-04-11,Japan
10579,Isabella,Scott,Female,1985-08-22,Singapore
10580,Matthew,King,Male,1983-02-26,Singapore
10581,Emily,Harris,Female,1993-06-06,Canada
10582,John,Brown,Male,1966-07-22,Singapore
10583,Ella,Jackson,Female,1995-06-20,Japan
10584,Harper,Smith,Male,1972-10-18,Germany
10585,William,Young,Female,1996-10-31,Canada
10586,Michael,Clark,Male,1994-08-07,USA
10587,James,Anderson,Male,2001-12-01,UK
10588,Daniel,Anderson,Male,1974-02-24,Australia
10589,William,Jackson,Male,1970-03-18,Singapore
10590,James,Brown,Female,1967-02-05,Australia
10591,Emily,Anderson,Male,1965-12-14,Singapore
10592,Emily,Smith,Female,1975-01-12,Singapore
10593,David,Anderson,Female,1976-01-04,Singapore
10594,Amelia,Taylor,Male,1988-01-03,Germany
10595,Mia,Wright,Female,1983-10-09,Canada
10596,Thomas,Scott,Female,1987-06-29,Germany
10597,Harper,Hall,Male,2000-11-01,Australia
10598,Ava,Thomas,Male,2002-01-10,Australia
10599,Ella,Harris,Male,1969-02-02,Brazil
10600,David,Smith,Male,1969-11-15,India
10601,Ava,Harris,Male,1991-04-07,Australia
10602,Emma,Taylor,Female,1992-06-19,Singapore
10603,John,Thomas,Female,1982-07-14,Germany
10604,Ella,Martin,Female,1969-09-26,UK
10605,Ella,Anderson,Male,1984-01-03,Germany
10606,Sophia,Clark,Female,1967-01-07,USA
10607,Harper,Thomas,Male,2000-05-21,Japan
10608,Michael,Harris,Male,1990-09-24,Brazil
10609,James,Wright,Female,2000-03-26,Japan
10610,Robert,Walker,Male,1974-07-30,UK
10611,Thomas,Wilson,Male,1964-09-19,UK
10612,Sophia,Clark,Female,1977-04-26,Japan
10613,Joseph,Scott,Male,1963-05-20,Germany
10614,Mia,Young,Male,1999-05-19,Canada
10615,Ava,Clark,Male,1964-12-12,India
10616,Daniel,Lee,Male,1975-08-04,France
10617,Emma,Lee,Male,1964-07-29,Brazil
10618,Robert,White,Female,2000-02-24,India
10619,Sophia,Young,Male,1995-08-22,Canada
10620,Olivia,Allen,Female,2000-11-22,Brazil
10621,Harper,Jackson,Male,1962-08-12,Singapore
10622,Harper,Lee,Female,1971-04-18,Germany
10623,Sophia,Lewis,Female,1992-04-24,USA
10624,William,Young,Male,1988-03-06,France
10625,Robert,Anderson,Female,1964-03-09,Canada
10626,John,Lee,Female,1981-05-23,France
10627,Robert,Wright,Female,1991-11-16,Australia
10628,Olivia,Smith,Female,1990-11-01,Japan
10629,Ava,Young,Female,1983-07-21,France
10630,Matthew,Martin,Male,1998-12-23,Japan
10631,James,Young,Female,1980-08-04,Japan
10632,Thomas,Clark,Male,1987-08-04,Canada
10633,Matthew,White,Male,1989-09-18,UK
10634,Harper,Jackson,Male,2000-07-05,India
10635,Michael,Scott,Female,1974-07-31,Singapore
10636,Emily,Hall,Male,1991-11-16,UK
10637,Emily,Thomas,Female,1964-05-30,India
10638,William,Martin,Male,1977-12-22,Canada
10639,Isabella,Smith,Female,1990-03-22,Germany
10640,Harper,Smith,Male,1977-01-30,Japan
10641,David,Walker,Male,1997-12-27,France
10642,Isabella,Anderson,Female,1979-05-19,UK
10643,Matthew,Allen,Male,1975-05-07,USA
10644,Mia,Martin,Male,2000-03-09,France
10645,Emily,Walker,Male,1983-03-25,Canada
10646,John,Smith,Female,1963-11-10,Canada
10647,David,Walker,Female,1977-07-20,Japan
10648,Sophia,Allen,Male,1982-07-31,Singapore
10649,James,Wright,Male,1985-02-05,Singapore
10650,John,Wilson,Male,1993-08-12,USA
10651,Robert,Lewis,Female,1960-05-28,France
10652,Emily,Harris,Female,1977-05-29,Japan
10653,Olivia,Clark,Female,2002-10-29,Germany
10654,Thomas,Taylor,Female,1976-11-20,Australia
10655,Emma,Lewis,Male,1984-10-24,USA
10656,Daniel,Wilson,Female,1994-02-10,Singapore
10657,Sophia,Brown,Male,1997-09-15,India
10658,Joseph,Lee,Female,1983-07-29,Japan
10659,Ella,Hall,Female,1991-03-19,Singapore
10660,Harper,Allen,Female,1968-03-05,Germany
10661,Harper,Jackson,Female,1981-08-14,Australia
10662,David,Walker,Male,1994-08-10,Australia
10663,Ava,Martin,Male,2001-09-20,Singapore
10664,Thomas,Martin,Male,1993-07-30,Germany
10665,Harper,Harris,Male,1986-10-03,USA
10666,Joseph,Clark,Male,1970-12-18,France
10667,Emma,Wright,Female,1960-05-01,Australia
10668,David,Wright,Female,1973-04-09,Germany
10669,Robert,Lee,Male,1978-05-28,Australia
10670,Robert,Anderson,Male,1960-02-19,Singapore
10671,Amelia,Thomas,Male,1961-11-21,Germany
10672,Mia,Clark,Female,1990-06-06,France
10673,Robert,Wright,Male,1996-08-06,USA
10674,Ella,Jackson,Male,1976-08-22,USA
10675,Sophia,Anderson,Male,1976-03-22,Australia
10676,Harper,Lewis,Female,1996-08-02,Germany
10677,Emma,Walker,Female,2003-01-18,UK
10678,David,Lewis,Male,2000-10-26,Australia
10679,Emily,Lee,Male,1966-07-29,Australia
10680,Matthew,Wright,Male,1974-05-31,UK
10681,Joseph,Scott,Male,1995-03-19,Japan
10682,Robert,Young,Male,1996-05-16,Brazil
10683,Ava,White,Male,2001-02-21,France
10684,Ava,Allen,Male,1981-09-22,Japan
10685,Olivia,King,Female,1980-06-17,UK
10686,Matthew,Brown,Female,1960-08-03,Canada
10687,William,King,Male,1978-04-03,Brazil
10688,Harper,Hall,Male,2003-04-15,Canada
10689,James,Allen,Female,1972-01-24,France
10690,Mia,Martin,Male,1985-07-31,Singapore
10691,James,Clark,Male,1973-10-12,Germany
10692,Daniel,Harris,Male,1988-10-19,India
10693,John,Harris,Male,1991-10-20,Brazil
10694,Harper,Smith,Male,1966-05-21,Singapore
10695,Isabella,Clark,Male,1967-03-05,Brazil
10696,Ava,Walker,Male,1971-11-28,Singapore
10697,Sophia,Smith,Male,1983-08-16,Japan
10698,Mia,Smith,Male,1979-12-30,USA
10699,Daniel,Harris,Male,1987-10-16,India
10700,Michael,Clark,Male,1991-01-16,Germany
10701,David,Wright,Female,1986-08-25,Japan
10702,Ava,Scott,Female,1965-10-29,India
10703,Ava,Young,Female,1991-03-24,Germany
10704,David,Hall,Female,2001-12-29,France
10705,William,King,Female,1983-08-25,Canada
10706,Amelia,Young,Male,1988-10-14,Brazil
10707,Robert,King,Male,1965-03-02,India
10708,Olivia,Young,Female,1988-09-28,Singapore
10709,Daniel,White,Female,1984-08-10,India
10710,Sophia,Clark,Female,1992-12-16,UK
10711,Michael,Hall,Female,1995-07-08,India
10712,Harper,Allen,Male,1971-06-13,UK
10713,Robert,Martin,Female,1976-03-26,USA
10714,John,Young,Female,1981-03-02,Australia
10715,Ava,Thomas,Female,1990-10-18,Brazil
10716,Emma,Taylor,Female,1976-02-05,Canada
10717,Daniel,Lee,Male,2000-11-21,Canada
10718,Thomas,Scott,Male,1989-04-06,India
10719,Harper,Lee,Female,1963-02-22,Germany
10720,Michael,Walker,Male,1980-08-29,UK
10721,Matthew,Young,Male,1965-02-07,Brazil
10722,Ella,Young,Male,1974-12-07,France
10723,Sophia,Scott,Male,1965-05-30,France
10724,John,Walker,Male,1976-11-21,Germany
10725,Olivia,Smith,Female,2000-09-04,Singapore
10726,James,Smith,Female,1997-05-02,UK
10727,John,White,Male,1960-07-30,Germany
10728,David,Thomas,Female,1981-10-18,France
10729,Thomas,Brown,Female,1980-07-03,Brazil
10730,Sophia,King,Male,1967-05-07,Singapore
10731,Robert,Brown,Male,1985-10-04,USA
10732,Ava,Wright,Female,2001-04-20,Canada
10733,Emily,King,Female,1986-11-18,Brazil
10734,Ella,Martin,Female,1997-02-08,Singapore
10735,Emma,Lee,Female,1989-08-13,UK
10736,Ella,Lee,Male,1989-02-18,Japan
10737,Amelia,Martin,Male,1996-03-18,Singapore
10738,Amelia,Lewis,Female,1998-10-05,Canada
10739,John,Young,Male,1998-10-09,Canada
10740,Emily,Scott,Female,1972-10-24,Brazil
10741,James,Jackson,Female,1977-07-26,Canada
10742,Harper,White,Male,1968-12-03,Japan
10743,Robert,Smith,Female,1966-09-07,Japan
10744,Sophia,Scott,Male,1981-12-30,Australia
10745,Harper,Lee,Female,1972-02-27,Germany
10746,Ella,White,Female,1970-01-02,Australia
10747,Emily,Jackson,Male,1970-06-19,Canada
10748,William,Taylor,Female,1963-07-21,Japan
10749,William,Allen,Female,1982-08-11,Canada
10750,Thomas,Hall,Male,1983-08-28,Germany
10751,Joseph,King,Male,1996-08-14,India
10752,John,White,Male,1971-09-01,Japan
10753,William,Taylor,Female,1975-02-12,Germany
10754,Robert,King,Male,1985-11-11,USA
10755,Ava,Lewis,Female,1965-11-21,Canada
10756,Amelia,Walker,Male,1998-01-15,Australia
10757,Daniel,Wilson,Female,1979-05-22,Australia
10758,James,Harris,Female,1994-04-19,Brazil
10759,Thomas,Scott,Male,2000-10-04,Singapore
10760,Sophia,King,Male,1996-10-22,Canada
10761,Thomas,Clark,Female,1987-06-01,Japan
10762,Thomas,Lee,Male,1996-08-16,France
10763,Joseph,Hall,Female,1967-03-22,UK
10764,Emma,Thomas,Female,2001-12-05,Brazil
10765,Thomas,Clark,Male,1992-06-30,Germany
10766,Ava,Scott,Female,2002-09-09,Australia
10767,Joseph,Taylor,Female,1991-04-21,France
10768,Emily,Wright,Male,1994-03-25,France
10769,John,Jackson,Male,1982-05-12,France
10770,Isabella,Harris,Male,1971-09-23,UK
10771,John,Wright,Male,1996-11-03,France
10772,John,Hall,Male,1978-05-09,Canada
10773,Matthew,Wilson,Female,1991-03-06,UK
10774,Thomas,Young,Male,1968-03-16,Canada
10775,Matthew,Young,Female,1973-03-07,USA
10776,Daniel,Smith,Female,1981-11-17,Japan
10777,John,Smith,Female,1993-04-06,Japan
10778,Emily,Lewis,Male,1963-06-27,USA
10779,Matthew,Scott,Female,1985-10-31,Brazil
10780,David,Lewis,Male,1984-01-24,Japan
10781,Matthew,Jackson,Female,1960-06-06,France
10782,Olivia,Wilson,Female,1981-02-18,Brazil
10783,Daniel,Young,Male,1965-12-19,Singapore
10784,Ella,Wilson,Female,1971-12-01,Germany
10785,Olivia,Wilson,Female,2000-02-03,Japan
10786,Michael,Young,Female,1995-06-29,Brazil
10787,Emily,Lewis,Female,1961-03-17,Germany
10788,Sophia,Allen,Male,1990-12-06,Japan
10789,Matthew,Anderson,Male,2001-03-22,Japan
10790,Isabella,Thomas,Male,1979-02-04,Canada
10791,Michael,Lee,Male,1995-06-16,Germany
10792,Ella,Wright,Female,1992-02-25,Brazil
10793,Matthew,Taylor,Female,1992-01-02,Australia
10794,Mia,Smith,Male,1963-04-02,Brazil
10795,Sophia,King,Female,1990-06-28,India
10796,Amelia,Brown,Female,1968-03-24,India
10797,Olivia,Lewis,Female,2001-03-20,USA
10798,Ava,Allen,Male,1963-02-08,USA
10799,Harper,Allen,Male,1991-05-07,Japan
10800,Daniel,Brown,Male,1984-10-10,Germany
10801,Amelia,Wright,Female,1988-01-13,UK
10802,Harper,Thomas,Female,1961-03-28,Singapore
10803,Michael,Martin,Female,1995-08-13,Brazil
10804,Amelia,Taylor,Female,1977-10-11,Germany
10805,Isabella,Lewis,Female,1968-09-23,Canada
10806,Emma,Thomas,Male,1965-09-20,UK
10807,John,Allen,Female,1962-11-23,Canada
10808,Emily,King,Female,1984-06-23,USA
10809,Isabella,Scott,Male,2002-09-11,Canada
10810,Thomas,Lewis,Male,1960-11-27,Germany
10811,Emily,Allen,Female,1980-06-27,Japan
10812,Ella,Young,Male,1983-02-09,Japan
10813,Daniel,Martin,Female,1988-10-12,Singapore
10814,Daniel,Jackson,Female,1982-01-31,India
10815,Joseph,Taylor,Female,1964-11-07,Germany
10816,Emily,Hall,Female,1993-10-17,Japan
10817,Ava,Scott,Female,2002-03-27,Japan
10818,Ella,Brown,Female,1988-06-26,Canada
10819,Daniel,Thomas,Female,1991-06-11,Germany
10820,Ella,Clark,Male,1973-07-02,Germany
10821,Ava,Wilson,Male,1980-04-24,India
10822,Michael,Harris,Female,1991-04-09,India
10823,Joseph,Martin,Male,1974-06-03,Australia
10824,Olivia,Clark,Male,1969-06-16,Canada
10825,Isabella,King,Male,1973-06-19,India
10826,David,Allen,Female,2003-04-02,France
10827,Michael,King,Male,1991-10-10,UK
10828,Michael,Clark,Female,1986-08-25,UK
10829,Mia,Taylor,Male,1969-04-11,India
10830,Michael,Clark,Female,1973-04-01,Japan
10831,Emma,Allen,Female,1974-04-20,Germany
10832,Matthew,Jackson,Female,1983-08-17,Japan
10833,Mia,Wilson,Male,1970-10-03,Australia
10834,Ella,King,Male,1965-06-05,Germany
10835,Michael,King,Male,1974-11-20,Germany
10836,Michael,Clark,Female,1983-09-07,India
10837,Michael,King,Male,1970-11-08,India
10838,John,Lee,Female,1994-01-13,USA
10839,Joseph,Lewis,Female,1978-10-25,Brazil
10840,Emma,Lee,Male,1961-11-07,Brazil
10841,John,Thomas,Female,1980-06-18,UK
10842,Matthew,Harris,Female,1968-05-11,UK
10843,David,Martin,Male,1971-08-12,Japan
10844,Ava,Jackson,Female,1967-06-10,Japan
10845,Thomas,Harris,Male,1972-05-06,India
10846,Sophia,Allen,Female,1985-01-14,Brazil
10847,Emma,Taylor,Male,1968-11-24,USA
10848,Emily,Anderson,Male,1986-07-29,Singapore
10849,Ava,Martin,Female,1984-03-26,India
10850,Olivia,Thomas,Male,1976-08-28,UK
10851,Matthew,Wilson,Male,1970-07-19,USA
10852,Joseph,Lewis,Female,1970-01-30,Germany
10853,Thomas,Thomas,Male,1983-05-06,Germany
10854,Emma,Taylor,Male,1973-04-12,Japan
10855,Matthew,Scott,Male,1976-01-31,Brazil
10856,Harper,Walker,Male,2001-11-13,Germany
10857,Sophia,Martin,Male,1968-02-21,France
10858,David,Wright,Male,1990-04-22,Germany
10859,Joseph,Clark,Female,1963-08-04,Canada
10860,Matthew,Wright,Male,2002-04-11,USA
10861,Matthew,Scott,Male,1999-08-14,Canada
10862,Thomas,Thomas,Male,1979-02-11,Japan
10863,Robert,Clark,Male,1976-01-24,Australia
10864,Emma,Allen,Male,1991-02-16,Brazil
10865,John,Wright,Female,1992-12-27,USA
10866,Harper,Wilson,Male,1983-07-10,Singapore
10867,Michael,Brown,Male,1974-11-18,Singapore
10868,Ella,White,Female,1966-06-03,France
10869,John,Lewis,Female,1986-11-06,Germany
10870,Isabella,Smith,Female,1976-04-28,Germany
10871,Daniel,Anderson,Male,1978-09-27,France
10872,Thomas,Hall,Female,1983-10-16,Australia
10873,Ava,Clark,Female,1961-04-30,France
10874,Ava,Smith,Female,1986-12-02,France
10875,David,Harris,Male,1972-04-23,India
10876,Amelia,King,Female,1990-01-31,Germany
10877,David,Lewis,Female,1961-06-30,Singapore
10878,Thomas,Wright,Female,1989-02-15,Japan
10879,Ava,Allen,Male,2001-01-17,UK
10880,Emma,Wilson,Male,1998-02-02,India
10881,Ella,Thomas,Female,1967-12-10,France
10882,Emily,Young,Female,1991-04-25,Australia
10883,John,Smith,Male,1992-10-28,Japan
10884,Thomas,Wilson,Female,1972-07-07,UK
10885,Amelia,Anderson,Male,1960-06-12,India
10886,John,Jackson,Female,1977-04-22,Canada
10887,Joseph,Brown,Male,1998-05-12,UK
10888,Emily,Smith,Male,1965-01-26,Canada
10889,Robert,Thomas,Male,1967-09-01,Singapore
10890,Olivia,White,Female,1968-01-28,Singapore
10891,Joseph,Harris,Male,1979-10-15,UK
10892,Thomas,Lee,Male,1979-12-18,Singapore
10893,Thomas,White,Female,1990-10-07,Australia
10894,John,Martin,Female,1973-02-21,France
10895,William,Allen,Male,1989-12-05,Japan
10896,Isabella,Scott,Male,1982-08-15,Germany
10897,Harper,Jackson,Female,1990-12-22,France
10898,Amelia,Thomas,Female,1977-03-30,France
10899,Emily,Martin,Female,1991-11-10,UK
10900,Daniel,Wilson,Female,1977-11-05,USA
10901,Mia,Anderson,Male,2002-12-02,Brazil
10902,William,Harris,Female,1992-07-12,France
10903,Ava,Anderson,Male,1994-10-17,India
10904,Emma,Taylor,Female,2002-07-23,Brazil
10905,Harper,Brown,Female,1976-11-29,UK
10906,Ava,Taylor,Female,1978-02-05,France
10907,Michael,Smith,Female,1973-10-14,India
10908,Sophia,Thomas,Female,1960-07-10,India
10909,Isabella,Lewis,Male,1986-03-13,Australia
10910,Emily,Martin,Female,1964-08-30,Japan
10911,Emily,Anderson,Female,1964-04-20,India
10912,Robert,Smith,Male,1962-10-29,Japan
10913,Michael,Clark,Female,1977-11-13,Brazil
10914,Emma,Allen,Male,1972-05-19,France
10915,John,King,Female,1994-12-14,UK
10916,William,Anderson,Female,1960-11-26,India
10917,William,Taylor,Female,1990-10-31,Japan
10918,Amelia,Young,Male,1998-07-28,USA
10919,Ella,Anderson,Male,1966-05-15,Japan
10920,Amelia,Scott,Male,1961-08-07,UK
10921,Michael,Wilson,Female,1964-06-29,Japan
10922,Emily,Walker,Male,1993-08-09,Canada
10923,Ava,Taylor,Male,1965-12-01,Germany
10924,Matthew,Brown,Male,1975-05-05,India
10925,Emma,Thomas,Female,2000-08-04,Germany
10926,Mia,Wright,Female,1998-10-06,Brazil
10927,William,Jackson,Female,1968-08-25,France
10928,John,Lewis,Male,1967-07-04,Germany
10929,William,Hall,Female,1970-04-27,Germany
10930,William,Lewis,Male,1988-06-08,India
10931,Ava,Wilson,Female,1980-10-20,India
10932,Daniel,King,Male,1989-01-30,Australia
10933,John,Wilson,Male,1981-05-04,Japan
10934,Ava,Hall,Male,1982-11-24,UK
10935,Ella,Wright,Male,1998-06-03,Germany
10936,Isabella,Clark,Male,1984-02-23,Singapore
10937,Robert,Lewis,Male,1990-02-28,Canada
10938,James,White,Female,1994-11-15,India
10939,Daniel,Scott,Male,1996-03-07,Canada
10940,Emma,Anderson,Male,1987-01-26,Japan
10941,Sophia,Allen,Female,1974-12-27,Australia
10942,David,White,Male,1972-12-14,India
10943,Matthew,Scott,Female,1984-09-20,Brazil
10944,David,Young,Female,2002-01-13,USA
10945,Michael,Lee,Female,1984-04-04,USA
10946,William,Allen,Female,1977-05-10,UK
10947,Mia,Clark,Female,1990-03-11,India
10948,Sophia,Brown,Male,1984-02-05,Germany
10949,Michael,Walker,Female,1979-12-30,India
10950,James,Wright,Male,1985-09-05,Germany
10951,Joseph,Clark,Male,1973-03-20,Germany
10952,Michael,White,Female,2003-08-16,Singapore
10953,Daniel,Martin,Male,1971-10-17,Singapore
10954,Harper,Walker,Female,1994-11-25,Germany
10955,Amelia,Wilson,Female,1968-10-29,Canada
10956,John,Young,Male,1975-04-06,India
10957,Mia,Hall,Male,1961-05-17,France
10958,Matthew,Young,Female,1979-04-17,Germany
10959,James,Hall,Male,1973-04-24,Germany
10960,Ella,Thomas,Female,1993-10-08,Japan
10961,Ella,Taylor,Male,1982-09-02,Germany
10962,Ella,Allen,Female,1993-09-17,UK
10963,Emily,White,Female,1964-05-28,Brazil
10964,Joseph,Jackson,Male,1971-07-05,Japan
10965,Daniel,Taylor,Male,1970-11-03,UK
10966,Ava,White,Male,1970-10-09,Japan
10967,Sophia,Smith,Female,1991-02-16,UK
10968,Olivia,Anderson,Female,2000-03-14,UK
10969,Isabella,Harris,Female,2003-06-12,Australia
10970,Emma,Thomas,Male,1993-08-03,Canada
10971,Emma,Taylor,Male,1992-11-24,India
10972,Michael,Jackson,Female,1976-01-17,Australia
10973,Ella,Jackson,Male,1995-05-14,Australia
10974,Isabella,Young,Male,1992-06-18,Singapore
10975,Olivia,Walker,Female,2003-06-16,Australia
10976,Thomas,Clark,Male,2000-06-16,Singapore
10977,Harper,Thomas,Female,2000-03-31,Germany
10978,James,Allen,Female,2000-01-06,USA
10979,Emma,Lewis,Male,1963-10-05,UK
10980,Isabella,Thomas,Female,1967-11-02,Germany
10981,Olivia,Allen,Male,1982-05-30,Canada
10982,Joseph,Martin,Male,1979-01-13,Australia
10983,Robert,Taylor,Male,1973-08-25,Japan
10984,Michael,Lee,Female,1966-01-01,UK
10985,John,Hall,Male,1976-08-04,Brazil
10986,Isabella,Wright,Female,1960-01-05,Germany
10987,Emily,Harris,Male,1963-12-30,France
10988,Sophia,Young,Male,1996-04-04,India
10989,Matthew,Brown,Male,1996-09-08,Singapore
10990,David,Martin,Male,1988-10-24,UK
10991,Ava,Anderson,Female,1991-11-03,Germany
10992,David,Harris,Male,2000-08-18,Canada
10993,Robert,Wright,Male,1978-10-08,Australia
10994,Emma,Lewis,Female,1995-08-19,UK
10995,Amelia,Lee,Male,1982-09-07,Singapore
10996,Emily,Hall,Male,2002-05-24,Germany
10997,Emma,Harris,Female,1990-01-18,Germany
10998,Emily,Walker,Female,1970-11-04,Australia
10999,Thomas,Smith,Male,1973-01-15,Japan
11000,Thomas,Anderson,Female,1990-05-10,UK
